,ticker,tradeDate,real_return,market_value,pred
218,600241,2016-05-31,0.62254545,3110141375.0,0.29276475
630,600459,2016-05-31,0.57982692,4948137192.0,0.39517528
1000,600110,2016-05-31,0.47747748,7661078586.0,0.24277246
816,600069,2016-05-31,0.43165468,5208759093.0,0.31539303
503,600006,2016-05-31,0.41132169,12640000000.0,0.34881115
98,603936,2016-05-31,0.40738793,5577775500.0,0.28622076
197,603806,2016-05-31,0.38766286,15119220000.0,0.34414104
346,600667,2016-05-31,0.36605883,8720127876.0,0.25404716
102,600203,2016-05-31,0.34241245,4692276188.0,0.6325804
94,603199,2016-05-31,0.33038763,3955703200.0,0.506783
295,603678,2016-05-31,0.32441355,9576320000.0,0.3860348
389,603600,2016-05-31,0.32245978,4537004537.0,0.44166404
778,601313,2016-05-31,0.31996354,4357090928.0,0.46602067
620,600192,2016-05-31,0.31828357,3595828720.0,0.40361917
551,600547,2016-05-31,0.31819582,42122943040.0,0.33762598
587,603021,2016-05-31,0.31686047,3625760000.0,0.5153152
965,600764,2016-05-31,0.30281008,6805565280.0,0.27522904
836,600303,2016-05-31,0.29694323,7102713235.0,0.2279971
658,600702,2016-05-31,0.29435897,6577350000.0,0.34340677
988,603009,2016-05-31,0.29379562,3618115200.0,0.22289959
670,600870,2016-05-31,0.29257143,4577997375.0,0.08272414
186,601222,2016-05-31,0.28848522,16170697424.0,0.45150214
889,601015,2016-05-31,0.28555556,5580000000.0,0.53896546
193,603012,2016-05-31,0.28538478,6661600400.0,0.22780259
997,603788,2016-05-31,0.27903182,5183466900.0,0.32140067
277,601137,2016-05-31,0.26748582,4549400000.0,0.68175554
473,601388,2016-05-31,0.26368452,9055670000.0,0.07731888
2,600071,2016-05-31,0.26094348,5587727925.0,0.52008
169,600891,2016-05-31,0.23620523,6379661314.0,0.1188446
390,603601,2016-05-31,0.23568678,6836632535.0,-0.17939857
593,603100,2016-05-31,0.23148148,5119200000.0,0.49502972
118,600360,2016-05-31,0.23029046,7115091200.0,0.22293451
669,600779,2016-05-31,0.22912047,6610023321.0,0.34551415
349,600711,2016-05-31,0.22314050000000002,9057166415.0,0.5574682
553,600559,2016-05-31,0.22226528,8635043648.0,0.44027424
928,600458,2016-05-31,0.21740024,10307928888.0,0.25054842
927,600456,2016-05-31,0.21644498,7116594678.0,0.53852165
367,600869,2016-05-31,0.21462264,17663747568.0,-0.041553736
625,600199,2016-05-31,0.21444201,5079783500.0,0.34582958
1057,603002,2016-05-31,0.21350093,3917075646.0,0.06080818
323,600367,2016-05-31,0.21204188,3337152000.0,-0.10614112
918,600260,2016-05-31,0.20738007,9034429980.0,-0.32611027
426,600435,2016-05-31,0.20584268,16471879200.0,0.2729622
499,603989,2016-05-31,0.1949871,8139000000.0,0.589113
40,600382,2016-05-31,0.19492158,4575986974.0,0.3328949
555,600571,2016-05-31,0.19229937,10163184708.0,0.3174114
789,603011,2016-05-31,0.19175258,3846050000.0,0.38675132
65,600729,2016-05-31,0.19059049,8467986572.0,0.39399022
485,601908,2016-05-31,0.18914729,12882699165.0,0.5644173
170,600892,2016-05-31,0.18912923,7565357349.0,0.024283767
247,600538,2016-05-31,0.18733032,5131633260.0,0.28234673
219,600242,2016-05-31,0.18558282,3564292312.0,0.4404286
196,603799,2016-05-31,0.18546845,16794262200.0,-0.019943357
1031,600436,2016-05-31,0.18478547,22920020428.0,0.30145365
581,601777,2016-05-31,0.18291457,12500716330.0,0.4874298
352,600714,2016-05-31,0.18249534,3095013462.0,0.38935044
481,601689,2016-05-31,0.18185079,18096908000.0,0.15427925
975,600845,2016-05-31,0.17979905,14811242372.0,0.5007625
284,601968,2016-05-31,0.17931034,7249999710.0,0.60910976
272,600975,2016-05-31,0.17917816,5081079546.0,-0.018427521
986,601965,2016-05-31,0.17916327,7920122376.0,0.54513323
1064,603688,2016-05-31,0.17719731,3979164000.0,0.6479733
916,600188,2016-05-31,0.17615369,45730868960.0,0.46720368
59,600722,2016-05-31,0.17563291,4299620504.0,0.56375766
286,603010,2016-05-31,0.17472119,4790201360.0,0.09166646
176,601003,2016-05-31,0.1746988,8508473424.0,0.4262657
716,600298,2016-05-31,0.17445688,12517790390.0,0.22694668
288,603128,2016-05-31,0.17344498,7311440312.0,0.37343508
100,600200,2016-05-31,0.17180883,11065942380.0,0.34166172
369,601225,2016-05-31,0.16704289,44300000000.0,0.4496906
508,600131,2016-05-31,0.16645966,4431259629.0,0.3862904
699,603889,2016-05-31,0.16586151,4031781642.0,0.6125286
327,600446,2016-05-31,0.16569389999999998,25751692980.0,0.117504865
662,600771,2016-05-31,0.1656,6945210000.0,0.5039234
511,600135,2016-05-31,0.16467187,5460599952.0,0.406743
424,600379,2016-05-31,0.16280452,3969495189.0,0.529786
540,600489,2016-05-31,0.16115702,33407008096.0,0.36701337
667,600777,2016-05-31,0.16076115,16247591076.0,0.34467962
858,600499,2016-05-31,0.16060398,10282518154.0,0.34460345
999,603800,2016-05-31,0.15993965,5514080000.0,0.08064139
291,603368,2016-05-31,0.15744567,10677523480.0,0.32401472
464,601069,2016-05-31,0.15691319,12777240000.0,0.50691366
954,600692,2016-05-31,0.15577508,4629214240.0,0.4838217
290,603318,2016-05-31,0.1517093,5682978000.0,0.27370495
591,603026,2016-05-31,0.15144888,7414034400.0,-0.15172932
1026,600343,2016-05-31,0.15135692,13242780725.0,0.20336829
103,600206,2016-05-31,0.15055603,9805318327.0,0.19583267
984,601579,2016-05-31,0.15052889,4916000000.0,0.3532977
764,600884,2016-05-31,0.14876428,16897610240.0,0.2982974
852,600491,2016-05-31,0.14859438,9427887000.0,0.34551165
528,600418,2016-05-31,0.14856743,16417474260.0,0.50825745
589,603023,2016-05-31,0.14800146,6055200000.0,0.2972075
64,600728,2016-05-31,0.14622642,12970790064.0,0.59274733
1027,600345,2016-05-31,0.14506123,3670920000.0,0.5506842
83,600988,2016-05-31,0.14487416,11617876503.0,0.36644658
504,600007,2016-05-31,0.14358592,17990065450.0,0.22293746
775,601116,2016-05-31,0.14341847,4181524584.0,0.51847845
931,600523,2016-05-31,0.14127764,4701563064.0,0.51255125
880,600990,2016-05-31,0.14112936,10398921140.0,0.06208402
406,600210,2016-05-31,0.14059406,7659517810.0,0.241028
798,603766,2016-05-31,0.14043993,14853630186.0,0.32835004
893,601789,2016-05-31,0.14026681,5002410000.0,0.41726565
392,603696,2016-05-31,0.14000861,4408800000.0,0.026046038
48,600651,2016-05-31,0.13951395,10945794200.0,0.41881794
697,603729,2016-05-31,0.13831339,4569561800.0,0.6263281
317,600328,2016-05-31,0.13825758,4625607360.0,0.44092533
435,600731,2016-05-31,0.13816535,2890183503.0,0.2959979
148,600589,2016-05-31,0.13789238,6291327736.0,0.28185743
7,600076,2016-05-31,0.13738739,13776397812.0,0.34379372
385,603108,2016-05-31,0.13715208,7000175410.0,0.46595064
987,603005,2016-05-31,0.13655462,7553540708.0,0.38509893
983,601311,2016-05-31,0.13623354,14878077426.0,-0.008930206
675,600879,2016-05-31,0.13556851,14262447640.0,0.16907007
20,600152,2016-05-31,0.13138686,2814609378.0,0.5243706
964,600763,2016-05-31,0.13011961,8846457600.0,0.58968437
97,603636,2016-05-31,0.12911144,6111006111.0,-0.07188213
241,600531,2016-05-31,0.12837838,6554567020.0,0.5429114
596,603338,2016-05-31,0.12769080000000002,6643000000.0,-0.04209417
752,600737,2016-05-31,0.12682927,21031731050.0,0.29803094
990,603166,2016-05-31,0.12603437,9300613777.0,0.5329758
1018,600237,2016-05-31,0.12573964,3815138496.0,0.5692187
345,600666,2016-05-31,0.12491909,23702738010.0,0.29477754
792,603088,2016-05-31,0.12363104,3157600000.0,0.33247378
960,600698,2016-05-31,0.12333966,5121478225.0,0.7377124
737,600515,2016-05-31,0.1227154,4857674409.0,0.30507112
653,600686,2016-05-31,0.1225807,8057487280.0,0.56751174
832,600198,2016-05-31,0.12189616,15630962620.0,0.027608842
133,600557,2016-05-31,0.1213731,9010431304.0,0.46385255
1065,603703,2016-05-31,0.12071481,6298376742.0,-0.1330252
220,600243,2016-05-31,0.12059909,4002312000.0,0.65029943
922,600268,2016-05-31,0.12046974,4326027984.0,0.36802536
1014,600233,2016-05-31,0.12032239,5732100000.0,0.0049299
615,600171,2016-05-31,0.11989526,10464235134.0,0.44605646
648,600681,2016-05-31,0.11983471,9333043632.0,0.41859794
823,600086,2016-05-31,0.11907514,11677500000.0,0.3956999
69,600794,2016-05-31,0.11875,5719556160.0,0.5205579
817,600080,2016-05-31,0.11854685,3193395114.0,0.613349
541,600490,2016-05-31,0.11748252,10574850000.0,0.5006128
720,600308,2016-05-31,0.11671647,5125594546.0,0.5838108
740,600549,2016-05-31,0.11543051,28996998940.0,-0.06975156
1048,601126,2016-05-31,0.11483054,7798319480.0,0.5340903
874,600862,2016-05-31,0.11477987,17719584552.0,0.54960847
860,600622,2016-05-31,0.11426256,8423358040.0,0.3577575
62,600725,2016-05-31,0.11387164,2976415050.0,0.6882168
457,600829,2016-05-31,0.11377246,7747311696.0,0.1700711
330,600470,2016-05-31,0.11345947,3557312000.0,0.59727585
693,603518,2016-05-31,0.11303182,3940707400.0,0.5425122
938,600595,2016-05-31,0.11242604,8829609828.0,0.6101904
113,600278,2016-05-31,0.11230329,7300938966.0,0.34826294
25,600172,2016-05-31,0.11223298,13169669718.0,-0.26930574
624,600197,2016-05-31,0.11078287,6147540000.0,0.4519785
287,603015,2016-05-31,0.10997249999999999,5026512000.0,0.38085854
527,600416,2016-05-31,0.1094306,8355874448.0,0.40311372
665,600775,2016-05-31,0.10905045,12318542980.0,0.53836644
821,600084,2016-05-31,0.10862069,6517615440.0,0.520089
537,600486,2016-05-31,0.10860903,7790858346.0,0.025528759
366,600868,2016-05-31,0.10752688,8826391455.0,0.3168433
175,601001,2016-05-31,0.10721649,8117445000.0,0.33063182
299,603998,2016-05-31,0.10708899,5638108242.0,0.36399204
518,600257,2016-05-31,0.10636183,4296123000.0,0.47011355
411,600218,2016-05-31,0.10486486,3410983750.0,0.5406462
474,601515,2016-05-31,0.10466212,11954000000.0,0.48564076
682,601799,2016-05-31,0.10409639,9945475000.0,0.21838292
636,600519,2016-05-31,0.10379249,332226632166.0,-0.47688344
565,600960,2016-05-31,0.10329669999999999,4774946540.0,0.5044694
304,600148,2016-05-31,0.10315473,2826084505.0,0.5361398
728,600359,2016-05-31,0.10261780000000001,3643447240.0,0.37024352
1025,600337,2016-05-31,0.10256631,7825753264.0,0.4049067
808,600060,2016-05-31,0.10224439,20988038448.0,0.3669394
702,600220,2016-05-31,0.10144928,7383028842.0,0.35876718
1034,600460,2016-05-31,0.10132583,8992081280.0,0.11746441
788,601899,2016-05-31,0.10130719,65914675722.0,0.3132814
837,600305,2016-05-31,0.10023773,6379981730.0,0.4773064
109,600273,2016-05-31,0.1,10580910120.0,0.3758932
825,600120,2016-05-31,0.09979737,10038703710.0,0.29310358
989,603085,2016-05-31,0.09844696,3799000000.0,-0.019193083
31,600311,2016-05-31,0.09683099,3780608000.0,0.695799
992,603168,2016-05-31,0.09670987,6554605000.0,0.35744363
300,600141,2016-05-31,0.09609895,5570110820.0,0.47852704
814,600067,2016-05-31,0.09574468,9789689126.0,0.4431929
58,600721,2016-05-31,0.09462759,4070828034.0,0.4122693
162,600854,2016-05-31,0.09370425,3547901555.0,0.58789563
336,600566,2016-05-31,0.09299363,19066645200.0,0.42280298
289,603158,2016-05-31,0.09215956,4789858210.0,0.20992462
360,600784,2016-05-31,0.09169765,4585194846.0,-0.04322821
554,600570,2016-05-31,0.09154814,37791144084.0,-0.39491954
1024,600336,2016-05-31,0.09133127,4406185120.0,0.52721846
608,600059,2016-05-31,0.09004237,7632468448.0,0.3730314
968,600767,2016-05-31,0.08977901,4937827696.0,0.25522345
271,600973,2016-05-31,0.08950669,6591487285.0,0.15588847
733,600510,2016-05-31,0.08863919999999999,8387230950.0,0.6137893
666,600776,2016-05-31,0.08820806,9759120777.0,0.6322402
721,600309,2016-05-31,0.08805031,34381121730.0,0.10961965
892,601518,2016-05-31,0.08800928,4403916000.0,0.63474727
475,601555,2016-05-31,0.08729002,37860000000.0,0.17101964
532,600480,2016-05-31,0.08712413,5848615277.0,0.4281767
529,600419,2016-05-31,0.08627293,5137472692.0,0.28920683
797,603669,2016-05-31,0.08617363,7046000000.0,0.37920654
521,600312,2016-05-31,0.08599168,16402542352.0,0.39257646
794,603306,2016-05-31,0.0858192,6853356000.0,-0.25620767
281,601231,2016-05-31,0.08581113,21628680584.0,0.60129833
976,600846,2016-05-31,0.08552632,5697824880.0,0.21022233
388,603311,2016-05-31,0.08510638,4441500000.0,0.5273448
517,600255,2016-05-31,0.085,7078374400.0,0.498888
110,600275,2016-05-31,0.08440629,3556772028.0,0.631183
888,601012,2016-05-31,0.08388704,21363047580.0,0.23690465
628,600452,2016-05-31,0.08347065,4985600000.0,0.3921507
1022,600333,2016-05-31,0.08343126,4507064498.0,0.3617952
321,600363,2016-05-31,0.08333333,7290758592.0,0.34077793
822,600085,2016-05-31,0.08327273,37715433250.0,0.32955635
545,600522,2016-05-31,0.08304186,23716243764.0,0.11838962
842,600391,2016-05-31,0.08277148,11732798876.0,0.41529387
747,600639,2016-05-31,0.08232236,25905289570.4,-0.2592415
1061,603227,2016-05-31,0.08229989,5842669000.0,0.5622713
766,600887,2016-05-31,0.08176509,93458569541.0,0.13255376
391,603606,2016-05-31,0.08118657,3983525700.0,0.53546655
834,600266,2016-05-31,0.08097105,18538083200.0,0.23146568
592,603066,2016-05-31,0.08096732,4433000000.0,0.012032688
422,600376,2016-05-31,0.08066084,23070308625.0,0.23243673
739,600517,2016-05-31,0.08024293,12069893420.0,0.3998863
292,603369,2016-05-31,0.07964602,15593435000.0,0.44865096
456,600828,2016-05-31,0.07936508,10911490380.0,0.30963242
164,600856,2016-05-31,0.07730812,10197637488.0,0.47421962
787,601898,2016-05-31,0.07724426,63508997686.0,0.37169024
115,600290,2016-05-31,0.07717751,6892325652.0,0.4911966
676,601002,2016-05-31,0.07673267,6404935200.0,0.28048205
974,600844,2016-05-31,0.07666667,4671723600.0,0.72119135
917,600189,2016-05-31,0.07597341,3269565000.0,0.5282007
143,600584,2016-05-31,0.07586685,19547712276.0,-0.08828649
1056,603001,2016-05-31,0.0754464,8228109600.0,0.51744187
894,603019,2016-05-31,0.07534432,22218000000.0,0.05616024
149,600610,2016-05-31,0.0752374,14665749274.0,0.14790452
398,603993,2016-05-31,0.07512953,65184586982.0,0.0754489
194,603077,2016-05-31,0.07423581,15170052330.0,0.42893896
139,600580,2016-05-31,0.07422677,13533445800.0,0.33188608
996,603568,2016-05-31,0.07374237,14730348000.0,0.5216234
104,600208,2016-05-31,0.07360406,35852701770.0,0.1815557
443,600745,2016-05-31,0.0736,15931660000.0,-0.2749363
77,600982,2016-05-31,0.07346939,3659957000.0,0.6399263
444,600746,2016-05-31,0.0731441,2806820024.0,0.47764057
28,600251,2016-05-31,0.07302791,5909860260.0,0.55981696
263,600814,2016-05-31,0.07294833,7057313529.0,0.5534215
899,603988,2016-05-31,0.07177606,3893600000.0,0.4522648
694,603598,2016-05-31,0.07176241,5982965800.0,0.20984034
322,600365,2016-05-31,0.07148660000000001,4924000000.0,0.59498024
958,600696,2016-05-31,0.07120501,4352428368.0,0.3763152
831,600191,2016-05-31,0.07119366,6338061240.0,0.43944052
725,600353,2016-05-31,0.07118005,4213830000.0,0.3564501
22,600155,2016-05-31,0.07092751,6114811358.0,0.057046503
412,600219,2016-05-31,0.07091172,19591124204.0,0.5325811
199,603997,2016-05-31,0.07049892,7744800000.0,0.56778795
613,600129,2016-05-31,0.07009063,7065095700.0,0.20614508
296,603818,2016-05-31,0.07004862,7261800000.0,0.23511386
601,600052,2016-05-31,0.06998445,5605603913.0,0.5182817
198,603828,2016-05-31,0.06984334,3792772400.0,0.090546444
799,603901,2016-05-31,0.06960143,6724000000.0,-0.46589556
9,600078,2016-05-31,0.06942149,4008566045.0,0.5634798
212,600105,2016-05-31,0.06903149,8301763505.0,0.39035198
163,600855,2016-05-31,0.06900231,9719705994.0,0.44013855
600,600051,2016-05-31,0.06836646,3015536000.0,0.7316141
84,601011,2016-05-31,0.06805293,7234075000.0,0.18736172
548,600527,2016-05-31,0.06788487,5189518418.0,0.43096042
507,600130,2016-05-31,0.06785714,6451200000.0,0.4535463
869,600648,2016-05-31,0.06771398,20958544386.0,0.3237347
856,600497,2016-05-31,0.06745182,20127224594.0,0.4648225
1013,600232,2016-05-31,0.06729841,4533450955.0,-0.36475363
209,600101,2016-05-31,0.06707855,3672948070.0,0.27359208
907,600165,2016-05-31,0.06698951,8485710282.0,0.42127058
95,603222,2016-05-31,0.06660766,4372800000.0,0.52640647
882,600993,2016-05-31,0.06656426,8418482667.0,-0.23649749
850,600466,2016-05-31,0.06630127,17409267160.0,0.41617578
126,600478,2016-05-31,0.06625442,15746915796.0,0.35872597
30,600310,2016-05-31,0.06623377,6373867500.0,-0.13243788
843,600393,2016-05-31,0.06611539,14190306441.0,0.45159388
307,600151,2016-05-31,0.06603774,13251906940.0,0.15966803
689,603118,2016-05-31,0.06574123,11812052040.0,-0.007778883
706,600225,2016-05-31,0.06560284,5276178828.0,0.6523038
249,600562,2016-05-31,0.06523765,14894663871.0,0.22450471
1060,603008,2016-05-31,0.06522261,5131350000.0,0.43056607
1051,601880,2016-05-31,0.06486486,31115076000.0,0.28787595
155,600616,2016-05-31,0.06458333,4940344320.0,0.5496002
1043,600805,2016-05-31,0.06454295,7019879625.0,0.37508166
359,600782,2016-05-31,0.06387226,6981174981.0,0.46942052
765,600885,2016-05-31,0.06349518,15459120850.0,0.0210312
945,600602,2016-05-31,0.06331899,13228546944.0,0.6184942
932,600540,2016-05-31,0.06284153,3447158556.0,0.5418459
991,603167,2016-05-31,0.06275943,4568486000.0,0.41626626
399,603999,2016-05-31,0.06255197,8412000000.0,0.26741606
129,600551,2016-05-31,0.06211061,9625855459.0,0.05656749
963,600761,2016-05-31,0.06145657,5983127810.0,0.5313152
1047,600809,2016-05-31,0.06124402,18096229470.0,0.34580708
910,600180,2016-05-31,0.06121944,14515298700.0,0.41458744
515,600207,2016-05-31,0.06120332,6651600000.0,0.20303741
5,600074,2016-05-31,0.06116643,32419548000.0,0.41885787
251,600750,2016-05-31,0.06103778,9111000000.0,0.27212018
688,603111,2016-05-31,0.06086957,9340548745.0,0.07847279
717,600299,2016-05-31,0.06060105,35267002095.0,0.44350836
60,600723,2016-05-31,0.06057007,5543791992.0,0.528816
566,600961,2016-05-31,0.0603538,5068870419.0,0.6564621
419,600287,2016-05-31,0.06011624,3791390148.0,0.36862224
578,601339,2016-05-31,0.06010017,8985000000.0,0.6592193
418,600285,2016-05-31,0.05992141,6030307258.0,0.48184937
535,600483,2016-05-31,0.05943612,16930417296.0,0.52957743
246,600537,2016-05-31,0.05906593,8563895704.0,0.0092716515
279,601218,2016-05-31,0.05858586,4909212000.0,0.5505596
353,600715,2016-05-31,0.0585312,29865726190.0,0.49364448
736,600513,2016-05-31,0.05827378,3072454710.0,0.53746206
585,601999,2016-05-31,0.05777778,4958232300.0,0.67113006
404,600160,2016-05-31,0.05771144,18199705800.0,0.2865247
523,600316,2016-05-31,0.05745257,13230762525.0,0.3910932
245,600536,2016-05-31,0.05736472,11676625347.0,0.48894095
1066,603883,2016-05-31,0.05694858,12565020000.0,0.3965571
326,600444,2016-05-31,0.05687974,2702948274.0,0.46727592
394,603699,2016-05-31,0.0565813,12592500000.0,0.4261463
393,603698,2016-05-31,0.05648908,10798137000.0,0.5077515
710,600229,2016-05-31,0.05626921,8179418400.0,0.37345207
397,603969,2016-05-31,0.0562599,5048000000.0,0.69040024
657,600701,2016-05-31,0.05604484,6229785931.0,0.59765434
1045,600807,2016-05-31,0.05574913,10155606356.0,0.3854026
547,600526,2016-05-31,0.055737699999999994,6678337340.0,0.48091614
1007,600118,2016-05-31,0.05560792,37638628053.0,0.04840091
664,600774,2016-05-31,0.05478499,3011425650.0,0.43714374
437,600733,2016-05-31,0.05405405,7676216100.0,0.045002133
921,600267,2016-05-31,0.05377277,11132581654.0,0.54795575
80,600985,2016-05-31,0.05353728,2749460162.0,0.41008368
649,600682,2016-05-31,0.05327414,22381283292.0,-0.32077727
239,600409,2016-05-31,0.05320677,11990498040.0,0.43107763
572,600969,2016-05-31,0.05299127,3763942432.0,0.59427905
206,600038,2016-05-31,0.05172414,23248961048.0,0.39613968
386,603188,2016-05-31,0.05149266,10114560000.0,0.35260266
159,600850,2016-05-31,0.05122401,11521684869.0,0.36731797
407,600211,2016-05-31,0.05112204,6171517710.0,0.47626504
301,600143,2016-05-31,0.05019443,15948800000.0,0.33974445
844,600396,2016-05-31,0.0501002,7348806932.0,0.5647235
111,600276,2016-05-31,0.04989601,89880190454.0,0.36471444
273,600976,2016-05-31,0.04923798,3956149894.0,0.5515321
1035,600503,2016-05-31,0.04919908,14004014600.0,-0.017242134
951,600609,2016-05-31,0.0491453,5113682028.0,0.6866805
841,600390,2016-05-31,0.04914197,5785107048.0,0.36325365
101,600202,2016-05-31,0.04883011,3768239081.0,0.4883234
940,600597,2016-05-31,0.04851066,15026074107.0,0.54814416
722,600338,2016-05-31,0.04814551,18310321888.0,0.40515104
559,600706,2016-05-31,0.04745167,3064230579.0,0.5940702
750,600735,2016-05-31,0.04701493,5038296820.0,0.24509731
217,600240,2016-05-31,0.04678945,13772532312.0,0.30132625
898,603979,2016-05-31,0.04668412,8595000000.0,0.35740194
762,600838,2016-05-31,0.0466139,4558028340.0,0.35591453
493,603398,2016-05-31,0.04652941,7471680000.0,-0.54415584
168,600890,2016-05-31,0.0463392,6249512971.0,0.44300842
338,600568,2016-05-31,0.04628472,10612183860.0,-0.09579682
681,601588,2016-05-31,0.04620576,13939462800.0,0.42486867
598,603616,2016-05-31,0.04607251,3884086400.0,0.33785343
738,600516,2016-05-31,0.04576659,15025461896.0,0.35165974
961,600699,2016-05-31,0.04502046,25265403170.0,-0.16117561
242,600532,2016-05-31,0.04497189,8262211857.0,0.22247893
538,600487,2016-05-31,0.04480786,15006943419.0,0.47308472
896,603315,2016-05-31,0.04467523,3855003855.0,0.31051147
409,600213,2016-05-31,0.04333606,2690600000.0,0.3749953
489,603116,2016-05-31,0.04317181,9279760000.0,0.4633056
818,600081,2016-05-31,0.04264263,4907214000.0,0.5704292
99,603939,2016-05-31,0.04250559,10012800000.0,0.2754773
594,603117,2016-05-31,0.04236343,7364370000.0,0.29084715
420,600288,2016-05-31,0.04186795,5425056000.0,0.537853
701,600178,2016-05-31,0.04181601,3867609600.0,0.56329703
650,600683,2016-05-31,0.04171364,6666998400.0,0.3045095
865,600643,2016-05-31,0.04157783,13480372262.0,0.74626064
469,601208,2016-05-31,0.04151404,5043074400.0,0.05364716
786,601890,2016-05-31,0.04134455,8433126000.0,0.51719356
91,601700,2016-05-31,0.04118644,8091384294.0,0.659734
189,601678,2016-05-31,0.04089980000000001,5809320000.0,0.679558
19,600099,2016-05-31,0.04067197,2478247200.0,0.60797036
644,600677,2016-05-31,0.04056767,9261802675.0,0.20898968
123,600422,2016-05-31,0.04042715,10339708857.0,0.45312172
339,600569,2016-05-31,0.04032258,5936337560.0,0.65744114
677,601098,2016-05-31,0.04030948,31771240000.0,0.50248474
240,600530,2016-05-31,0.04019961,6034080000.0,0.30019942
35,600372,2016-05-31,0.0400641,32931529488.0,0.38901722
751,600736,2016-05-31,0.03986333,10485892540.0,0.36174345
633,600501,2016-05-31,0.03954802,7456719720.0,0.32475066
16,600096,2016-05-31,0.03910615,11888529335.0,0.4101039
534,600482,2016-05-31,0.0389981,40584587024.0,0.37164316
826,600121,2016-05-31,0.03896104,4690886508.0,0.57284236
695,603618,2016-05-31,0.0387931,7424580000.0,0.30848154
6,600075,2016-05-31,0.03787196,4863985280.0,0.17307788
522,600315,2016-05-31,0.03778338,18731354838.0,0.35938558
868,600647,2016-05-31,0.03744681,3269874600.0,0.35058707
333,600561,2016-05-31,0.03735144,2792613920.0,0.49430117
1005,600116,2016-05-31,0.03733333,7447541250.0,0.27515274
483,601798,2016-05-31,0.03731976,4179887478.0,0.48046866
182,601177,2016-05-31,0.03680336,3804570600.0,0.52614486
851,600468,2016-05-31,0.03664189,7386539818.0,0.34816533
685,601901,2016-05-31,0.03653586,60835229346.0,0.18148106
1030,600432,2016-05-31,0.03649635,10985508715.0,0.77330005
704,600222,2016-05-31,0.03641092,4413185647.0,0.5472579
195,603589,2016-05-31,0.0361264,21174000000.0,0.35724387
590,603025,2016-05-31,0.03611111,14482800000.0,0.07306093
256,600756,2016-05-31,0.03555594,9440998044.0,0.28779587
950,600608,2016-05-31,0.03506908,3094585774.0,0.6879282
316,600327,2016-05-31,0.03480278,4497155716.0,0.3998301
727,600356,2016-05-31,0.03468018,3115768502.0,0.6523355
487,603017,2016-05-31,0.03460826,4503335400.0,-0.20871642
232,600378,2016-05-31,0.03413336,4398460840.0,0.3403383
46,600410,2016-05-31,0.03410138,9749329345.0,0.45732763
428,600620,2016-05-31,0.03400276,6944593899.0,0.39386553
714,600295,2016-05-31,0.03396323,7925760000.0,0.5672161
491,603355,2016-05-31,0.03386435,14853040000.0,0.24414143
612,600128,2016-05-31,0.03384367,3062384675.0,0.47735092
610,600114,2016-05-31,0.03382534,6353847030.0,0.3347862
756,600831,2016-05-31,0.03349282,7065518790.0,0.23627862
414,600281,2016-05-31,0.03333333,3086412000.0,0.6049104
15,600095,2016-05-31,0.03329865,3471743196.0,0.55188525
539,600488,2016-05-31,0.03321678,5496090600.0,0.38491607
755,600830,2016-05-31,0.03303965,4125250116.0,0.78912985
564,600917,2016-05-31,0.03289129,15217680000.0,0.3916
651,600684,2016-05-31,0.03263859,5227447155.0,0.37843964
998,603789,2016-05-31,0.03262013,5702000000.0,0.55691344
605,600056,2016-05-31,0.03255208,15552205824.0,0.2560855
278,601139,2016-05-31,0.03241257,17105386285.0,0.42940453
1021,600332,2016-05-31,0.03225806,30818060504.0,0.20412701
216,600109,2016-05-31,0.03217373,39740081202.0,0.31073487
403,600029,2016-05-31,0.03216374,67152158280.0,-0.06851718
543,600520,2016-05-31,0.03197354,2873920200.0,0.47553915
54,600658,2016-05-31,0.03196803,5806774974.0,0.54980373
767,600888,2016-05-31,0.03188406,4424458710.0,0.70343417
863,600641,2016-05-31,0.031821800000000004,10133414859.0,0.3614885
421,600289,2016-05-31,0.03171091,7673911812.0,0.35741466
937,600594,2016-05-31,0.03163331,12266955426.0,0.41385162
690,603123,2016-05-31,0.03163017,4308465324.0,0.56125224
86,601369,2016-05-31,0.03159558,10455353876.0,0.6001258
3,600072,2016-05-31,0.03115691,6458799600.0,0.65427583
549,600528,2016-05-31,0.03115229,16518144000.0,0.3456141
604,600055,2016-05-31,0.03108333,6591197340.0,0.37541965
429,600621,2016-05-31,0.03106678,5130766696.0,0.4506217
571,600967,2016-05-31,0.03103783,8483356680.0,0.4695905
227,600323,2016-05-31,0.03086921,9432709840.0,0.23672411
318,600329,2016-05-31,0.03042959,12886313156.0,0.44377312
617,600176,2016-05-31,0.03013994,22594743175.0,0.21302158
423,600377,2016-05-31,0.03013421,42770476275.0,0.38206217
854,600495,2016-05-31,0.02964506,8638564935.0,0.31923693
130,600552,2016-05-31,0.02950153,7540097568.0,0.28293204
76,600981,2016-05-31,0.02946175,18432800904.0,0.55989736
147,600588,2016-05-31,0.02944269,27850862370.0,0.36120203
350,600712,2016-05-31,0.02935421,5566378188.0,0.16675153
384,601989,2016-05-31,0.02926829,112924239750.0,0.22210872
496,603609,2016-05-31,0.02925878,12783494570.0,0.23209074
674,600876,2016-05-31,0.02922201,13880305180.0,0.33565617
1029,600348,2016-05-31,0.02907916,14886950000.0,0.23727474
381,601939,2016-05-31,0.02880525,1220053570200.0,0.41253665
332,600560,2016-05-31,0.02873204,3580564455.0,0.19594085
574,601107,2016-05-31,0.02728927,14831591000.0,-0.1720576
546,600525,2016-05-31,0.02711716,17914062404.0,0.14572719
1008,600119,2016-05-31,0.0270687,4577186000.0,0.38535932
131,600555,2016-05-31,0.02688172,7273530000.0,0.6760373
243,600533,2016-05-31,0.02687035,5208000000.0,0.6111337
34,600371,2016-05-31,0.02671727,3558198600.0,0.50418365
1036,600508,2016-05-31,0.02657807,6526143540.0,0.40646634
732,600505,2016-05-31,0.02648764,3179028600.0,0.46113753
171,600893,2016-05-31,0.02636256,65788746688.0,0.43188685
329,600449,2016-05-31,0.0261661,4203210990.0,0.4889425
228,600325,2016-05-31,0.02609484,12789358864.0,0.51749706
1037,600509,2016-05-31,0.025104599999999998,6493844622.0,0.51588845
134,600572,2016-05-31,0.02458983,16051933800.0,0.46500188
258,600758,2016-05-31,0.024509799999999998,13676969880.0,0.49591377
188,601677,2016-05-31,0.02449918,6338586280.0,0.54616934
726,600355,2016-05-31,0.0244898,3616855620.0,0.49464846
151,600612,2016-05-31,0.02432297,20861937864.0,0.38242605
783,601688,2016-05-31,0.02380952,132367967424.0,-0.018974185
691,603308,2016-05-31,0.02361564,9824245600.0,-0.03551218
672,600872,2016-05-31,0.02321725,9607444632.0,0.34621772
966,600765,2016-05-31,0.02318222,11117665728.0,0.372613
37,600375,2016-05-31,0.02309059,3128819578.0,0.8001866
375,601567,2016-05-31,0.02288488,17288762386.0,0.41880858
1002,600112,2016-05-31,0.02197802,5560516416.0,0.36145806
1058,603003,2016-05-31,0.02186667,3787500000.0,0.47279632
255,600755,2016-05-31,0.02158959,13116023600.0,-0.1372627
573,601028,2016-05-31,0.02145923,5495802222.0,0.31687382
56,600705,2016-05-31,0.02137597,52376859876.0,0.44960752
17,600097,2016-05-31,0.02134757,3036942521.0,0.6120055
661,600770,2016-05-31,0.02131148,15860000000.0,-0.0040917695
127,600479,2016-05-31,0.02116082,5768422586.0,0.060673326
413,600280,2016-05-31,0.02114804,7601977038.0,0.4778935
207,600039,2016-05-31,0.02072539,11656168222.0,0.42449433
835,600302,2016-05-31,0.02065614,2847660654.0,0.48245725
809,600061,2016-05-31,0.02061856,64499888682.0,0.11665207
627,600331,2016-05-31,0.02056075,10871200000.0,0.6627985
847,600399,2016-05-31,0.0204821,8281000000.0,0.32445595
190,601699,2016-05-31,0.02028081,19174932972.0,0.30927888
622,600195,2016-05-31,0.02018132,7792274000.0,0.38808066
324,600368,2016-05-31,0.02008032,4152331470.0,0.52646405
488,603099,2016-05-31,0.01974564,4712058900.0,0.6418332
236,600405,2016-05-31,0.01972686,5772086104.0,0.2538468
561,600821,2016-05-31,0.01972158,3588231884.0,0.37983558
44,600387,2016-05-31,0.01971609,4895748000.0,0.48253915
607,600058,2016-05-31,0.01955459,19733875987.0,-0.7313173
883,600995,2016-05-31,0.01948718,4665632400.0,0.3036424
223,600248,2016-05-31,0.01934783,3708986436.0,0.5995115
387,603223,2016-05-31,0.01901361,3583200000.0,0.017084867
174,600897,2016-05-31,0.01896864,6239119500.0,0.35535505
994,603288,2016-05-31,0.01876676,80754380640.0,0.38296977
652,600685,2016-05-31,0.0184739,35196309360.0,0.4082377
908,600166,2016-05-31,0.01845018,18076055552.0,0.03474784
373,601398,2016-05-31,0.01834862,1553931280960.0,0.35405034
1049,601198,2016-05-31,0.01824278,60747040000.0,-0.046929926
57,600720,2016-05-31,0.01820941,5115753077.0,0.5498742
371,601328,2016-05-31,0.01808318,410672878098.0,0.38268802
558,600704,2016-05-31,0.01774845,26944371000.0,0.1486412
260,600810,2016-05-31,0.01771117,3246335200.0,0.51886284
828,600125,2016-05-31,0.01762607,8263953627.0,0.44627926
962,600760,2016-05-31,0.01760563,2938892208.0,0.81666124
941,600598,2016-05-31,0.0173913,18398986965.0,0.369535
735,600512,2016-05-31,0.01736973,4102690319.0,0.61508185
881,600992,2016-05-31,0.01727364,2982745300.0,0.4300109
490,603126,2016-05-31,0.01682143,6648345000.0,0.4136062
270,600971,2016-05-31,0.01657459,5430022263.0,0.33413196
0,600048,2016-05-31,0.01648999,91324512048.0,0.18259095
355,600718,2016-05-31,0.01631863,22515489804.0,0.3480698
430,600624,2016-05-31,0.01612903,6531098600.0,0.31630757
635,600518,2016-05-31,0.01605351,66035929050.0,-0.056080878
791,603030,2016-05-31,0.01596732,4308800000.0,-0.011717945
486,601996,2016-05-31,0.01593625,3530907360.0,0.6753907
314,600215,2016-05-31,0.0158046,3236628984.0,0.3583468
790,603018,2016-05-31,0.01512487,5913440000.0,0.30468333
492,603366,2016-05-31,0.015085,6784000000.0,0.51319075
815,600068,2016-05-31,0.01496022,27168186660.0,0.39948016
866,600644,2016-05-31,0.01488834,4339508836.0,0.4941237
707,600226,2016-05-31,0.01408451,10106693090.0,0.09787147
108,600272,2016-05-31,0.01383285,4216050000.0,0.30923083
285,601969,2016-05-31,0.01355014,20664036900.0,0.45180514
484,601818,2016-05-31,0.01347709,173179442450.0,0.34188217
684,601877,2016-05-31,0.01344086,24457259040.0,0.3401108
233,600400,2016-05-31,0.01339286,12756357376.0,0.20135154
993,603169,2016-05-31,0.01337288,12756170064.0,0.38673392
438,600740,2016-05-31,0.01296296,4134780000.0,0.44476238
152,600613,2016-05-31,0.01274788,7541091387.36,0.5542678
441,600743,2016-05-31,0.0127031,8633889750.0,0.514871
827,600123,2016-05-31,0.01251739,8213856000.0,0.38428068
947,600604,2016-05-31,0.01223113,18026644241.0,0.3898845
410,600217,2016-05-31,0.01201602,10048490375.0,0.43877253
886,600999,2016-05-31,0.01197224,96240805235.0,0.35563794
61,600724,2016-05-31,0.01190476,7284015144.0,0.6291162
462,600883,2016-05-31,0.01174907,3409110720.0,0.6703819
53,600657,2016-05-31,0.01167607,7651787208.0,0.5900645
445,600747,2016-05-31,0.01157407,6325898688.0,0.9403963
845,600397,2016-05-31,0.01144165,4326124763.0,0.5420883
942,600599,2016-05-31,0.01134644,4389040000.0,0.22376613
320,600362,2016-05-31,0.01125281,46158182902.0,0.5442312
495,603558,2016-05-31,0.01112873,6954285000.0,0.42797935
948,600605,2016-05-31,0.01103948,2814281860.0,0.5009663
776,601117,2016-05-31,0.01096892,26983510000.0,0.5315845
777,601118,2016-05-31,0.01084991,21739378948.0,0.29250145
857,600498,2016-05-31,0.01040366,25152044805.0,0.37488893
10,600079,2016-05-31,0.01024096,21348413400.0,0.19271614
813,600066,2016-05-31,0.01020408,43393208320.0,0.33561298
971,600791,2016-05-31,0.01017442,3115814400.0,0.47762948
205,600037,2016-05-31,0.00996016,20960175174.0,0.2933877
567,600962,2016-05-31,0.00960118,3550323400.0,0.40310028
471,601216,2016-05-31,0.00945946,31220664380.0,0.3422833
52,600655,2016-05-31,0.00931099,15681183020.0,0.48198327
959,600697,2016-05-31,0.0091868,4675599259.0,0.5189719
562,600874,2016-05-31,0.00909091,10989658680.0,0.42026663
846,600398,2016-05-31,0.00892857,50318889600.0,0.29720703
979,601088,2016-05-31,0.00860215,277460205975.0,0.26115257
533,600481,2016-05-31,0.00844171,9366465724.0,0.37307763
49,600652,2016-05-31,0.00833333,11990930400.0,0.45877558
8,600077,2016-05-31,0.00831601,6445988263.0,0.47375965
692,603333,2016-05-31,0.00815217,3827236800.0,0.72260284
106,600270,2016-05-31,0.00806916,15710107495.0,0.41541833
705,600223,2016-05-31,0.00790514,5064898080.0,0.6164601
552,600558,2016-05-31,0.0078648,4075125792.0,0.5517577
595,603328,2016-05-31,0.00784715,14332590000.0,0.2418035
298,603898,2016-05-31,0.00777958,9069900000.0,0.44740316
744,600634,2016-05-31,0.00769231,8232969030.0,0.3583793
679,601155,2016-05-31,0.00761697,20406249798.0,0.6933006
453,600825,2016-05-31,0.00760456,8244165531.0,0.57201815
550,600529,2016-05-31,0.00743707,4499004148.0,0.3814643
724,600352,2016-05-31,0.00742884,28303987530.0,0.3227011
480,601666,2016-05-31,0.00738916,9586329900.0,0.42383334
343,600664,2016-05-31,0.0072904,20515153909.0,0.5250816
311,600168,2016-05-31,0.00722394,6875730393.0,0.4960559
1053,601888,2016-05-31,0.00689428,43130186004.0,0.2907948
275,600979,2016-05-31,0.00682594,5554647706.0,0.5548496
158,600727,2016-05-31,0.00665188,3165899132.0,0.36679843
913,600185,2016-05-31,0.00648298,9980083592.0,0.51084733
309,600159,2016-05-31,0.00646552,3851214848.0,0.59011805
579,601668,2016-05-31,0.00644907,164700000000.0,-0.06009841
383,601988,2016-05-31,0.00611049,989142978432.0,0.32371235
904,600023,2016-05-31,0.00606598,72355670800.0,0.39441362
544,600521,2016-05-31,0.00605685,25079014074.0,-0.087752014
876,600865,2016-05-31,0.00596252,4417061122.0,0.39415705
768,600889,2016-05-31,0.00575169,3300994975.0,0.448137
120,600388,2016-05-31,0.00560448,13352434500.0,0.3708471
265,600816,2016-05-31,0.00536353,29698750844.0,0.4464029
439,600741,2016-05-31,0.00536149,46376570040.0,0.39712682
536,600485,2016-05-31,0.00507042,51896434700.0,0.37203738
568,600963,2016-05-31,0.00492611,6352838919.0,0.42856586
530,600420,2016-05-31,0.00475505,8577332654.0,0.08726367
340,600660,2016-05-31,0.00465915,36826504900.0,0.19392237
569,600965,2016-05-31,0.00446959,10634924691.0,0.43130702
972,600841,2016-05-31,0.00431344,12055655118.0,0.227944
878,600867,2016-05-31,0.00418096,28304911012.0,0.31056166
313,600201,2016-05-31,0.0037583,15827290137.0,0.41660902
442,600744,2016-05-31,0.00365631,9742749921.0,0.5789721
824,600089,2016-05-31,0.00353357,27553283841.0,0.38525182
623,600196,2016-05-31,0.00345949,44615373712.0,0.20916092
632,600500,2016-05-31,0.00332963,18767944427.0,0.4978754
90,601636,2016-05-31,0.00315457,8005183882.0,0.41514382
282,601288,2016-05-31,0.0031348,1036093233230.0,0.30067456
85,601368,2016-05-31,0.00305111,9646480899.0,0.35912532
855,600496,2016-05-31,0.00251286,6449601004.0,0.60161424
879,600900,2016-05-31,0.0024077,274120000000.0,0.108364314
202,600033,2016-05-31,0.00240476,8946744000.0,0.48021454
811,600063,2016-05-31,0.00226244,7274854574.0,0.44010478
38,600380,2016-05-31,0.00218341,14537188388.0,0.40537998
347,600668,2016-05-31,0.00189609,5205987894.0,0.009363711
156,600617,2016-05-31,0.00169183,12571252190.3,0.5147002
501,600004,2016-05-31,0.00163399,14076000000.0,0.42832613
328,600448,2016-05-31,0.00149701,2821392188.0,0.53146935
812,600064,2016-05-31,0.00133958,11533023383.0,0.2700769
801,600011,2016-05-31,0.00133156,114154879334.0,0.31028572
334,600563,2016-05-31,0.00109963,10230750000.0,-0.029086381
87,601519,2016-05-31,0.00108932,18247086000.0,0.46063665
14,600094,2016-05-31,0.00105374,19089674981.0,0.2027024
746,600638,2016-05-31,0.00071549,8058315040.0,0.16628765
885,600998,2016-05-31,0.00045111,29053247580.0,0.52178705
977,600847,2016-05-31,0.00033367,4736260998.0,0.09507136
229,600326,2016-05-31,7.74e-06,5372040828.0,0.5494944
749,600734,2016-05-31,0.0,8617556560.0,0.31501317
862,600640,2016-05-31,0.0,8988769955.0,0.39953026
497,603808,2016-05-31,0.0,7281916852.0,0.29050264
599,603718,2016-05-31,0.0,10574480000.0,0.2983659
944,600601,2016-05-31,0.0,9438032160.0,0.5444363
153,600614,2016-05-31,0.0,14285106470.0,0.3239085
137,600576,2016-05-31,0.0,14191548210.0,0.30560645
376,601599,2016-05-31,0.0,10184808154.0,0.27578434
629,600455,2016-05-31,0.0,3069186120.0,0.35581064
700,600173,2016-05-31,0.0,6040478675.0,0.3394002
981,601168,2016-05-31,0.0,14250340000.0,0.31881982
51,600654,2016-05-31,0.0,23787209340.0,0.34919035
450,600822,2016-05-31,0.0,7003137348.0,0.34284243
753,600738,2016-05-31,0.0,3131685924.0,0.36957958
1009,600139,2016-05-31,0.0,8147872055.0,0.38668826
319,600361,2016-05-31,0.0,4147983217.0,0.5729109
71,600796,2016-05-31,0.0,2953740580.0,0.39956564
969,600768,2016-05-31,0.0,3266106624.0,0.32847962
498,603918,2016-05-31,0.0,6012160000.0,0.3853243
42,600385,2016-05-31,0.0,3382766164.0,0.3564393
626,600330,2016-05-31,0.0,11568466602.0,0.31301302
215,600108,2016-05-31,0.0,9831921255.0,0.37892005
341,600661,2016-05-31,0.0,7269686590.0,0.44980985
1020,600239,2016-05-31,0.0,4966924656.0,0.5965646
995,603519,2016-05-31,0.0,3504000000.0,0.3991296
105,600209,2016-05-31,0.0,4886193543.0,0.34690505
408,600212,2016-05-31,0.0,5096504112.0,0.33229795
723,600339,2016-05-31,0.0,3110472286.0,0.3916895
305,600149,2016-05-31,0.0,6325862400.0,0.42368126
12,600091,2016-05-31,0.0,4912142375.0,0.33422646
859,600545,2016-05-31,0.0,4669679878.0,0.36575717
348,600710,2016-05-31,0.0,5993058240.0,0.37704712
124,600475,2016-05-31,0.0,3801600000.0,0.37763482
709,600228,2016-05-31,0.0,2599016400.0,0.33637157
140,600581,2016-05-31,0.0,4644680334.0,0.35545808
973,600843,2016-05-31,0.0,7521163416.0,0.34423932
252,600751,2016-05-31,0.0,17714953958.0,0.5209684
804,600016,2016-05-31,0.0,331651820156.0,0.27002284
911,600182,2016-05-31,0.0,5980600000.0,0.36987126
266,600817,2016-05-31,0.0,2474797338.0,0.46267718
458,600877,2016-05-31,0.0,5072141160.0,0.49516496
1003,600113,2016-05-31,0.0,3839130000.0,0.3336086
132,600556,2016-05-31,0.0,6237740460.0,0.3072048
173,600896,2016-05-31,0.0,9204440764.0,0.37933457
370,601258,2016-05-31,0.0,17820311850.0,0.42726085
211,600104,2016-05-31,0.0,223708746314.0,0.2179434
897,603838,2016-05-31,0.0,4336216800.0,0.41465077
50,600653,2016-05-31,0.0,7649274579.0,0.37209782
185,601188,2016-05-31,0.0,5329308330.0,0.56750387
433,600636,2016-05-31,0.0,6194614734.0,0.3915199
203,600035,2016-05-31,0.0,7484896185.0,0.3144686
906,600163,2016-05-31,0.0,5606999772.0,0.5160854
238,600408,2016-05-31,0.0,5919984000.0,0.31457895
525,600318,2016-05-31,0.0,6495280000.0,0.31253758
248,600539,2016-05-31,0.0,2456400000.0,0.36897737
796,603611,2016-05-31,0.0,4099200000.0,0.3425218
556,600577,2016-05-31,0.0,8173255156.0,0.35949
117,600358,2016-05-31,0.0,6816645450.0,0.24875605
734,600511,2016-05-31,0.0,13176576000.0,0.2977699
978,600848,2016-05-31,0.0,13803553782.0,0.2756955
225,600321,2016-05-31,0.0,6072411000.0,0.33804452
302,600145,2016-05-31,0.0,2788357748.0,0.30637822
436,600732,2016-05-31,0.0,3423758377.0,0.36272764
757,600833,2016-05-31,0.0,3531456129.0,0.542288
641,600674,2016-05-31,-0.00082268,37594279870.0,0.33291084
72,600797,2016-05-31,-0.00088652,10310408424.0,0.46417725
342,600663,2016-05-31,-0.00101939,77415501800.0,0.23488414
276,601038,2016-05-31,-0.00105485,9441132000.0,0.55802214
482,601788,2016-05-31,-0.00117925,66257611648.0,0.22482195
405,600184,2016-05-31,-0.00132333,11533607336.0,0.24527444
770,600959,2016-05-31,-0.00143062,41773636602.0,0.4874553
743,600633,2016-05-31,-0.00144928,18097620148.0,0.28733
264,600815,2016-05-31,-0.0015674,6118228600.0,0.4985161
742,600629,2016-05-31,-0.00157068,6858049820.0,0.06648725
477,601616,2016-05-31,-0.00176367,5300659035.0,0.5294117
32,600313,2016-05-31,-0.00185634,5627432200.0,0.2636781
33,600370,2016-05-31,-0.00191205,4169587166.0,0.4980677
730,600426,2016-05-31,-0.00194081,11103656700.0,0.4650043
145,600586,2016-05-31,-0.00232019,6287826244.0,0.22540018
660,600708,2016-05-31,-0.00237812,11090435200.0,0.52332735
912,600183,2016-05-31,-0.00241936,13786141901.0,0.39112276
166,600858,2016-05-31,-0.00243605,4269746786.0,0.589774
939,600596,2016-05-31,-0.00267991,4998798656.0,0.37497395
647,600680,2016-05-31,-0.00277585,16523599719.0,0.40339285
66,600790,2016-05-31,-0.00290111,6271491065.0,0.3709625
396,603968,2016-05-31,-0.00300946,4756204800.0,0.598817
668,600778,2016-05-31,-0.00308325,3030810349.0,0.32976565
637,600546,2016-05-31,-0.00324675,6105964788.0,0.6617815
354,600717,2016-05-31,-0.00327046,14972435754.0,0.486947
819,600082,2016-05-31,-0.00344234,3753932798.0,0.6358628
748,600730,2016-05-31,-0.00352609,8318782080.0,0.10062477
557,600579,2016-05-31,-0.00365764,5359605102.0,0.26703042
237,600406,2016-05-31,-0.00372578,32596553286.0,0.20620406
337,600567,2016-05-31,-0.00374417,10811116652.0,0.37275243
884,600997,2016-05-31,-0.00383142,6444820800.0,0.5927961
177,601005,2016-05-31,-0.00395257,11223137178.0,0.718119
510,600133,2016-05-31,-0.00395257,4814016702.0,0.6816659
82,600987,2016-05-31,-0.00410846,7731722700.0,0.4443117
759,600835,2016-05-31,-0.00424266,19984325922.0,0.43088138
810,600062,2016-05-31,-0.00437158,13257811980.0,0.37193906
470,601211,2016-05-31,-0.00439779,140223750000.0,0.32113692
167,600859,2016-05-31,-0.00446315,9597810394.0,0.39947087
93,603198,2016-05-31,-0.00457952,19216000000.0,0.27603573
646,600679,2016-05-31,-0.0046729,6024941020.0,0.59276414
351,600713,2016-05-31,-0.00472813,7592220576.0,0.47683215
606,600057,2016-05-31,-0.00484027,12094151202.0,0.45602155
92,601717,2016-05-31,-0.00519537,9305240280.0,0.5233387
472,601238,2016-05-31,-0.00521579,152767377174.0,0.3155155
1017,600236,2016-05-31,-0.0058404,42746740875.0,0.07038209
957,600695,2016-05-31,-0.00591017,6016177566.0,0.57315266
463,600886,2016-05-31,-0.006024100000000001,45059194712.0,0.089126274
519,600258,2016-05-31,-0.00616051,4632628000.0,0.5244584
1040,600802,2016-05-31,-0.00621118,3074083285.0,0.4563356
81,600986,2016-05-31,-0.00621891,13971693312.0,0.45022243
454,600826,2016-05-31,-0.00623389,11243768679.0,0.3810794
27,600250,2016-05-31,-0.00632911,3269873200.0,0.4197266
280,601226,2016-05-31,-0.00650054,10660650000.0,0.5398312
638,600548,2016-05-31,-0.00653801,17816893351.0,0.43303332
1019,600238,2016-05-31,-0.00665004,5391846000.0,0.47825563
70,600795,2016-05-31,-0.00677966,57968673510.0,0.055372566
401,600027,2016-05-31,-0.00680693,52076516976.0,0.36479884
712,600292,2016-05-31,-0.00682271,10041305334.0,0.3810643
461,600882,2016-05-31,-0.00691017,4044280940.0,-0.1034601
116,600351,2016-05-31,-0.00691138,8027823300.0,0.5014225
864,600642,2016-05-31,-0.00692042,26310781374.0,0.5069142
698,603869,2016-05-31,-0.00713012,6065532000.0,0.30695993
88,601558,2016-05-31,-0.00714286,16885680000.0,0.4968205
36,600373,2016-05-31,-0.00763184,28922962699.0,0.36865437
221,600246,2016-05-31,-0.0077821,6254352000.0,0.6138896
513,600137,2016-05-31,-0.00779133,2869863552.0,0.50146425
833,600265,2016-05-31,-0.00784314,3309900000.0,0.42159635
452,600824,2016-05-31,-0.00830565,6345243142.0,0.45258307
142,600583,2016-05-31,-0.00894965,31922181656.0,0.1835183
570,600966,2016-05-31,-0.00914634,4384849304.0,0.6075132
631,600461,2016-05-31,-0.00916031,5746486610.0,0.33208188
781,601601,2016-05-31,-0.00916086,247301980000.0,0.38973826
178,601006,2016-05-31,-0.00923077,96634144750.0,0.31693774
920,600262,2016-05-31,-0.00923873,4600200000.0,0.4478167
871,600716,2016-05-31,-0.00932091,7029815106.0,0.4512075
224,600320,2016-05-31,-0.00932401,18834363834.0,0.5229723
230,600350,2016-05-31,-0.00934579,25739737565.0,0.48655394
953,600691,2016-05-31,-0.00940439,5604150211.0,0.5949613
655,600688,2016-05-31,-0.00974026,66528000000.0,0.24353173
18,600098,2016-05-31,-0.009768,22054930494.0,0.40756565
829,600126,2016-05-31,-0.00990099,12902272068.0,0.38410425
449,600820,2016-05-31,-0.01000429,27133549343.0,0.35603672
128,600550,2016-05-31,-0.01008403,9130912245.0,0.63787365
1033,600439,2016-05-31,-0.01011324,5452396536.0,0.044078857
402,600028,2016-05-31,-0.01016496,584773942368.0,0.018496335
172,600894,2016-05-31,-0.01057393,12219845449.0,0.34266514
231,600354,2016-05-31,-0.01108374,4285753052.0,0.21875948
114,600279,2016-05-31,-0.0110957,4996231506.0,0.5788113
361,600785,2016-05-31,-0.01144601,5913796373.0,0.36920395
344,600665,2016-05-31,-0.01154751,4311971275.0,0.4880288
772,601058,2016-05-31,-0.01183432,7753507736.0,0.23379156
362,600787,2016-05-31,-0.01195762,16608497550.0,0.47234407
417,600284,2016-05-31,-0.01229896,7325432800.0,0.39760122
703,600221,2016-05-31,-0.01246106,39104803578.0,-0.032432646
358,600781,2016-05-31,-0.01246459,3134514685.0,0.45673072
616,600175,2016-05-31,-0.01260504,11666938500.0,0.54376245
465,601100,2016-05-31,-0.012701100000000002,7440300000.0,0.53600466
840,600340,2016-05-31,-0.01295547,72987183490.0,0.1359325
970,600769,2016-05-31,-0.01325967,3393543660.0,0.5218088
356,600719,2016-05-31,-0.01326086,3054726980.0,0.07181245
887,601010,2016-05-31,-0.01327956,9794400000.0,0.41514546
446,600748,2016-05-31,-0.01330604,13862600242.0,0.46844846
74,600898,2016-05-31,-0.01340694,3202001784.0,0.4636323
956,600694,2016-05-31,-0.01342942,11604825837.0,0.46452346
923,600269,2016-05-31,-0.01360544,10299144870.0,0.4150074
201,600031,2016-05-31,-0.01375246,38768005360.0,0.26499343
711,600291,2016-05-31,-0.01389578,22025247660.0,0.59485304
89,601633,2016-05-31,-0.01401869,78129422640.0,0.342017
466,601101,2016-05-31,-0.01401869,7703989086.0,0.55867314
269,600970,2016-05-31,-0.01408451,11209707981.0,0.5103427
191,601718,2016-05-31,-0.01419355,29891750000.0,0.38903332
154,600615,2016-05-31,-0.01432507,3412572075.0,0.5350062
382,601985,2016-05-31,-0.01443001,107868429900.0,0.042948723
180,601008,2016-05-31,-0.01455301,4903488933.0,0.50641286
184,601186,2016-05-31,-0.014836799999999999,137289164565.0,0.28091756
935,600592,2016-05-31,-0.01503488,4267232448.0,0.37595487
208,600100,2016-05-31,-0.01514154,45021624291.0,0.004530877
919,600261,2016-05-31,-0.0153417,10411577793.0,0.52913535
67,600792,2016-05-31,-0.01553398,5098106540.0,0.6168412
793,603300,2016-05-31,-0.01556629,5903777100.0,0.65667987
741,600628,2016-05-31,-0.01567742,6408181565.0,0.3478852
268,600819,2016-05-31,-0.01579779,5918018280.0,0.62667143
773,601111,2016-05-31,-0.01582894,91331561980.0,0.37414414
306,600150,2016-05-31,-0.01591665,31200582464.0,0.39517456
478,601618,2016-05-31,-0.016,71662500000.0,0.34597078
135,600573,2016-05-31,-0.0162963,3375000000.0,0.58508456
1050,601857,2016-05-31,-0.01631192,1348864606390.0,0.15974778
144,600585,2016-05-31,-0.01647676,80708378598.0,0.14647424
427,600469,2016-05-31,-0.01648521,6445254699.0,0.39078456
297,603885,2016-05-31,-0.01648558,34258779559.0,0.31298003
914,600186,2016-05-31,-0.01666667,5734931220.0,0.34877765
274,600978,2016-05-31,-0.01676964,16800917100.0,0.20202416
26,600190,2016-05-31,-0.01679842,8289486810.0,0.6927258
210,600103,2016-05-31,-0.01688555,5659615728.0,0.36571863
244,600535,2016-05-31,-0.01704233,39307713242.0,0.3031133
479,601628,2016-05-31,-0.01714716,611082922100.0,0.4227894
374,601566,2016-05-31,-0.01718651,9314869012.0,0.45043015
659,600703,2016-05-31,-0.01770782,51821487148.0,0.21276042
771,601000,2016-05-31,-0.01772152,15986397340.0,0.466441
870,600649,2016-05-31,-0.01778386,43677593570.0,0.105763555
1004,600115,2016-05-31,-0.01783061,88433403997.0,0.043386966
460,600881,2016-05-31,-0.01832994,12765733878.0,0.39076832
1010,600216,2016-05-31,-0.01860119,12581291520.0,0.22949912
680,601158,2016-05-31,-0.01877285,32688000000.0,0.4913183
943,600600,2016-05-31,-0.01889976,40029620364.0,0.35978842
731,600467,2016-05-31,-0.01897059,5800147768.0,0.3086142
713,600293,2016-05-31,-0.01910299,4147811304.0,0.09206039
654,600687,2016-05-31,-0.01928201,24727561133.0,0.3905406
1059,603006,2016-05-31,-0.01973944,4876470808.0,-0.16233283
1042,600804,2016-05-31,-0.01989247,26048446260.0,0.32829568
516,600252,2016-05-31,-0.02031603,15394724896.0,0.30236492
1046,600808,2016-05-31,-0.0203252,18943675752.0,0.4965432
905,600162,2016-05-31,-0.02050244,10392938976.0,0.49491364
719,600301,2016-05-31,-0.02055336,2974623465.0,0.6022451
782,601607,2016-05-31,-0.02061856,49556620515.0,0.35951856
335,600565,2016-05-31,-0.02073319,15623440920.0,0.32230034
576,601318,2016-05-31,-0.020782400000000003,598129498608.0,0.2778658
431,600626,2016-05-31,-0.02078472,7556983392.0,0.46483046
415,600282,2016-05-31,-0.02083333,9508974000.0,0.48908716
890,601016,2016-05-31,-0.02167488,21089467000.0,0.4300105
853,600493,2016-05-31,-0.02176344,3753600000.0,0.43298283
363,600789,2016-05-31,-0.02188184,5315600070.0,0.41539678
597,603456,2016-05-31,-0.0219697,11699059680.0,0.5549525
261,600811,2016-05-31,-0.02202643,19458664503.0,0.3071737
933,600543,2016-05-31,-0.02219041,4486046400.0,0.45331883
946,600603,2016-05-31,-0.02226027,2273417392.0,0.40605778
980,601166,2016-05-31,-0.0223556,308647856160.0,0.35048154
1055,603000,2016-05-31,-0.022366099999999996,18785691789.0,0.32705712
584,601998,2016-05-31,-0.02241379,271366496797.0,0.54091704
312,600169,2016-05-31,-0.02255639,9671580450.0,0.38973927
179,601007,2016-05-31,-0.0226209,3846000000.0,0.4146649
875,600863,2016-05-31,-0.02265372,17945932050.0,0.39295107
614,600170,2016-05-31,-0.02295918,27956879832.0,0.5345366
1006,600117,2016-05-31,-0.02330097,3817279395.0,0.51440763
357,600780,2016-05-31,-0.0233463,5893022850.0,0.6288874
213,600106,2016-05-31,-0.02344828,6581129500.0,0.5181675
1063,603555,2016-05-31,-0.02350176,15675420000.0,0.097408056
602,600053,2016-05-31,-0.02392972,15499083600.0,0.20530307
745,600635,2016-05-31,-0.02427184,15247943046.0,0.27464762
586,603020,2016-05-31,-0.02429668,7507200000.0,0.2535481
634,600507,2016-05-31,-0.02439024,6524377560.0,0.4643296
563,600875,2016-05-31,-0.02482622,23532587028.0,0.6191916
138,600578,2016-05-31,-0.02505695,20270039190.0,0.49996084
830,600127,2016-05-31,-0.02511774,4088158984.0,0.3220919
283,601958,2016-05-31,-0.02511962,26974412784.0,0.39069203
795,603599,2016-05-31,-0.02534979,7271711200.0,0.1816213
784,601800,2016-05-31,-0.02572897,177922089400.0,0.3142987
1039,600801,2016-05-31,-0.02624606,9779140589.0,0.53126794
687,601929,2016-05-31,-0.02634494,12940932992.0,0.4153086
901,600020,2016-05-31,-0.02643172,10203067972.0,0.5142289
900,600018,2016-05-31,-0.02671756,121430055428.0,0.18155812
708,600227,2016-05-31,-0.02707276,5616819675.0,0.55859125
761,600837,2016-05-31,-0.02712934,182301945000.0,0.06128964
476,601608,2016-05-31,-0.02717391,23953594536.0,0.26144347
902,600021,2016-05-31,-0.02746212,22595647008.0,0.37608075
505,600008,2016-05-31,-0.0275,19282456400.0,0.29253343
514,600138,2016-05-31,-0.02767992,14382700800.0,0.22743607
204,600036,2016-05-31,-0.02777778,453957220800.0,0.31992579
609,600088,2016-05-31,-0.02786885,8086696800.0,0.15214111
683,601808,2016-05-31,-0.02796074,59978911440.0,0.4162432
79,600984,2016-05-31,-0.02808989,5667201380.0,0.4886234
380,601933,2016-05-31,-0.02831422,35184187265.0,0.27348155
663,600773,2016-05-31,-0.02851829,11762216981.0,-0.20234951
451,600823,2016-05-31,-0.02853871,18928089246.0,0.3857984
985,601872,2016-05-31,-0.02866038,25914350109.0,0.35401887
903,600022,2016-05-31,-0.02868852,20545831632.0,0.467181
872,600860,2016-05-31,-0.02880184,3662960000.0,0.49371007
583,601992,2016-05-31,-0.02882206,42604306824.7,0.4975769
315,600249,2016-05-31,-0.02920723,3954500000.0,0.49366167
63,600726,2016-05-31,-0.02929688,10069377024.0,0.44997323
952,600690,2016-05-31,-0.0295082,55861700685.0,0.3158827
262,600812,2016-05-31,-0.02955436,10469766816.0,0.5350203
542,600506,2016-05-31,-0.02959364,3344084216.0,0.38298047
582,601991,2016-05-31,-0.02992519,53373250776.0,0.4673823
434,600637,2016-05-31,-0.02997602,65715995772.0,0.48713124
161,600853,2016-05-31,-0.03013183,2850448887.0,0.49099433
686,601928,2016-05-31,-0.03035879,27663063000.0,0.45646223
803,600015,2016-05-31,-0.03039216,108992836440.0,0.60964215
785,601801,2016-05-31,-0.0305541,22140300000.0,0.37856224
192,601727,2016-05-31,-0.03076923,100029595380.0,0.34309444
96,603588,2016-05-31,-0.03093883,9088384000.0,0.24064767
949,600606,2016-05-31,-0.03105486,138351915528.0,0.4949839
769,600958,2016-05-31,-0.03114951,93539666759.0,0.37351966
455,600827,2016-05-31,-0.03127506,21479522626.0,0.39507672
459,600880,2016-05-31,-0.03161313,9643189122.0,0.44104174
754,600739,2016-05-31,-0.03171642,24597733584.0,0.12248458
234,600401,2016-05-31,-0.03174603,11906836704.0,0.1893352
1015,600234,2016-05-31,-0.03175775,2741117486.0,0.5989666
729,600425,2016-05-31,-0.03189066,6052888539.0,0.3936515
183,601179,2016-05-31,-0.03200274,27577247312.0,0.43104118
807,600050,2016-05-31,-0.03246053,84786385600.0,0.38442457
1062,603309,2016-05-31,-0.03319956,5482000000.0,0.6148422
200,600030,2016-05-31,-0.03335319,203442892036.0,0.05382818
11,600090,2016-05-31,-0.03335919,18557254781.0,0.4328286
181,601009,2016-05-31,-0.03349627,60216943895.0,0.077632844
146,600587,2016-05-31,-0.03389121,9713631590.0,0.4570678
524,600317,2016-05-31,-0.03448276,22525980840.0,0.38600585
310,600161,2016-05-31,-0.03473428,14840292051.0,0.33873722
671,600871,2016-05-31,-0.03517588,56287790780.0,0.41399783
500,600000,2016-05-31,-0.03610848,359453035293.0,0.12768984
982,601169,2016-05-31,-0.03624535,136353191572.0,0.20696911
1012,600231,2016-05-31,-0.03658537,6197148606.0,0.361647
226,600322,2016-05-31,-0.03671706,5119391000.0,0.74537045
774,601113,2016-05-31,-0.03702092,8572084500.0,0.49357507
121,600395,2016-05-31,-0.03729604,14200345302.0,0.40077272
29,600256,2016-05-31,-0.03755869,22243269222.0,0.35374644
214,600107,2016-05-31,-0.03798077,7488000000.0,0.06285635
368,601021,2016-05-31,-0.03850782,40056000000.0,0.027935982
372,601390,2016-05-31,-0.03862069,165621185875.0,0.1686341
400,600026,2016-05-31,-0.03867593,25159885296.0,0.48248905
643,600676,2016-05-31,-0.03875135,8011453531.0,0.5928813
577,601333,2016-05-31,-0.03931204,28829995590.0,0.35159174
365,600864,2016-05-31,-0.03934987,6387161158.0,0.14071576
1,600070,2016-05-31,-0.03940568,5520370788.0,0.09721811
802,600012,2016-05-31,-0.03965054,24680116800.0,-0.13448066
645,600678,2016-05-31,-0.03977725,4386804300.0,0.396686
640,600673,2016-05-31,-0.03993856,16072369089.0,0.5257919
526,600415,2016-05-31,-0.04007408,35326460158.0,0.29767847
936,600593,2016-05-31,-0.04026014,2970680000.0,0.053979307
805,600017,2016-05-31,-0.04028436,12979259458.0,0.39901143
718,600300,2016-05-31,-0.04038772,10349680000.0,0.08720215
448,600783,2016-05-31,-0.04040853,16762971436.0,0.3297176
73,600895,2016-05-31,-0.04156923,29409615504.0,0.27026868
758,600834,2016-05-31,-0.04166667,6530584392.0,0.38619974
150,600611,2016-05-31,-0.04191804,16958641244.0,0.3533612
468,601199,2016-05-31,-0.04229763,7682668000.0,0.3777865
78,600983,2016-05-31,-0.04247104,9925385050.0,0.33460286
696,603686,2016-05-31,-0.04278215,10161270000.0,-0.02317369
915,600187,2016-05-31,-0.04291845,6783208772.0,0.5645417
839,600307,2016-05-31,-0.04296875,16034194944.0,0.31962037
1054,601919,2016-05-31,-0.0433145,54248417064.0,0.41880393
250,600618,2016-05-31,-0.04369993,15877372000.0,0.32632312
75,600980,2016-05-31,-0.04399603,4601305277.0,-0.36854598
955,600693,2016-05-31,-0.04409673,6314550573.0,0.20982672
136,600575,2016-05-31,-0.04415011,16512497337.0,0.62169373
187,601336,2016-05-31,-0.04446547,131894430248.0,0.11330733
618,600177,2016-05-31,-0.04483439,38961031141.0,0.26268774
1038,600800,2016-05-31,-0.04515272,4602870630.0,0.6131683
678,601099,2016-05-31,-0.04517134,29173833978.0,0.40177372
24,600157,2016-05-31,-0.04600484,51318534589.0,0.09184049
934,600590,2016-05-31,-0.046243400000000004,9470840520.0,0.26395494
873,600861,2016-05-31,-0.04632682,4498629580.0,0.41939414
603,600054,2016-05-31,-0.04650985,12704100000.0,0.33018476
141,600582,2016-05-31,-0.04661017,19534139608.0,0.4231521
13,600093,2016-05-31,-0.046851,14614266450.0,0.48654205
45,600389,2016-05-31,-0.04708677,4338180000.0,0.27678788
331,600502,2016-05-31,-0.04713981,7026532421.0,-0.026527673
1032,600438,2016-05-31,-0.04790419,14100604920.0,0.30539164
364,600798,2016-05-31,-0.04844961,5319190644.0,0.4834102
467,601106,2016-05-31,-0.04927007,35828240000.0,0.032218575
580,601669,2016-05-31,-0.04991681,82665347335.0,0.3791276
967,600766,2016-05-31,-0.05062459,3410491149.0,0.54332554
425,600428,2016-05-31,-0.05076142,12686706228.0,0.45864362
293,603566,2016-05-31,-0.05174644,7420800000.0,0.42320174
642,600675,2016-05-31,-0.05253283,9951426602.0,0.61730313
588,603022,2016-05-31,-0.05383212,4384000000.0,0.51221836
377,601766,2016-05-31,-0.05463918,264700955510.0,-0.10635018
125,600477,2016-05-31,-0.05470966,7639382304.0,0.39519918
416,600283,2016-05-31,-0.05540591,4673664392.0,0.23661605
849,600433,2016-05-31,-0.05676856,11645249064.0,0.22703598
112,600277,2016-05-31,-0.0570523,13185309745.0,0.1716884
861,600623,2016-05-31,-0.05767733,44741314917.0,0.4471125
502,600005,2016-05-31,-0.05802048,29574774814.0,0.2564793
1052,601886,2016-05-31,-0.05810236,12706090500.0,0.26636744
440,600742,2016-05-31,-0.05889645,5719592736.0,0.41519865
107,600271,2016-05-31,-0.05891657,46705792023.0,0.38792837
506,600009,2016-05-31,-0.05990617,53396020035.0,0.37514982
929,600462,2016-05-31,-0.06025641,4163484000.0,0.42923966
930,600463,2016-05-31,-0.06079602,4206000000.0,0.32111898
560,600707,2016-05-31,-0.06125696,9261044289.0,-0.34225515
621,600193,2016-05-31,-0.06187162,5500072890.0,-0.45426598
157,600619,2016-05-31,-0.06225681,11132091210.0,0.49045646
926,600429,2016-05-31,-0.06227545,12504604290.0,0.39809698
800,600010,2016-05-31,-0.06229508,99310249680.0,-0.52523637
806,600019,2016-05-31,-0.06297419,87110044888.0,0.18231055
877,600866,2016-05-31,-0.06379585,4046617245.0,0.7061017
395,603899,2016-05-31,-0.06448203,17406400000.0,0.2826949
820,600083,2016-05-31,-0.06591865,4919700000.0,0.3234067
308,600158,2016-05-31,-0.0662809,16064722016.0,-0.19934991
379,601918,2016-05-31,-0.06683805,10077207602.0,0.45773244
575,601233,2016-05-31,-0.06940874,11245212000.0,0.39481068
1028,600346,2016-05-31,-0.0704,17660543125.0,0.4748528
895,603268,2016-05-31,-0.07053073,3780480000.0,0.3446104
47,600650,2016-05-31,-0.07066052,17954908755.0,0.36565465
41,600383,2016-05-31,-0.07085202,50184470810.0,0.31812572
119,600366,2016-05-31,-0.07156748,14297639520.0,-0.23110422
257,600757,2016-05-31,-0.07190265,10971398712.0,0.058727443
867,600645,2016-05-31,-0.07282322,14632860270.0,0.28084686
509,600132,2016-05-31,-0.07468164,8048441056.0,0.27459317
222,600247,2016-05-31,-0.07534247,4420842624.0,0.66128016
838,600306,2016-05-31,-0.07658643,2442284319.0,0.47845608
4,600073,2016-05-31,-0.07735697,11637223095.0,0.17758551
267,600818,2016-05-31,-0.07958580000000001,10864939020.0,0.32332727
43,600386,2016-05-31,-0.08110189999999999,8269632000.0,0.172129
780,601600,2016-05-31,-0.08272506,61254610602.0,0.35605267
673,600873,2016-05-31,-0.08289550000000001,21384599008.0,0.012358487
909,600167,2016-05-31,-0.08324022,3776900000.0,-0.3185365
891,601018,2016-05-31,-0.08325857,70144000000.0,0.48246264
619,600179,2016-05-31,-0.08354866,4527900000.0,0.45300052
656,600689,2016-05-31,-0.08363418,3340475406.0,0.34115076
165,600857,2016-05-31,-0.08506616,3559956813.0,0.13031092
378,601866,2016-05-31,-0.08545035,50587931250.0,0.2519026
259,600759,2016-05-31,-0.08564536,18764477175.0,0.33566776
1044,600806,2016-05-31,-0.08613139,3637905535.0,0.6669848
294,603567,2016-05-31,-0.08704417,20528443000.0,-0.58585966
122,600421,2016-05-31,-0.08773842,3589260000.0,0.48608622
160,600851,2016-05-31,-0.08960328,17647168954.0,0.2699092
531,600476,2016-05-31,-0.09093841,4994780700.0,0.5414672
254,600754,2016-05-31,-0.09396155,29710838661.0,0.3030241
760,600836,2016-05-31,-0.09527559,8416964370.0,0.11280237
779,601377,2016-05-31,-0.09547124,54711807789.0,0.30880734
303,600146,2016-05-31,-0.09555556,5400000000.0,0.2658529
39,600381,2016-05-31,-0.09756098,10441724897.0,0.34143376
1023,600335,2016-05-31,-0.0988746,11702538140.0,0.41983587
325,600369,2016-05-31,-0.10480888,45781834801.0,0.35983294
55,600662,2016-05-31,-0.10512821,12324337740.0,0.2857182
432,600630,2016-05-31,-0.10572207,7796210360.0,0.2740692
1041,600803,2016-05-31,-0.10771581,12903925650.0,0.324742
512,600136,2016-05-31,-0.10824345,12647249912.0,0.05009091
763,600839,2016-05-31,-0.11066398,22942733674.0,-0.25835392
253,600753,2016-05-31,-0.11262259,4046080000.0,0.35131276
1001,600111,2016-05-31,-0.11309011,54641312640.0,-0.27865067
639,600671,2016-05-31,-0.11644623,4235470142.0,0.14115308
68,600793,2016-05-31,-0.12038634,3052647000.0,0.5379921
23,600156,2016-05-31,-0.12919897,4668505227.0,0.32764095
924,600319,2016-05-31,-0.12925852,3149628120.0,0.01362437
494,603399,2016-05-31,-0.13020439,6595100426.0,0.25055963
520,600259,2016-05-31,-0.1466468,17588433170.0,-0.3045744
715,600297,2016-05-31,-0.14941406,56324103168.0,0.5177639
925,600392,2016-05-31,-0.15085537,18152650026.0,-0.19754627
1016,600235,2016-05-31,-0.15123859,5388942000.0,0.10172054
235,600403,2016-05-31,-0.16011236,17022584288.0,-0.01958993
447,600749,2016-05-31,-0.19983065,4467437198.0,0.3693211
848,600423,2016-05-31,-0.26855895,3658023100.0,0.3042983
1011,600230,2016-05-31,-0.29113019,4112751036.0,0.33370826
21,600153,2016-05-31,-0.30122203,49077320655.0,0.3616224
611,600122,2016-05-31,-0.30959752,22286484492.0,0.24963044
