Date,HSI INDEX,HSCEI INDEX
2010/1/4,21823.28,12750.55
2010/1/5,22279.58,13142.03
2010/1/6,22416.67,13246.21
2010/1/7,22269.45,13073.2
2010/1/8,22296.75,13035.09
2010/1/11,22411.52,13119.03
2010/1/12,22326.64,12967.37
2010/1/13,21748.6,12482.18
2010/1/14,21716.95,12363.37
2010/1/15,21654.16,12356.88
2010/1/18,21460.01,12290.26
2010/1/19,21677.98,12600.76
2010/1/20,21286.17,12282.09
2010/1/21,20862.67,11957.83
2010/1/22,20726.18,11975.65
2010/1/25,20598.55,11858.46
2010/1/26,20109.33,11410.12
2010/1/27,20033.07,11372.69
2010/1/28,20356.37,11636.03
2010/1/29,20121.99,11498.2
2010/2/1,20243.75,11621.64
2010/2/2,20272.18,11570.35
2010/2/3,20722.08,11838.72
2010/2/4,20341.64,11605.88
2010/2/5,19665.08,11131.78
2010/2/8,19550.89,10989.19
2010/2/9,19790.28,11200.33
2010/2/10,19922.22,11345.64
2010/2/11,20290.69,11582.31
2010/2/12,20268.69,11536.36
2010/2/17,20534.01,11708.34
2010/2/18,20422.15,11601.67
2010/2/19,19894.02,11263.83
2010/2/22,20377.27,11519.56
2010/2/23,20623,11619.68
2010/2/24,20467.74,11493.41
2010/2/25,20399.57,11388.5
2010/2/26,20608.7,11543.73
2010/3/1,21056.93,11913.45
2010/3/2,20906.11,12017.55
2010/3/3,20876.79,12048.25
2010/3/4,20575.78,11775.06
2010/3/5,20787.97,11927.37
2010/3/8,21196.87,12202.8
2010/3/9,21207.55,12210.34
2010/3/10,21208.29,12217.33
2010/3/11,21228.2,12170.04
2010/3/12,21209.74,12173.28
2010/3/15,21079.1,11971.49
2010/3/16,21022.93,11940.47
2010/3/17,21384.49,12231.47
2010/3/18,21330.67,12208.36
2010/3/19,21370.82,12262.36
2010/3/22,20933.25,12008.65
2010/3/23,20987.78,12020.85
2010/3/24,21008.62,12048.63
2010/3/25,20778.55,11902.49
2010/3/26,21053.11,12050.33
2010/3/29,21237.43,12215.48
2010/3/30,21374.79,12414.2
2010/3/31,21239.35,12397.59
2010/4/1,21537,12696.05
2010/4/7,21928.77,12987.82
2010/4/8,21867.04,12855.31
2010/4/9,22208.5,13046.72
2010/4/12,22138.17,12953.45
2010/4/13,22103.53,12839.85
2010/4/14,22121.43,12842.47
2010/4/15,22157.82,12813.88
2010/4/16,21865.26,12557.4
2010/4/19,21405.17,12253.78
2010/4/20,21623.38,12436.56
2010/4/21,21510.93,12370.98
2010/4/22,21454.94,12330.89
2010/4/23,21244.49,12168.18
2010/4/26,21587.06,12380.71
2010/4/27,21261.79,12171.01
2010/4/28,20949.4,11987.67
2010/4/29,20778.92,11881.4
2010/4/30,21108.59,12181.2
2010/5/3,20811.36,11944.96
2010/5/4,20763.05,11864.22
2010/5/5,20327.54,11539.88
2010/5/6,20133.41,11449.22
2010/5/7,19920.29,11379.56
2010/5/10,20426.64,11717.32
2010/5/11,20146.51,11509.22
2010/5/12,20212.49,11510.3
2010/5/13,20422.46,11729.71
2010/5/14,20145.43,11588.97
2010/5/17,19715.2,11232.62
2010/5/18,19944.94,11426.18
2010/5/19,19578.98,11124.59
2010/5/20,19545.83,11048.38
2010/5/24,19667.76,11242.55
2010/5/25,18985.5,10729.05
2010/5/26,19196.45,11016.05
2010/5/27,19431.37,11208.76
2010/5/28,19766.71,11508.49
2010/5/31,19765.19,11494.31
2010/6/1,19496.95,11233.96
2010/6/2,19471.8,11158.84
2010/6/3,19786.71,11397.41
2010/6/4,19780.07,11375.51
2010/6/7,19378.15,11093.46
2010/6/8,19487.48,11090.75
2010/6/9,19621.24,11163.35
2010/6/10,19632.7,11178.17
2010/6/11,19872.38,11340.38
2010/6/14,20051.91,11520.95
2010/6/15,20062.15,11556.45
2010/6/17,20138.4,11583.5
2010/6/18,20286.71,11622.69
2010/6/21,20912.18,12134.42
2010/6/22,20819.08,12061.34
2010/6/23,20856.61,12020.38
2010/6/24,20733.49,11935.95
2010/6/25,20690.79,11865.17
2010/6/28,20726.68,11856.55
2010/6/29,20248.9,11536.2
2010/6/30,20128.99,11466.24
2010/7/2,19905.32,11247.1
2010/7/5,19842.2,11184.33
2010/7/6,20084.12,11456.42
2010/7/7,19857.07,11305.18
2010/7/8,20050.56,11375.29
2010/7/9,20378.66,11620.68
2010/7/12,20467.43,11673.37
2010/7/13,20431.06,11622.61
2010/7/14,20560.81,11656.61
2010/7/15,20255.62,11427.94
2010/7/16,20250.16,11419.62
2010/7/19,20090.95,11310.7
2010/7/20,20264.59,11507.22
2010/7/21,20487.23,11689.91
2010/7/22,20589.7,11754.69
2010/7/23,20815.33,11915.58
2010/7/26,20839.91,11875.03
2010/7/27,20973.39,11931.12
2010/7/28,21091.18,11972.75
2010/7/29,21093.82,11942.21
2010/7/30,21029.81,11905
2010/8/2,21412.79,12181.45
2010/8/3,21457.66,12120.83
2010/8/4,21549.88,12137.82
2010/8/5,21551.72,12128.68
2010/8/6,21678.8,12161.75
2010/8/9,21801.59,12225.84
2010/8/10,21473.6,11943.68
2010/8/11,21294.54,11737.63
2010/8/12,21105.71,11597.02
2010/8/13,21071.57,11641.33
2010/8/16,21112.12,11726.9
2010/8/17,21137.43,11754.63
2010/8/18,21022.73,11711.04
2010/8/19,21072.46,11848.46
2010/8/20,20981.82,11779.67
2010/8/23,20889.01,11670.39
2010/8/24,20658.71,11573.25
2010/8/25,20634.98,11495.79
2010/8/26,20612.06,11436.22
2010/8/27,20597.35,11395.05
2010/8/30,20737.22,11531.72
2010/8/31,20536.49,11402.9
2010/9/1,20623.83,11498.94
2010/9/2,20868.92,11688.84
2010/9/3,20971.5,11767.41
2010/9/6,21355.77,11960.57
2010/9/7,21401.79,11956.23
2010/9/8,21088.86,11776.72
2010/9/9,21167.27,11830.46
2010/9/10,21257.39,11835.93
2010/9/13,21658.35,12088.51
2010/9/14,21696.04,12135.51
2010/9/15,21725.64,12088.3
2010/9/16,21691.45,12001.41
2010/9/17,21970.86,12171.19
2010/9/20,21977.34,12164.65
2010/9/21,22002.59,12193.31
2010/9/22,22047.71,12196
2010/9/24,22119.43,12218.6
2010/9/27,22340.84,12316.8
2010/9/28,22109.95,12180.2
2010/9/29,22378.67,12429.28
2010/9/30,22358.17,12406.1
2010/10/4,22618.66,12614.18
2010/10/5,22639.14,12682.85
2010/10/6,22880.41,12772.03
2010/10/7,22884.32,12738.07
2010/10/8,22944.18,12758.23
2010/10/11,23207.31,12951.9
2010/10/12,23121.7,12979
2010/10/13,23457.69,13301.49
2010/10/14,23852.17,13575.95
2010/10/15,23757.63,13613.22
2010/10/18,23469.38,13420.32
2010/10/19,23763.73,13573.6
2010/10/20,23556.5,13448.83
2010/10/21,23649.48,13615.41
2010/10/22,23517.54,13494.8
2010/10/25,23627.91,13626.08
2010/10/26,23601.24,13642.45
2010/10/27,23164.58,13259.1
2010/10/28,23210.86,13326.9
2010/10/29,23096.32,13168.68
2010/11/1,23652.94,13508.17
2010/11/2,23671.42,13523.21
2010/11/3,24144.67,13820.99
2010/11/4,24535.63,13948.49
2010/11/5,24876.82,14107.29
2010/11/8,24964.37,14204.13
2010/11/9,24710.6,14022.95
2010/11/10,24500.61,13889.32
2010/11/11,24700.3,14088.03
2010/11/12,24222.58,13663.14
2010/11/15,24027.18,13416.25
2010/11/16,23693.02,13192.58
2010/11/17,23214.46,12876.34
2010/11/18,23637.39,13168.49
2010/11/19,23605.71,13170.65
2010/11/22,23524.02,13193.71
2010/11/23,22896.14,12817.32
2010/11/24,23023.86,12872.05
2010/11/25,23054.68,12931.11
2010/11/26,22877.25,12757.1
2010/11/29,23166.22,12888.27
2010/11/30,23007.99,12817.59
2010/12/1,23249.8,12949.85
2010/12/2,23448.78,13087.4
2010/12/3,23320.52,12937.1
2010/12/6,23237.69,12804.77
2010/12/7,23428.15,12922.24
2010/12/8,23092.52,12735.86
2010/12/9,23171.8,12731.42
2010/12/10,23162.91,12661.01
2010/12/13,23317.61,12751.82
2010/12/14,23431.19,12865.05
2010/12/15,22975.35,12585.04
2010/12/16,22668.78,12434.95
2010/12/17,22714.85,12468.88
2010/12/20,22639.08,12408.49
2010/12/21,22993.86,12607.43
2010/12/22,23045.19,12611.3
2010/12/23,22902.97,12516.52
2010/12/24,22833.8,12442.94
2010/12/28,22621.73,12309.59
2010/12/29,22969.3,12508.52
2010/12/30,22999.34,12586.84
2010/12/31,23035.45,12692.43
2011/1/3,23436.05,12884.85
2011/1/4,23668.48,13016.37
2011/1/5,23757.82,12994.41
2011/1/6,23786.3,12983.29
2011/1/7,23686.63,12925.71
2011/1/10,23527.26,12806.59
2011/1/11,23760.34,12918.07
2011/1/12,24125.61,13126.98
2011/1/13,24238.98,13182.59
2011/1/14,24283.23,13152.14
2011/1/17,24156.97,12938.05
2011/1/18,24153.98,12967.2
2011/1/19,24419.62,13132.33
2011/1/20,24003.7,12845.49
2011/1/21,23876.86,12735.57
2011/1/24,23801.78,12596.43
2011/1/25,23788.83,12562.05
2011/1/26,23843.24,12649.97
2011/1/27,23779.62,12649.6
2011/1/28,23617.02,12565.56
2011/1/31,23447.34,12560.66
2011/2/1,23482.95,12534.86
2011/2/2,23908.96,12710.89
2011/2/7,23553.59,12454.07
2011/2/8,23484.3,12526.26
2011/2/9,23164.03,12278.6
2011/2/10,22708.62,12022.6
2011/2/11,22828.92,12081.82
2011/2/14,23121.06,12398.05
2011/2/15,22899.78,12280.27
2011/2/16,23156.97,12437.23
2011/2/17,23301.84,12574.77
2011/2/18,23595.24,12742.53
2011/2/21,23485.42,12651.38
2011/2/22,22990.81,12351.66
2011/2/23,22906.9,12251.61
2011/2/24,22601.04,12059.75
2011/2/25,23012.37,12270.43
2011/2/28,23338.02,12504.53
2011/3/1,23396.42,12620.31
2011/3/2,23048.66,12507.02
2011/3/3,23122.42,12658.18
2011/3/4,23408.86,12849.77
2011/3/7,23313.19,12820.81
2011/3/8,23711.7,12990.8
2011/3/9,23810.11,13088.93
2011/3/10,23614.89,12992.5
2011/3/11,23249.78,12752.01
2011/3/14,23345.88,12882.75
2011/3/15,22678.25,12551.96
2011/3/16,22700.88,12642.77
2011/3/17,22284.43,12457.68
2011/3/18,22300.23,12427.92
2011/3/21,22685.22,12645.65
2011/3/22,22857.9,12783.2
2011/3/23,22825.4,12752.61
2011/3/24,22915.28,12831.94
2011/3/25,23158.67,12975.54
2011/3/28,23068.19,12894.47
2011/3/29,23060.36,12920.44
2011/3/30,23451.43,13162
2011/3/31,23527.52,13315.84
2011/4/1,23801.9,13451.48
2011/4/4,24150.58,13586.7
2011/4/6,24285.05,13657.63
2011/4/7,24281.8,13647.79
2011/4/8,24396.07,13652.92
2011/4/11,24303.07,13684.06
2011/4/12,23976.37,13437.53
2011/4/13,24135.03,13566.46
2011/4/14,24014,13481.73
2011/4/15,24008.07,13533.58
2011/4/18,23830.31,13410.9
2011/4/19,23520.62,13246.86
2011/4/20,23896.1,13492.38
2011/4/21,24138.31,13659.35
2011/4/26,24007.38,13558.41
2011/4/27,23892.84,13452.44
2011/4/28,23805.63,13319.96
2011/4/29,23720.81,13208.71
2011/5/3,23633.25,13106.54
2011/5/4,23315.24,12866.59
2011/5/5,23261.61,12807.76
2011/5/6,23159.14,12848.82
2011/5/9,23336,12934.47
2011/5/11,23291.8,12962.33
2011/5/12,23073.76,12795.95
2011/5/13,23276.27,12894.13
2011/5/16,22960.63,12676.79
2011/5/17,22901.08,12733.21
2011/5/18,23011.14,12870.83
2011/5/19,23163.38,12935.59
2011/5/20,23199.39,12947.94
2011/5/23,22711.02,12624.16
2011/5/24,22730.78,12680.99
2011/5/25,22747.28,12689.66
2011/5/26,22900.79,12752.08
2011/5/27,23118.07,12960.82
2011/5/30,23184.32,13004.31
2011/5/31,23684.13,13268.39
2011/6/1,23626.43,13232.39
2011/6/2,23253.84,12976.86
2011/6/3,22949.56,12750.66
2011/6/7,22868.67,12721.48
2011/6/8,22661.63,12581.55
2011/6/9,22609.83,12472.59
2011/6/10,22420.37,12380.81
2011/6/13,22508.08,12432.84
2011/6/14,22496,12488.27
2011/6/15,22343.77,12397.6
2011/6/16,21953.11,12161.42
2011/6/17,21695.26,12045.05
2011/6/20,21599.51,12009.33
2011/6/21,21850.59,12148.74
2011/6/22,21859.97,12148.94
2011/6/23,21759.14,12066.52
2011/6/24,22171.95,12436.74
2011/6/27,22041.77,12478.61
2011/6/28,22061.78,12486.79
2011/6/29,22061.18,12404.52
2011/6/30,22398.1,12576.68
2011/7/4,22770.47,12873.6
2011/7/5,22747.95,12842.39
2011/7/6,22517.55,12598.34
2011/7/7,22530.18,12640.34
2011/7/8,22726.43,12756.32
2011/7/11,22347.23,12497.32
2011/7/12,21663.16,12032.03
2011/7/13,21926.88,12293.65
2011/7/14,21940.2,12327.21
2011/7/15,21875.38,12266.32
2011/7/18,21804.75,12258.45
2011/7/19,21902.4,12296.96
2011/7/20,22003.69,12382.67
2011/7/21,21987.29,12322.25
2011/7/22,22444.8,12598.77
2011/7/25,22293.29,12440.64
2011/7/26,22572.08,12604.68
2011/7/27,22541.69,12587.66
2011/7/28,22570.74,12517.53
2011/7/29,22440.25,12373.64
2011/8/1,22663.37,12540.4
2011/8/2,22421.46,12278.78
2011/8/3,21992.72,12007.1
2011/8/4,21884.74,11893.5
2011/8/5,20946.14,11434.59
2011/8/8,20490.57,11113.45
2011/8/9,19330.7,10426.07
2011/8/10,19783.67,10580.41
2011/8/11,19595.14,10502.73
2011/8/12,19620.01,10452.64
2011/8/15,20260.1,10944.17
2011/8/16,20212.08,10946.64
2011/8/17,20289.03,10936.11
2011/8/18,20016.27,10718.46
2011/8/19,19399.92,10277.38
2011/8/22,19486.87,10245.8
2011/8/23,19875.53,10578.96
2011/8/24,19466.79,10255.63
2011/8/25,19752.48,10430.39
2011/8/26,19582.88,10299.58
2011/8/29,19865.11,10511.87
2011/8/30,20204.17,10747.08
2011/8/31,20534.85,10943.29
2011/9/1,20585.33,10922.53
2011/9/2,20212.91,10664.45
2011/9/5,19616.4,10299.17
2011/9/6,19710.5,10347.04
2011/9/7,20048,10544.86
2011/9/8,19912.82,10499.89
2011/9/9,19866.63,10468.89
2011/9/12,19030.54,9967.86
2011/9/14,19045.44,9968.86
2011/9/15,19181.5,10051.67
2011/9/16,19455.31,10249.2
2011/9/19,18917.95,9866.97
2011/9/20,19014.8,9916.23
2011/9/21,18824.17,9822.67
2011/9/22,17911.95,9202.7
2011/9/23,17668.83,9033.09
2011/9/26,17407.8,8735.4
2011/9/27,18130.55,9294.22
2011/9/28,18011.06,9277.49
2011/9/30,17592.41,8917.36
2011/10/3,16822.15,8408.26
2011/10/4,16250.27,8102.58
2011/10/6,17172.28,8571.49
2011/10/7,17707.01,8887.53
2011/10/10,17711.06,8869.55
2011/10/11,18141.59,9257.34
2011/10/12,18329.46,9455.84
2011/10/13,18757.81,9802.58
2011/10/14,18501.79,9584.83
2011/10/17,18873.99,9853.34
2011/10/18,18076.46,9340.43
2011/10/19,18309.22,9449.14
2011/10/20,17983.1,9196.68
2011/10/21,18025.72,9219.73
2011/10/24,18771.82,9717.65
2011/10/25,18968.2,9860.98
2011/10/26,19066.54,10050.59
2011/10/27,19688.7,10565.76
2011/10/28,20019.24,10625.16
2011/10/31,19864.87,10512.99
2011/11/1,19369.96,10184.48
2011/11/2,19733.71,10445.85
2011/11/3,19242.5,10294.92
2011/11/4,19842.79,10705.48
2011/11/7,19677.89,10646.75
2011/11/8,19678.47,10686.02
2011/11/9,20014.43,10917.7
2011/11/10,18963.89,10300.18
2011/11/11,19137.17,10430.07
2011/11/14,19508.18,10716.9
2011/11/15,19348.44,10637.86
2011/11/16,18960.9,10332.09
2011/11/17,18817.47,10228.65
2011/11/18,18491.23,9957.4
2011/11/21,18225.85,9725.82
2011/11/22,18251.59,9745.35
2011/11/23,17864.43,9476.15
2011/11/24,17935.1,9566.29
2011/11/25,17689.48,9395.91
2011/11/28,18037.81,9609.86
2011/11/29,18256.2,9714.09
2011/11/30,17989.35,9508.94
2011/12/1,19002.26,10281.99
2011/12/2,19040.39,10350.51
2011/12/5,19179.69,10412.96
2011/12/6,18942.23,10258.54
2011/12/7,19240.58,10485.05
2011/12/8,19107.81,10395.37
2011/12/9,18586.23,10066.63
2011/12/12,18575.66,10059.35
2011/12/13,18447.17,9957.15
2011/12/14,18354.43,9888.15
2011/12/15,18026.84,9678.86
2011/12/16,18285.39,9867.41
2011/12/19,18070.21,9727.08
2011/12/20,18080.2,9740.01
2011/12/21,18416.45,9950.71
2011/12/22,18378.23,9944.62
2011/12/23,18629.17,10132.66
2011/12/28,18518.67,9980.51
2011/12/29,18397.92,9944.58
2011/12/30,18434.39,9936.48
2012/1/3,18877.41,10235.17
2012/1/4,18727.31,10094.41
2012/1/5,18813.41,10140.92
2012/1/6,18593.06,9987.33
2012/1/9,18865.72,10225.81
2012/1/10,19004.28,10413.61
2012/1/11,19151.94,10517.07
2012/1/12,19095.38,10519.21
2012/1/13,19204.42,10637.03
2012/1/16,19012.2,10489.59
2012/1/17,19627.75,10962.42
2012/1/18,19686.92,10952.6
2012/1/19,19942.95,11138.49
2012/1/20,20110.37,11146.99
2012/1/26,20439.14,11416.88
2012/1/27,20501.67,11446.52
2012/1/30,20160.41,11145.6
2012/1/31,20390.49,11299.05
2012/2/1,20333.37,11253.8
2012/2/2,20739.45,11583.47
2012/2/3,20756.98,11605.57
2012/2/6,20709.94,11564.86
2012/2/7,20699.19,11499.77
2012/2/8,21018.46,11705.86
2012/2/9,21010.01,11669.15
2012/2/10,20783.86,11405.22
2012/2/13,20887.4,11467.66
2012/2/14,20917.83,11413.16
2012/2/15,21365.23,11685.73
2012/2/16,21277.28,11577.36
2012/2/17,21491.62,11711.51
2012/2/20,21424.79,11669.51
2012/2/21,21478.72,11689.69
2012/2/22,21549.28,11823.6
2012/2/23,21380.99,11714.29
2012/2/24,21406.86,11689.84
2012/2/27,21217.86,11540.23
2012/2/28,21568.73,11761.3
2012/2/29,21680.08,11826.76
2012/3/1,21387.96,11602.44
2012/3/2,21562.26,11738.71
2012/3/5,21265.31,11470.7
2012/3/6,20806.25,11119.17
2012/3/7,20627.78,10976.49
2012/3/8,20900.73,11168.5
2012/3/9,21086,11256.28
2012/3/12,21134.18,11225.91
2012/3/13,21339.7,11356.28
2012/3/14,21307.89,11300.41
2012/3/15,21353.53,11240.57
2012/3/16,21317.85,11216.39
2012/3/19,21115.29,11036.1
2012/3/20,20888.24,10870.61
2012/3/21,20856.63,10776
2012/3/22,20901.56,10767.49
2012/3/23,20668.8,10658.07
2012/3/26,20668.86,10591.52
2012/3/27,21046.91,10811.07
2012/3/28,20885.42,10701.37
2012/3/29,20609.39,10532.98
2012/3/30,20555.58,10640.16
2012/4/2,20522.26,10658.76
2012/4/3,20790.98,10859.49
2012/4/5,20593,10744.91
2012/4/10,20356.24,10596.91
2012/4/11,20140.67,10503.83
2012/4/12,20327.32,10664.61
2012/4/13,20701.04,10936.9
2012/4/16,20610.64,10844.74
2012/4/17,20562.31,10794.6
2012/4/18,20780.73,10896.89
2012/4/19,20995.01,11047.43
2012/4/20,21010.64,11050.16
2012/4/23,20624.39,10810.48
2012/4/24,20677.16,10817.16
2012/4/25,20646.29,10812.79
2012/4/26,20809.71,10911.55
2012/4/27,20741.45,10905.1
2012/4/30,21094.21,11081
2012/5/2,21309.08,11145.96
2012/5/3,21249.53,10987.06
2012/5/4,21086,10882.18
2012/5/7,20536.65,10574.41
2012/5/8,20484.75,10525.75
2012/5/9,20330.64,10356.64
2012/5/10,20227.28,10289.81
2012/5/11,19964.63,10143.07
2012/5/14,19735.04,9986.98
2012/5/15,19894.31,10084.59
2012/5/16,19259.83,9741.97
2012/5/17,19200.93,9700.87
2012/5/18,18951.85,9577.18
2012/5/21,18922.32,9582.46
2012/5/22,19039.15,9698.6
2012/5/23,18786.19,9573.94
2012/5/24,18666.4,9541.33
2012/5/25,18713.41,9539.29
2012/5/28,18800.99,9647.79
2012/5/29,19055.46,9858.19
2012/5/30,18690.22,9690.67
2012/5/31,18629.52,9686.03
2012/6/1,18558.34,9620.87
2012/6/4,18185.59,9375.33
2012/6/5,18259.03,9397.99
2012/6/6,18520.53,9438.03
2012/6/7,18678.29,9473.46
2012/6/8,18502.34,9352.79
2012/6/11,18953.63,9574.8
2012/6/12,18872.56,9519.53
2012/6/13,19026.52,9658.47
2012/6/14,18808.4,9518.59
2012/6/15,19233.94,9744.55
2012/6/18,19427.81,9818.76
2012/6/19,19416.67,9800.23
2012/6/20,19518.85,9821.22
2012/6/21,19265.07,9663.42
2012/6/22,18995.13,9504.19
2012/6/25,18897.45,9364.03
2012/6/26,18981.84,9398.29
2012/6/27,19176.95,9461.22
2012/6/28,19025.27,9336.38
2012/6/29,19441.46,9574.84
2012/7/3,19735.53,9711.57
2012/7/4,19709.75,9684.47
2012/7/5,19809.13,9702.91
2012/7/6,19800.64,9679.62
2012/7/9,19428.09,9447.24
2012/7/10,19396.36,9386.66
2012/7/11,19419.87,9373.34
2012/7/12,19025.11,9166.71
2012/7/13,19092.63,9237.04
2012/7/16,19121.34,9218.78
2012/7/17,19455.33,9380.67
2012/7/18,19239.88,9292.55
2012/7/19,19559.05,9514.85
2012/7/20,19640.8,9570.51
2012/7/23,19053.47,9271.6
2012/7/24,18903.2,9217.23
2012/7/25,18877.33,9218.86
2012/7/26,18892.79,9210.92
2012/7/27,19274.96,9398.85
2012/7/30,19585.4,9523.43
2012/7/31,19796.81,9674.27
2012/8/1,19820.38,9762.37
2012/8/2,19690.2,9669.21
2012/8/3,19666.18,9660.99
2012/8/6,19998.72,9812.92
2012/8/7,20072.55,9851.75
2012/8/8,20065.52,9867.76
2012/8/9,20269.47,9962.17
2012/8/10,20136.12,9905.22
2012/8/13,20081.36,9814.59
2012/8/14,20291.68,9915.44
2012/8/15,20052.29,9779.06
2012/8/16,19962.95,9741.78
2012/8/17,20116.07,9831.12
2012/8/20,20104.27,9794.86
2012/8/21,20100.09,9825.95
2012/8/22,19887.78,9698.83
2012/8/23,20132.24,9836.14
2012/8/24,19880.03,9674.82
2012/8/27,19798.67,9544.62
2012/8/28,19811.8,9521.77
2012/8/29,19788.51,9470.46
2012/8/30,19552.91,9340.86
2012/8/31,19482.57,9280.25
2012/9/3,19559.21,9287.51
2012/9/4,19429.91,9195.78
2012/9/5,19145.07,9020.34
2012/9/6,19209.3,9069.39
2012/9/7,19802.16,9428.21
2012/9/10,19827.17,9393.6
2012/9/11,19857.88,9377.07
2012/9/12,20075.39,9488.52
2012/9/13,20047.63,9480.27
2012/9/14,20629.78,9829.43
2012/9/17,20658.11,9780.92
2012/9/18,20601.93,9683.89
2012/9/19,20841.91,9849.06
2012/9/20,20590.92,9707.91
2012/9/21,20734.94,9804.77
2012/9/24,20694.7,9767.49
2012/9/25,20698.68,9745.4
2012/9/26,20527.73,9628.4
2012/9/27,20762.29,9768.7
2012/9/28,20840.38,9831.62
2012/10/3,20888.28,9828.22
2012/10/4,20907.95,9848.53
2012/10/5,21012.38,9965.18
2012/10/8,20824.56,9839.84
2012/10/9,20937.28,9967.04
2012/10/10,20919.6,10041.11
2012/10/11,20999.05,10231.2
2012/10/12,21136.43,10345.28
2012/10/15,21148.25,10375.32
2012/10/16,21207.07,10367.46
2012/10/17,21416.64,10491.46
2012/10/18,21518.71,10636.25
2012/10/19,21551.76,10683.61
2012/10/22,21697.55,10742.79
2012/10/24,21763.78,10638.73
2012/10/25,21810.23,10616.43
2012/10/26,21545.57,10449.53
2012/10/29,21511.05,10546.24
2012/10/30,21428.58,10458.26
2012/10/31,21641.82,10582.05
2012/11/1,21821.87,10701.21
2012/11/2,22111.33,10833.73
2012/11/5,22006.4,10768.28
2012/11/6,21944.43,10734.42
2012/11/7,22099.85,10813.34
2012/11/8,21566.91,10527.13
2012/11/9,21384.38,10454.85
2012/11/12,21430.3,10443.47
2012/11/13,21188.65,10230.07
2012/11/14,21441.99,10405.76
2012/11/15,21108.93,10199.6
2012/11/16,21159.01,10242.7
2012/11/19,21262.06,10290.21
2012/11/20,21228.28,10227.24
2012/11/21,21524.36,10397.73
2012/11/22,21743.2,10492.09
2012/11/23,21913.98,10606.99
2012/11/26,21861.81,10568.41
2012/11/27,21844.03,10527.84
2012/11/28,21708.98,10399.16
2012/11/29,21922.89,10488.1
2012/11/30,22030.39,10622.67
2012/12/3,21767.85,10458.91
2012/12/4,21799.97,10523.89
2012/12/5,22270.91,10830.04
2012/12/6,22249.81,10865.07
2012/12/7,22191.17,10919.24
2012/12/10,22276.72,10993.9
2012/12/11,22323.94,10991.86
2012/12/12,22503.35,11161.56
2012/12/13,22445.58,11142.92
2012/12/14,22605.98,11307.42
2012/12/17,22513.61,11294.11
2012/12/18,22494.73,11301.72
2012/12/19,22623.37,11388.4
2012/12/20,22659.78,11352.45
2012/12/21,22506.29,11229.09
2012/12/24,22541.18,11270.94
2012/12/27,22619.78,11348.5
2012/12/28,22666.59,11378.24
2012/12/31,22656.92,11436.16
2013/1/2,23311.98,11897.66
2013/1/3,23398.6,11987.23
2013/1/4,23331.09,11937.45
2013/1/7,23329.75,11973.07
2013/1/8,23111.19,11714.15
2013/1/9,23218.47,11817.77
2013/1/10,23354.31,11931.47
2013/1/11,23264.07,11842.59
2013/1/14,23413.26,12003.75
2013/1/15,23381.51,12006.82
2013/1/16,23356.99,11907.52
2013/1/17,23339.76,11858.21
2013/1/18,23601.78,12105.71
2013/1/21,23590.91,12125.89
2013/1/22,23658.99,12196.74
2013/1/23,23635.1,12166.7
2013/1/24,23598.9,12095.77
2013/1/25,23580.43,12001.81
2013/1/28,23671.88,12100.08
2013/1/29,23655.17,12077.87
2013/1/30,23822.06,12172.24
2013/1/31,23729.53,12130.59
2013/2/1,23721.84,12215.03
2013/2/4,23685.01,12156.58
2013/2/5,23148.53,11813.39
2013/2/6,23256.93,11849.25
2013/2/7,23177,11681.96
2013/2/8,23215.16,11649.78
2013/2/14,23413.25,11821.44
2013/2/15,23444.56,11845.2
2013/2/18,23381.94,11735.22
2013/2/19,23143.91,11525.7
2013/2/20,23307.41,11683.04
2013/2/21,22906.67,11426.22
2013/2/22,22782.44,11317.13
2013/2/25,22820.08,11333.98
2013/2/26,22519.69,11104.1
2013/2/27,22577.01,11144.34
2013/2/28,23020.27,11437.17
2013/3/1,22880.22,11344.24
2013/3/4,22537.81,11104.65
2013/3/5,22560.5,11169.52
2013/3/6,22777.84,11359.04
2013/3/7,22771.44,11311.45
2013/3/8,23091.95,11484.35
2013/3/11,23090.82,11435.82
2013/3/12,22890.6,11292.14
2013/3/13,22556.65,11037.41
2013/3/14,22619.18,11101.96
2013/3/15,22533.11,11020.89
2013/3/18,22083.36,10794.7
2013/3/19,22041.86,10740.05
2013/3/20,22256.44,10978.75
2013/3/21,22225.88,10944.35
2013/3/22,22115.3,10896.48
2013/3/25,22251.15,10978
2013/3/26,22311.08,10925.13
2013/3/27,22464.82,11033.61
2013/3/28,22299.63,10896.22
2013/4/2,22367.82,10811.44
2013/4/3,22337.49,10758.8
2013/4/5,21726.9,10429.31
2013/4/8,21718.05,10429.76
2013/4/9,21870.34,10610.77
2013/4/10,22034.56,10694.23
2013/4/11,22101.27,10708.25
2013/4/12,22089.05,10655.68
2013/4/15,21772.67,10440.76
2013/4/16,21672.03,10426.56
2013/4/17,21569.67,10300.93
2013/4/18,21512.52,10266.59
2013/4/19,22013.57,10587.32
2013/4/22,22044.37,10590.75
2013/4/23,21806.61,10425.09
2013/4/24,22183.05,10634.37
2013/4/25,22401.24,10772.76
2013/4/26,22547.71,10834.08
2013/4/29,22580.77,10785.58
2013/4/30,22737.01,10917.97
2013/5/2,22668.3,10825.35
2013/5/3,22689.96,10845.99
2013/5/6,22915.09,11001.77
2013/5/7,23047.09,11115.05
2013/5/8,23244.35,11284.74
2013/5/9,23211.48,11266.89
2013/5/10,23321.22,11347.41
2013/5/13,22989.81,11109.27
2013/5/14,22930.28,11032.79
2013/5/15,23044.24,11083.29
2013/5/16,23082.68,11019.48
2013/5/20,23493.03,11186.54
2013/5/21,23366.37,11083.23
2013/5/22,23261.08,11053.04
2013/5/23,22669.68,10746.7
2013/5/24,22618.67,10722.3
2013/5/27,22686.05,10753.49
2013/5/28,22924.25,10920.58
2013/5/29,22554.93,10751.29
2013/5/30,22484.31,10689.99
2013/5/31,22392.16,10599.21
2013/6/3,22282.19,10548.13
2013/6/4,22285.52,10537.49
2013/6/5,22069.24,10473.18
2013/6/6,21838.43,10361.22
2013/6/7,21575.26,10187.27
2013/6/10,21615.09,10126.97
2013/6/11,21354.66,9959.74
2013/6/13,20887.04,9688.3
2013/6/14,20969.14,9667.42
2013/6/17,21225.9,9744.48
2013/6/18,21225.88,9733.54
2013/6/19,20986.89,9584.54
2013/6/20,20382.87,9265.3
2013/6/21,20263.31,9237.47
2013/6/24,19813.98,8938.63
2013/6/25,19855.72,8871.28
2013/6/26,20338.55,9164.64
2013/6/27,20440.08,9158.61
2013/6/28,20803.29,9311.44
2013/7/2,20658.65,9203.85
2013/7/3,20147.31,8900.25
2013/7/4,20468.67,9024.01
2013/7/5,20854.67,9209.34
2013/7/8,20582.19,9063.3
2013/7/9,20683.01,9051.23
2013/7/10,20904.56,9215.08
2013/7/11,21437.49,9551.61
2013/7/12,21277.28,9433.66
2013/7/15,21303.31,9445.56
2013/7/16,21312.38,9419.51
2013/7/17,21371.87,9480.85
2013/7/18,21345.22,9492.07
2013/7/19,21362.42,9448.51
2013/7/22,21416.5,9415.06
2013/7/23,21915.42,9780.16
2013/7/24,21968.93,9778.51
2013/7/25,21900.96,9752.6
2013/7/26,21968.95,9755.66
2013/7/29,21850.15,9641.07
2013/7/30,21953.96,9669.61
2013/7/31,21883.66,9658.54
2013/8/1,22088.79,9723.93
2013/8/2,22190.97,9734.81
2013/8/5,22222.01,9725.96
2013/8/6,21923.7,9650.42
2013/8/7,21588.84,9446.38
2013/8/8,21655.88,9484.64
2013/8/9,21807.56,9599.46
2013/8/12,22271.28,9928.04
2013/8/13,22541.13,10185.55
2013/8/15,22539.25,10206.74
2013/8/16,22517.81,10220.2
2013/8/19,22463.7,10199.08
2013/8/20,21970.29,9905.76
2013/8/21,21817.73,9856.86
2013/8/22,21895.4,9967.77
2013/8/23,21863.51,9932.35
2013/8/26,22005.32,10075.09
2013/8/27,21874.77,9988.23
2013/8/28,21524.65,9765.19
2013/8/29,21704.78,9850.72
2013/8/30,21731.37,9825.21
2013/9/2,22175.34,10055.05
2013/9/3,22394.58,10250.97
2013/9/4,22326.22,10233.03
2013/9/5,22597.97,10338.89
2013/9/6,22621.22,10334.07
2013/9/9,22750.65,10528.69
2013/9/10,22976.65,10697.44
2013/9/11,22937.14,10636.71
2013/9/12,22953.72,10637.53
2013/9/13,22915.28,10538.94
2013/9/16,23252.41,10706.63
2013/9/17,23180.52,10650.64
2013/9/18,23117.45,10588.01
2013/9/19,23502.51,10769.54
2013/9/23,23371.54,10717.72
2013/9/24,23179.04,10599.15
2013/9/25,23209.63,10598.18
2013/9/26,23125.03,10541.03
2013/9/27,23207.04,10494.36
2013/9/30,22859.86,10316.12
2013/10/2,22984.48,10333.59
2013/10/3,23214.4,10514.55
2013/10/4,23138.54,10517.28
2013/10/7,22973.95,10427.17
2013/10/8,23178.85,10534.94
2013/10/9,23033.97,10505.51
2013/10/10,22951.3,10460.18
2013/10/11,23218.32,10580.75
2013/10/15,23336.52,10671.17
2013/10/16,23228.33,10629.78
2013/10/17,23094.88,10568.71
2013/10/18,23340.1,10644.04
2013/10/21,23438.15,10668.2
2013/10/22,23315.99,10653.43
2013/10/23,22999.95,10457.32
2013/10/24,22835.82,10322.12
2013/10/25,22698.34,10177.82
2013/10/28,22806.58,10258.42
2013/10/29,22846.54,10390.56
2013/10/30,23304.02,10640.89
2013/10/31,23206.37,10627.02
2013/11/1,23249.79,10678.69
2013/11/4,23189.62,10686.06
2013/11/5,23038.95,10637.15
2013/11/6,23036.94,10561.57
2013/11/7,22881.03,10474.33
2013/11/8,22744.39,10390.73
2013/11/11,23069.85,10582.9
2013/11/12,22901.41,10561.61
2013/11/13,22463.83,10276.61
2013/11/14,22649.15,10391.13
2013/11/15,23032.15,10702.7
2013/11/18,23660.06,11307.33
2013/11/19,23657.81,11365.45
2013/11/20,23700.86,11437.44
2013/11/21,23580.29,11333.14
2013/11/22,23696.28,11448.74
2013/11/25,23684.45,11387.21
2013/11/26,23681.28,11302.03
2013/11/27,23806.35,11401.96
2013/11/28,23789.09,11385.29
2013/11/29,23881.29,11441.27
2013/12/2,24038.55,11548.07
2013/12/3,23910.47,11448.35
2013/12/4,23728.7,11368.78
2013/12/5,23712.57,11395.74
2013/12/6,23743.1,11376.17
2013/12/9,23811.17,11432.92
2013/12/10,23744.19,11382.16
2013/12/11,23338.24,11073.93
2013/12/12,23218.12,10962.18
2013/12/13,23245.96,11025.82
2013/12/16,23114.66,10932.27
2013/12/17,23069.23,10894.29
2013/12/18,23143.82,10961.54
2013/12/19,22888.75,10777.91
2013/12/20,22812.18,10628.5
2013/12/23,22921.56,10647.35
2013/12/24,23179.55,10834.43
2013/12/27,23243.24,10830.1
2013/12/30,23244.87,10770.69
2013/12/31,23306.39,10816.14
2014/1/2,23340.05,10709.34
2014/1/3,22817.28,10436.76
2014/1/6,22684.15,10290.55
2014/1/7,22712.78,10236.12
2014/1/8,22996.59,10329.82
2014/1/9,22787.33,10152.82
2014/1/10,22846.25,10164.68
2014/1/13,22888.76,10182.46
2014/1/14,22791.28,10149.22
2014/1/15,22902,10201.79
2014/1/16,22986.41,10187.52
2014/1/17,23133.35,10167.28
2014/1/20,22928.95,10040.16
2014/1/21,23033.12,10218.41
2014/1/22,23082.25,10326.73
2014/1/23,22733.9,10109.49
2014/1/24,22450.06,10014.02
2014/1/27,21976.1,9792.58
2014/1/28,21960.64,9763.97
2014/1/29,22141.61,9898.02
2014/1/30,22035.42,9818.36
2014/2/4,21397.77,9509.65
2014/2/5,21269.38,9470.62
2014/2/6,21423.13,9537.71
2014/2/7,21636.85,9645.39
2014/2/10,21579.26,9613.77
2014/2/11,21962.98,9856.85
2014/2/12,22285.79,9996.76
2014/2/13,22165.53,9872.71
2014/2/14,22298.41,9933.73
2014/2/17,22535.94,10101.21
2014/2/18,22587.72,10057.83
2014/2/19,22664.52,10057.52
2014/2/20,22394.08,9978.06
2014/2/21,22568.24,9936.25
2014/2/24,22388.56,9797.86
2014/2/25,22317.2,9740.56
2014/2/26,22437.44,9806.03
2014/2/27,22828.18,9957.77
2014/2/28,22836.96,9891.42
2014/3/3,22500.67,9751.65
2014/3/4,22657.63,9776.77
2014/3/5,22579.78,9661.99
2014/3/6,22702.97,9672.98
2014/3/7,22660.49,9709.49
2014/3/10,22264.93,9536.85
2014/3/11,22269.61,9520.26
2014/3/12,21901.95,9364.52
2014/3/13,21756.08,9322.93
2014/3/14,21539.49,9298.64
2014/3/17,21473.95,9333.03
2014/3/18,21583.5,9342.28
2014/3/19,21568.69,9360.7
2014/3/20,21182.16,9203.07
2014/3/21,21436.7,9427.33
2014/3/24,21846.45,9694.96
2014/3/25,21732.32,9690.86
2014/3/26,21887.75,9849.63
2014/3/27,21834.45,9873.53
2014/3/28,22065.53,10001.82
2014/3/31,22151.06,10075.1
2014/4/1,22448.54,10098.28
2014/4/2,22523.94,10022.83
2014/4/3,22565.08,10093.8
2014/4/4,22510.08,10110.01
2014/4/7,22377.15,10156.89
2014/4/8,22596.97,10321.82
2014/4/9,22843.17,10380.74
2014/4/10,23186.96,10421.31
2014/4/11,23003.64,10228.42
2014/4/14,23038.8,10244.02
2014/4/15,22671.26,10028.74
2014/4/16,22696.01,10035.96
2014/4/17,22760.24,10080.23
2014/4/22,22730.68,10030.72
2014/4/23,22509.64,9905.63
2014/4/24,22562.8,9940.63
2014/4/25,22223.53,9798.7
2014/4/28,22132.53,9770.1
2014/4/29,22453.89,9882.94
2014/4/30,22133.97,9779.72
2014/5/2,22260.67,9802.46
2014/5/5,21976.33,9743.29
2014/5/7,21746.26,9655.56
2014/5/8,21837.12,9734.97
2014/5/9,21862.99,9684.58
2014/5/12,22261.61,9827.85
2014/5/13,22352.38,9855.8
2014/5/14,22582.77,9991.61
2014/5/15,22730.86,9971.24
2014/5/16,22712.91,9955.35
2014/5/19,22704.5,9915.29
2014/5/20,22834.68,9884.22
2014/5/21,22836.52,9995.39
2014/5/22,22953.76,10109.57
2014/5/23,22965.86,10121.06
2014/5/26,22963.18,10126.48
2014/5/27,22944.3,10082.85
2014/5/28,23080.03,10198.02
2014/5/29,23010.14,10185.21
2014/5/30,23081.65,10249.69
2014/6/3,23291.04,10368.12
2014/6/4,23151.71,10317.82
2014/6/5,23109.66,10364.58
2014/6/6,22951,10340.99
2014/6/9,23117.47,10406.79
2014/6/10,23315.74,10518.8
2014/6/11,23257.29,10508.4
2014/6/12,23175.02,10431.66
2014/6/13,23319.17,10516.98
2014/6/16,23300.67,10522.13
2014/6/17,23203.59,10466.65
2014/6/18,23181.72,10444.41
2014/6/19,23167.73,10354.06
2014/6/20,23194.06,10395.45
2014/6/23,22804.81,10198.1
2014/6/24,22880.64,10250.16
2014/6/25,22866.7,10180.05
2014/6/26,23197.83,10337.02
2014/6/27,23221.52,10307.51
2014/6/30,23190.72,10335.03
2014/7/2,23549.62,10448.17
2014/7/3,23531.44,10454.27
2014/7/4,23546.36,10489.56
2014/7/7,23540.92,10487.34
2014/7/8,23541.38,10504.98
2014/7/9,23176.07,10341
2014/7/10,23238.99,10368.13
2014/7/11,23233.45,10379.61
2014/7/14,23346.67,10457.77
2014/7/15,23459.96,10489.15
2014/7/16,23523.28,10475.38
2014/7/17,23520.87,10467.06
2014/7/18,23454.79,10441.23
2014/7/21,23387.14,10355.73
2014/7/22,23782.11,10605.22
2014/7/23,23971.87,10820.71
2014/7/24,24141.5,10939.57
2014/7/25,24216.01,10993.24
2014/7/28,24428.63,11072.62
2014/7/29,24640.53,11122.22
2014/7/30,24732.21,11119.32
2014/7/31,24756.85,11130.2
2014/8/1,24532.43,10982.65
2014/8/4,24600.08,11088.96
2014/8/5,24648.26,11009.84
2014/8/6,24584.13,10979.93
2014/8/7,24387.56,10876.61
2014/8/8,24331.41,10832.66
2014/8/11,24646.02,11037.88
2014/8/12,24689.41,11064.35
2014/8/13,24890.34,11193.89
2014/8/14,24801.36,11075.11
2014/8/15,24954.94,11103.92
2014/8/18,24955.46,11065.21
2014/8/19,25122.95,11094.59
2014/8/20,25159.76,11055.98
2014/8/21,24994.1,10942.37
2014/8/22,25112.23,11058.69
2014/8/25,25166.91,11115.79
2014/8/26,25074.5,11124.33
2014/8/27,24918.75,11074.31
2014/8/28,24741,10931.6
2014/8/29,24742.06,10963.59
2014/9/1,24752.09,10958.81
2014/9/2,24749.02,10966.16
2014/9/3,25317.95,11312.54
2014/9/4,25297.92,11386.38
2014/9/5,25240.15,11368.34
2014/9/8,25190.45,11408.67
2014/9/10,24705.36,11117.89
2014/9/11,24662.64,11032.91
2014/9/12,24595.32,11014.69
2014/9/15,24356.99,10834.73
2014/9/16,24136.01,10718.01
2014/9/17,24376.41,10893.01
2014/9/18,24168.72,10799.43
2014/9/19,24306.16,10783.33
2014/9/22,23955.49,10597.3
2014/9/23,23837.07,10568.8
2014/9/24,23921.61,10716.76
2014/9/25,23768.13,10640.09
2014/9/26,23678.41,10584.29
2014/9/29,23229.21,10439.03
2014/9/30,22932.98,10310.4
2014/10/3,23064.56,10348.53
2014/10/6,23315.04,10409.72
2014/10/7,23422.52,10469.21
2014/10/8,23263.33,10395.43
2014/10/9,23534.53,10483.5
2014/10/10,23088.54,10301.46
2014/10/13,23143.38,10284.9
2014/10/14,23047.97,10254.79
2014/10/15,23140.05,10284.88
2014/10/16,22900.94,10185.55
2014/10/17,23023.21,10234.02
2014/10/20,23070.26,10295.52
2014/10/21,23088.58,10275.98
2014/10/22,23403.97,10426.89
2014/10/23,23333.18,10438.86
2014/10/24,23302.2,10391.64
2014/10/27,23143.23,10311.58
2014/10/28,23520.36,10548.83
2014/10/29,23819.87,10724.15
2014/10/30,23702.04,10628.88
2014/10/31,23998.06,10755.8
2014/11/3,23915.97,10660.24
2014/11/4,23845.66,10727.78
2014/11/5,23695.62,10622
2014/11/6,23649.31,10568.69
2014/11/7,23550.24,10539.33
2014/11/10,23744.7,10615.82
2014/11/11,23808.28,10652.06
2014/11/12,23938.18,10729.76
2014/11/13,24019.94,10800.91
2014/11/14,24087.38,10761.51
2014/11/17,23797.08,10554.3
2014/11/18,23529.17,10426.11
2014/11/19,23373.31,10380.56
2014/11/20,23349.64,10379.43
2014/11/21,23437.12,10447.18
2014/11/24,23893.14,10842.83
2014/11/25,23843.91,10782.91
2014/11/26,24111.98,11051.35
2014/11/27,24004.28,11013.87
2014/11/28,23987.45,11145.39
2014/12/1,23367.45,10818.2
2014/12/2,23654.3,11125.79
2014/12/3,23428.62,11060.21
2014/12/4,23832.56,11481.03
2014/12/5,24002.64,11600.48
2014/12/8,24047.67,11873.41
2014/12/9,23485.83,11332.92
2014/12/10,23524.52,11372.45
2014/12/11,23312.54,11255.43
2014/12/12,23249.2,11236.39
2014/12/15,23027.85,11212.65
2014/12/16,22670.5,11136.9
2014/12/17,22585.84,11269.43
2014/12/18,22832.21,11330.73
2014/12/19,23116.63,11400.19
2014/12/22,23408.57,11744.02
2014/12/23,23333.69,11677.74
2014/12/24,23349.34,11558.02
2014/12/29,23773.18,12019.75
2014/12/30,23501.1,11844.1
2014/12/31,23605.04,11984.69
2015/1/2,23857.82,12245.35
2015/1/5,23721.32,12206.71
2015/1/6,23485.41,11990.79
2015/1/7,23681.26,11991.02
2015/1/8,23835.53,12023.75
2015/1/9,23919.95,12081.24
2015/1/12,24026.46,12016.66
2015/1/13,24215.97,12063.02
2015/1/14,24112.6,12008.37
2015/1/15,24350.91,12190.52
2015/1/16,24103.52,12076.74
2015/1/19,23738.49,11475.85
2015/1/20,23951.16,11741.78
2015/1/21,24352.58,12021.32
2015/1/22,24522.63,12047.27
2015/1/23,24850.45,12260.06
2015/1/26,24909.9,12228.16
2015/1/27,24807.28,12030.38
2015/1/28,24861.81,11963.64
2015/1/29,24595.85,11736.09
2015/1/30,24507.05,11720.1
2015/2/2,24484.74,11578.3
2015/2/3,24554.78,11768.58
2015/2/4,24679.76,11767.49
2015/2/5,24765.49,11789.19
2015/2/6,24679.39,11697.32
2015/2/9,24521,11647.42
2015/2/10,24528.1,11695.26
2015/2/11,24315.02,11651.01
2015/2/12,24422.15,11783.61
2015/2/13,24682.54,11922.56
2015/2/16,24726.53,11934.57
2015/2/17,24784.88,11998.51
2015/2/18,24832.08,12066.1
2015/2/23,24836.76,12041.49
2015/2/24,24750.07,12046.2
2015/2/25,24778.28,12064.8
2015/2/26,24902.06,12227.75
2015/2/27,24823.29,12185.85
2015/3/2,24887.44,12213.75
2015/3/3,24702.78,11945.25
2015/3/4,24465.38,11738.67
2015/3/5,24193.04,11597.77
2015/3/6,24164,11606.93
2015/3/9,24123.05,11675.92
2015/3/10,23896.98,11507.63
2015/3/11,23717.97,11417.34
2015/3/12,23797.96,11565.8
2015/3/13,23823.21,11712.23
2015/3/16,23949.55,11813.78
2015/3/17,23901.49,11837.78
2015/3/18,24120.08,11981.97
2015/3/19,24468.89,12122.2
2015/3/20,24375.24,12156.4
2015/3/23,24494.51,12177.82
2015/3/24,24399.6,12005.02
2015/3/25,24528.23,11968.91
2015/3/26,24497.08,11919.69
2015/3/27,24486.2,11898.09
2015/3/30,24855.12,12306.56
2015/3/31,24900.89,12346.09
2015/4/1,25082.75,12537.28
2015/4/2,25275.64,12663.12
2015/4/8,26236.86,13396.59
2015/4/9,26944.39,13748.37
2015/4/10,27272.39,13987.53
2015/4/13,28016.34,14590.45
2015/4/14,27561.49,14264.81
2015/4/15,27618.82,14471.82
2015/4/16,27739.71,14720.13
2015/4/17,27653.12,14536.67
2015/4/20,27094.93,14111.34
2015/4/21,27850.49,14531.28
2015/4/22,27933.85,14669.73
2015/4/23,27827.7,14478.2
2015/4/24,28060.98,14488.99
2015/4/27,28433.59,14741.2
2015/4/28,28442.75,14714.79
2015/4/29,28400.34,14603.04
2015/4/30,28133,14431.11
2015/5/4,28123.82,14459.15
2015/5/5,27755.54,14077.62
2015/5/6,27640.91,13997.35
2015/5/7,27289.97,13768.47
2015/5/8,27577.34,14049.66
2015/5/11,27718.2,14182.98
2015/5/12,27407.18,13973
2015/5/13,27249.28,13859.55
2015/5/14,27286.55,13775.95
2015/5/15,27822.28,14009.76
2015/5/18,27591.25,13926.28
2015/5/19,27693.54,14191.5
2015/5/20,27585.05,14235.9
2015/5/21,27523.72,14132.16
2015/5/22,27992.83,14433.36
2015/5/26,28249.86,14801.94
2015/5/27,28081.21,14701.88
2015/5/28,27454.31,14183
2015/5/29,27424.19,14103.81
2015/6/1,27597.16,14299.45
2015/6/2,27466.72,14201.63
2015/6/3,27657.47,14114.94
2015/6/4,27551.89,14127.01
2015/6/5,27260.16,13914.61
2015/6/8,27316.28,14113.98
2015/6/9,26989.52,13861.96
2015/6/10,26687.64,13616.67
2015/6/11,26907.85,13743.25
2015/6/12,27280.54,13984
2015/6/15,26861.81,13622.76
2015/6/16,26566.7,13252.93
2015/6/17,26753.79,13414.83
2015/6/18,26694.66,13263.37
2015/6/19,26760.53,13186.05
2015/6/22,27080.85,13383.68
2015/6/23,27333.46,13609.47
2015/6/24,27404.97,13684.8
2015/6/25,27145.75,13467.9
2015/6/26,26663.87,13088.19
2015/6/29,25966.98,12694.66
2015/6/30,26250.03,12981.23
2015/7/2,26282.32,12784.65
2015/7/3,26064.11,12608.98
2015/7/6,25236.28,12231.43
2015/7/7,24975.31,11827.3
2015/7/8,23516.56,11107.3
2015/7/9,24392.79,11446.37
2015/7/10,24901.28,11858.55
2015/7/13,25224.01,12003.83
2015/7/14,25120.91,11836.17
2015/7/15,25055.76,11681.2
2015/7/16,25162.78,11749.08
2015/7/17,25415.27,11850.14
2015/7/20,25404.81,11773.92
2015/7/21,25536.43,11871.54
2015/7/22,25282.62,11734.27
2015/7/23,25398.85,11834.47
2015/7/24,25128.51,11679.02
2015/7/27,24351.96,11230.67
2015/7/28,24503.94,11173.04
2015/7/29,24619.45,11273.69
2015/7/30,24497.98,11137.33
2015/7/31,24636.28,11131.68
2015/8/3,24411.42,11009.96
2015/8/4,24406.12,11074.92
2015/8/5,24514.16,11125.84
2015/8/6,24375.28,11093.27
2015/8/7,24552.47,11227.94
2015/8/10,24521.12,11291.66
2015/8/11,24498.21,11264.64
2015/8/12,23916.02,11042.79
2015/8/13,24018.8,11080.92
2015/8/14,23991.03,11060.06
2015/8/17,23814.65,10962.24
2015/8/18,23474.97,10770.05
2015/8/19,23167.85,10642.24
2015/8/20,22757.47,10402.72
2015/8/21,22409.62,10195.05
2015/8/24,21251.57,9602.29
2015/8/25,21404.96,9514.04
2015/8/26,21080.39,9427.93
2015/8/27,21838.54,9863.61
2015/8/28,21612.39,9750.73
2015/8/31,21670.58,9741.41
2015/9/1,21185.43,9454.11
2015/9/2,20934.94,9301.32
2015/9/4,20840.61,9169.59
2015/9/7,20583.52,9103.22
2015/9/8,21259.04,9479.48
2015/9/9,22131.31,9975.53
2015/9/10,21562.5,9780.16
2015/9/11,21504.37,9718.28
2015/9/14,21561.9,9728.72
2015/9/15,21455.23,9704.27
2015/9/16,21966.66,9904.71
2015/9/17,21854.63,9964.17
2015/9/18,21920.83,10028.38
2015/9/21,21756.93,9899.37
2015/9/22,21796.58,9835.39
2015/9/23,21302.91,9570.25
2015/9/24,21095.98,9469.81
2015/9/25,21186.32,9512.26
2015/9/29,20556.6,9230.5
2015/9/30,20846.3,9405.5
2015/10/2,21506.09,9686.64
2015/10/5,21854.5,9883.71
2015/10/6,21831.62,9931.53
2015/10/7,22515.76,10394.79
2015/10/8,22354.91,10287.41
2015/10/9,22458.8,10406.79
2015/10/12,22730.93,10538.19
2015/10/13,22600.46,10437.69
2015/10/14,22439.91,10334.42
2015/10/15,22888.17,10552.93
2015/10/16,23067.37,10637.01
2015/10/19,23075.61,10688.54
2015/10/20,22989.22,10649.45
2015/10/22,22845.37,10600.52
2015/10/23,23151.94,10742.04
2015/10/26,23116.25,10747.68
2015/10/27,23142.73,10714.79
2015/10/28,22956.57,10558.47
2015/10/29,22819.94,10439.38
2015/10/30,22640.04,10396.58
2015/11/2,22370.04,10240.33
2015/11/3,22568.43,10283.42
2015/11/4,23053.57,10560.74
2015/11/5,23051.04,10617.67
2015/11/6,22867.33,10555.97
2015/11/9,22726.77,10506.41
2015/11/10,22401.7,10314.74
2015/11/11,22352.17,10245.53
2015/11/12,22888.92,10408.93
2015/11/13,22396.14,10181.47
2015/11/16,22010.82,9978.7
2015/11/17,22264.25,10073.43
2015/11/18,22188.26,10055.28
2015/11/19,22500.22,10193.11
2015/11/20,22754.72,10302
2015/11/23,22665.9,10229.43
2015/11/24,22587.63,10156.63
2015/11/25,22498,10127.87
2015/11/26,22488.94,10108.39
2015/11/27,22068.32,9855.66
2015/11/30,21996.42,9790.64
2015/12/1,22381.35,9947.94
2015/12/2,22479.69,10050.36
2015/12/3,22417.01,9987.84
2015/12/4,22235.89,9834.28
2015/12/7,22203.22,9798.19
2015/12/8,21905.13,9660.87
2015/12/9,21803.76,9558.76
2015/12/10,21704.61,9450.49
2015/12/11,21464.05,9308
2015/12/14,21309.85,9315.91
2015/12/15,21274.37,9344.07
2015/12/16,21701.21,9538.66
2015/12/17,21872.06,9666.52
2015/12/18,21755.56,9634.41
2015/12/21,21791.68,9746.99
2015/12/22,21830.02,9731.53
2015/12/23,22040.59,9882.95
2015/12/24,22138.13,9953.21
2015/12/28,21919.62,9789.46
2015/12/29,21999.62,9788.91
2015/12/30,21882.15,9659.88
2015/12/31,21914.4,9661.03
2016/1/4,21327.12,9311.18
2016/1/5,21188.72,9223.01
2016/1/6,20980.81,9137.79
2016/1/7,20333.34,8753.97
2016/1/8,20453.71,8845.89
2016/1/11,19888.5,8505.16
2016/1/12,19711.76,8439.31
2016/1/13,19934.88,8494.49
2016/1/14,19817.41,8459.63
2016/1/15,19520.77,8236.28
2016/1/18,19237.45,8134.81
2016/1/19,19635.81,8377.8
2016/1/20,18886.3,8015.44
2016/1/21,18542.15,7835.64
2016/1/22,19080.51,8104.98
2016/1/25,19340.14,8173.11
2016/1/26,18860.8,7895.16
2016/1/27,19052.45,7959.51
2016/1/28,19195.83,8028.58
2016/1/29,19683.11,8241.36
2016/2/1,19595.5,8144.85
2016/2/2,19446.84,8058.83
2016/2/3,18991.59,7858.31
2016/2/4,19183.09,7974.4
2016/2/5,19288.17,8054.87
2016/2/11,18545.8,7657.92
2016/2/12,18319.58,7505.37
2016/2/15,18918.14,7863.84
2016/2/16,19122.08,8028.34
2016/2/17,18924.57,7928.76
2016/2/18,19363.08,8166.47
2016/2/19,19285.5,8112.57
2016/2/22,19464.09,8221.37
2016/2/23,19414.78,8170.62
2016/2/24,19192.45,8061.71
2016/2/25,18888.75,7871.94
2016/2/26,19364.15,8034.3
2016/2/29,19111.93,7916.34
2016/3/1,19407.46,8068.29
2016/3/2,20003.49,8374.09
2016/3/3,19941.76,8390.79
2016/3/4,20176.7,8557.69
2016/3/7,20159.72,8626.31
2016/3/8,20011.58,8505.22
2016/3/9,19996.26,8441.48
2016/3/10,19984.42,8420.14
2016/3/11,20199.6,8561.37
2016/3/14,20435.34,8686.27
2016/3/15,20288.77,8605.63
2016/3/16,20257.7,8571.36
2016/3/17,20503.81,8773.83
2016/3/18,20671.63,8883.01
2016/3/21,20684.15,8928.65
2016/3/22,20666.75,8900.19
2016/3/23,20615.23,8873.33
2016/3/24,20345.61,8701.13
2016/3/29,20366.3,8726.93
2016/3/30,20803.39,8979.41
2016/3/31,20776.7,9003.25
2016/4/1,20498.92,8842.86
2016/4/5,20177,8679.04
2016/4/6,20206.67,8668.63
2016/4/7,20266.05,8647.33
2016/4/8,20370.4,8704.81
2016/4/11,20440.81,8807.06
2016/4/12,20504.44,8841.86
2016/4/13,21158.71,9191.49
2016/4/14,21337.81,9237.9
2016/4/15,21316.47,9214.98
2016/4/18,21161.5,9090.85
2016/4/19,21436.21,9244.45
2016/4/20,21236.31,9134.42
2016/4/21,21622.25,9248.4
2016/4/22,21467.04,9120.91
2016/4/25,21304.44,8986.33
2016/4/26,21407.27,9016.12
2016/4/27,21361.6,9037.48
2016/4/28,21388.03,9060.93
2016/4/29,21067.05,8939.47
2016/5/3,20676.94,8748.7
2016/5/4,20525.83,8697.37
2016/5/5,20449.82,8626.73
2016/5/6,20109.87,8471.7
2016/5/9,20156.81,8450.72
2016/5/10,20242.68,8486.16
2016/5/11,20055.29,8443.67
2016/5/12,19915.46,8413.72
2016/5/13,19719.29,8301.39
2016/5/16,19883.95,8312.61
2016/5/17,20118.8,8425.78
2016/5/18,19826.41,8301.01
2016/5/19,19694.33,8243.2
2016/5/20,19852.2,8303.58
2016/5/23,19809.03,8308.21
2016/5/24,19830.43,8306.56
2016/5/25,20368.05,8536.38
2016/5/26,20397.11,8526.19
2016/5/27,20576.77,8595.28
2016/5/30,20629.39,8624.76
2016/5/31,20815.09,8704.9
2016/6/1,20760.98,8708.29
2016/6/2,20859.22,8756.38
2016/6/3,20947.24,8809.81
2016/6/6,21030.22,8865.35
2016/6/7,21328.24,9004.3
2016/6/8,21297.88,9027.82
2016/6/10,21042.64,8831.97
2016/6/13,20512.99,8619.92
2016/6/14,20387.53,8583.09
2016/6/15,20467.52,8609.59
2016/6/16,20038.42,8409.81
2016/6/17,20169.98,8485.87
2016/6/20,20510.2,8639.51
2016/6/21,20668.44,8704.4
2016/6/22,20795.12,8763.11
2016/6/23,20868.34,8785.07
2016/6/24,20259.13,8530.1
2016/6/27,20227.3,8567.21
2016/6/28,20172.46,8536.16
2016/6/29,20436.12,8571.44
2016/6/30,20794.37,8712.89
2016/7/4,21059.2,8802.35
2016/7/5,20750.72,8643.31
2016/7/6,20495.29,8503.14
2016/7/7,20706.92,8600.99
2016/7/8,20564.17,8534.79
2016/7/11,20880.5,8703
2016/7/12,21224.74,8855.31
2016/7/13,21322.37,8909.06
2016/7/14,21561.06,9010.1
2016/7/15,21659.25,9049.66
2016/7/18,21803.18,9090.95
2016/7/19,21673.2,8988.79
2016/7/20,21882.48,9023.11
2016/7/21,22000.49,9057.08
2016/7/22,21964.27,9031.93
2016/7/25,21993.44,9034.76
2016/7/26,22129.73,9062.25
2016/7/27,22218.99,9115.29
2016/7/28,22174.34,9082.85
2016/7/29,21891.37,8958.97
2016/8/1,22129.14,9129.2
2016/8/3,21739.12,8978.33
2016/8/4,21832.23,9004.62
2016/8/5,22146.09,9131.52
2016/8/8,22494.76,9276.56
2016/8/9,22465.61,9301.17
2016/8/10,22492.43,9315.5
2016/8/11,22580.55,9423.34
2016/8/12,22766.91,9554.85
2016/8/15,22932.51,9708.89
2016/8/16,22910.84,9707.99
2016/8/17,22799.78,9641.76
2016/8/18,23023.16,9654.69
2016/8/19,22937.22,9606.17
2016/8/22,22997.91,9602.65
2016/8/23,22998.93,9586.99
2016/8/24,22820.78,9507.09
2016/8/25,22814.95,9504.78
2016/8/26,22909.54,9550.04
2016/8/29,22821.34,9497.82
2016/8/30,23016.11,9597.25
2016/8/31,22976.88,9541.8
2016/9/1,23162.34,9606.08
2016/9/2,23266.7,9686.88
2016/9/5,23649.55,9830.57
2016/9/6,23787.68,9938.39
2016/9/7,23741.81,9970.19
2016/9/8,23919.34,10008.21
2016/9/9,24099.7,10057.97
2016/9/12,23290.6,9654.08
2016/9/13,23215.76,9571.06
2016/9/14,23190.64,9542.52
2016/9/15,23335.59,9595.73
2016/9/19,23550.45,9747.75
2016/9/20,23530.86,9751.44
2016/9/21,23669.9,9849.06
2016/9/22,23759.8,9893.8
2016/9/23,23686.48,9796.01
2016/9/26,23317.92,9629.35
2016/9/27,23571.9,9746.56
2016/9/28,23619.65,9719.84
2016/9/29,23739.47,9794.33
2016/9/30,23297.15,9581.93
2016/10/3,23584.43,9683.37
2016/10/4,23689.44,9756.77
2016/10/5,23788.31,9811.18
2016/10/6,23952.5,9947.1
2016/10/7,23851.82,9923.82
2016/10/11,23549.52,9804.47
2016/10/12,23407.05,9673.2
2016/10/13,23031.3,9496.85
2016/10/14,23233.31,9601.4
2016/10/17,23037.54,9541.08
2016/10/18,23394.39,9720.2
2016/10/19,23304.97,9641.22
2016/10/20,23374.4,9686.38
2016/10/24,23604.08,9852.9
2016/10/25,23565.11,9837.7
2016/10/26,23325.43,9698.85
2016/10/27,23132.35,9608.91
2016/10/28,22954.81,9515.32
2016/10/31,22934.54,9559.39
2016/11/1,23147.07,9706.2
2016/11/2,22810.5,9519.87
2016/11/3,22683.51,9482.01
2016/11/4,22642.62,9491.51
2016/11/7,22801.4,9608.24
2016/11/8,22909.47,9659.85
2016/11/9,22415.19,9378.66
2016/11/10,22839.11,9545.85
2016/11/11,22531.09,9433.37
2016/11/14,22222.22,9342.87
2016/11/15,22323.91,9398.1
2016/11/16,22280.53,9362.54
2016/11/17,22262.88,9326.54
2016/11/18,22344.21,9349.31
2016/11/21,22357.78,9444.71
2016/11/22,22678.07,9651.45
2016/11/23,22676.69,9665.99
2016/11/24,22608.49,9678.77
2016/11/25,22723.45,9790.23
2016/11/28,22830.57,9875.54
2016/11/29,22737.07,9846.21
2016/11/30,22789.77,9838.06
2016/12/1,22878.23,9892.31
2016/12/2,22564.82,9781.23
2016/12/5,22505.55,9711.8
2016/12/6,22675.15,9768.85
2016/12/7,22800.92,9829.58
2016/12/8,22861.84,9896.82
2016/12/9,22760.98,9867.95
2016/12/12,22433.02,9699.31
2016/12/13,22446.7,9719.94
2016/12/14,22456.62,9706.15
2016/12/15,22059.4,9479.16
2016/12/16,22020.75,9470.33
2016/12/19,21832.68,9377.43
2016/12/20,21729.06,9283.41
2016/12/21,21809.8,9331.63
2016/12/22,21636.2,9200.24
2016/12/23,21574.76,9181.75
2016/12/28,21754.74,9300.63
2016/12/29,21790.91,9312.76
2016/12/30,22000.56,9394.87
2017/1/3,22150.4,9459.55
2017/1/4,22134.47,9440.99
2017/1/5,22456.69,9598.68
2017/1/6,22503.01,9611.05
2017/1/9,22558.69,9602.32
2017/1/10,22744.85,9664.19
2017/1/11,22935.35,9733.9
2017/1/12,22829.02,9723.05
2017/1/13,22937.38,9787.34
2017/1/16,22718.15,9666.09
2017/1/17,22840.97,9702.19
2017/1/18,23098.26,9802.86
2017/1/19,23049.96,9792.37
2017/1/20,22885.91,9715.72
2017/1/23,22898.52,9726.82
2017/1/24,22949.86,9759.26
2017/1/25,23049.12,9742.32
2017/1/26,23374.17,9854.36
2017/1/27,23360.78,9804.05
2017/2/1,23318.39,9756.61
2017/2/2,23184.52,9696.32
2017/2/3,23129.21,9683.23
2017/2/6,23348.24,9840.26
2017/2/7,23331.57,9846.06
2017/2/8,23485.13,9955.34
2017/2/9,23525.14,10075.17
2017/2/10,23574.98,10125.21
2017/2/13,23710.98,10257.84
2017/2/14,23703.01,10254.44
2017/2/15,23994.87,10436.04
2017/2/16,24107.7,10455.02
2017/2/17,24033.74,10360.13
2017/2/20,24146.08,10445.48
2017/2/21,23963.63,10408.56
2017/2/22,24201.96,10537.58
2017/2/23,24114.86,10521.53
2017/2/24,23965.7,10418.66
2017/2/27,23925.05,10330.85
2017/2/28,23740.73,10297.96
2017/3/1,23776.49,10287.98
2017/3/2,23728.07,10246.89
2017/3/3,23552.72,10144.47
2017/3/6,23596.28,10171.1
2017/3/7,23681.07,10229.68
2017/3/8,23782.27,10280.31
2017/3/9,23501.56,10095.79
2017/3/10,23568.67,10069.1
2017/3/13,23829.67,10258.71
2017/3/14,23827.95,10315.23
2017/3/15,23792.85,10272.83
2017/3/16,24288.28,10526.46
2017/3/17,24309.93,10513.52
2017/3/20,24501.99,10583.98
2017/3/21,24593.12,10644.15
2017/3/22,24320.41,10456.96
2017/3/23,24327.7,10487.45
2017/3/24,24358.27,10477.81
2017/3/27,24193.7,10362.02
2017/3/28,24345.87,10425.89
2017/3/29,24392.05,10437.51
2017/3/30,24301.09,10355.71
2017/3/31,24111.59,10273.67
2017/4/3,24261.48,10314.52
2017/4/5,24400.8,10365.32
2017/4/6,24273.72,10276.41
2017/4/7,24267.3,10273.8
2017/4/10,24262.18,10253.79
2017/4/11,24088.46,10165.98
2017/4/12,24313.5,10208.31
2017/4/13,24261.66,10204.34
2017/4/18,23924.54,10043.52
2017/4/19,23825.88,9983.73
2017/4/20,24056.98,10056.17
2017/4/21,24042.02,10050.02
2017/4/24,24139.48,10107.63
2017/4/25,24455.94,10272.07
2017/4/26,24578.43,10317.63
2017/4/27,24698.48,10261.25
2017/4/28,24615.13,10219.89
2017/5/2,24696.13,10173.62
2017/5/4,24683.88,10088.02
2017/5/5,24476.35,9926.26
2017/5/8,24577.91,9982.42
2017/5/9,24889.03,10128.99
2017/5/10,25015.42,10227.42
2017/5/11,25125.55,10257.63
2017/5/12,25156.34,10282.65
2017/5/15,25371.59,10450.35
2017/5/16,25335.94,10433.69
2017/5/17,25293.63,10383.14
2017/5/18,25136.52,10271.35
2017/5/19,25174.87,10267.39
2017/5/22,25391.34,10374.32
2017/5/23,25403.15,10395.28
2017/5/24,25428.5,10390.87
2017/5/25,25630.78,10571.6
2017/5/26,25639.27,10579.67
2017/5/29,25701.63,10619.34
2017/5/31,25660.65,10602.97
2017/6/1,25809.22,10619.88
2017/6/2,25924.05,10666.43
2017/6/5,25862.99,10597.05
2017/6/6,25997.14,10606.26
2017/6/7,25974.16,10611.46
2017/6/8,26063.06,10649.9
2017/6/9,26030.29,10592.17
2017/6/12,25708.04,10485.85
2017/6/13,25852.1,10525.74
2017/6/14,25875.9,10514.91
2017/6/15,25565.34,10346.15
2017/6/16,25626.49,10384.89
2017/6/19,25924.55,10520.8
2017/6/20,25843.04,10468.48
2017/6/21,25694.58,10393.59
2017/6/22,25674.53,10402.76
2017/6/23,25670.05,10430.04
2017/6/26,25871.89,10530.66
2017/6/27,25839.99,10498.07
2017/6/28,25683.5,10408.19
2017/6/29,25965.42,10432.02
2017/6/30,25764.58,10365.22
2017/7/3,25784.17,10412.48
2017/7/4,25389.01,10305.98
2017/7/5,25521.97,10380.73
2017/7/6,25465.22,10346.32
2017/7/7,25340.85,10251.83
2017/7/10,25500.06,10214.58
2017/7/11,25877.64,10416.2
2017/7/12,26043.64,10517.37
2017/7/13,26346.17,10677.44
2017/7/14,26389.23,10728.07
2017/7/17,26470.58,10783.19
2017/7/18,26524.94,10755.28
2017/7/19,26672.16,10860.52
2017/7/20,26740.21,10846.83
2017/7/21,26706.09,10787.13
2017/7/24,26846.83,10820.95
2017/7/25,26852.05,10782.74
2017/7/26,26941.02,10831.5
2017/7/27,27131.17,10858.19
2017/7/28,26979.39,10756.08
2017/7/31,27323.99,10827.84
2017/8/1,27540.23,11024.13
2017/8/2,27607.38,11055.42
2017/8/3,27531.01,11002.2
2017/8/4,27562.68,11003.08
2017/8/7,27690.36,11054.41
2017/8/8,27854.91,11079.79
2017/8/9,27757.09,10962.6
2017/8/10,27444,10782.2
2017/8/11,26883.51,10572.97
2017/8/14,27250.23,10707.24
2017/8/15,27174.96,10738
2017/8/16,27409.07,10817.88
2017/8/17,27344.22,10801.42
2017/8/18,27047.57,10693.65
2017/8/21,27154.68,10751.54
2017/8/22,27401.67,10954.92
2017/8/24,27518.6,11051
2017/8/25,27848.16,11288.36
2017/8/28,27863.29,11342.07
2017/8/29,27765.01,11296.08
2017/8/30,28094.61,11374.46
2017/8/31,27970.3,11295.44
2017/9/1,27953.16,11285.55
2017/9/4,27740.26,11182.67
2017/9/5,27741.35,11191.59
2017/9/6,27613.76,11128.77
2017/9/7,27522.92,11098.72
2017/9/8,27668.47,11149.64
2017/9/11,27955.13,11221.13
2017/9/12,27972.24,11242.06
2017/9/13,27894.08,11187.07
2017/9/14,27777.2,11101.14
2017/9/15,27807.59,11067.55
2017/9/18,28159.77,11195.98
2017/9/19,28051.41,11125.71
2017/9/20,28127.8,11173.51
2017/9/21,28110.33,11198.32
2017/9/22,27880.53,11109
2017/9/25,27500.34,10912.46
2017/9/26,27513.01,10968.39
2017/9/27,27642.43,11035.78
2017/9/28,27421.6,10874.52
2017/9/29,27554.3,10910.04
2017/10/3,28173.21,11305.38
2017/10/4,28379.18,11397.17
2017/10/6,28458.04,11459.09
2017/10/9,28326.59,11385.38
2017/10/10,28490.83,11418.76
2017/10/11,28389.57,11411.41
2017/10/12,28459.03,11500.34
2017/10/13,28476.43,11519.81
2017/10/16,28692.8,11602.92
2017/10/17,28697.49,11568.31
2017/10/18,28711.76,11621.95
2017/10/19,28159.09,11357.45
2017/10/20,28487.24,11558.35
2017/10/23,28305.88,11491.07
2017/10/24,28154.97,11405.55
2017/10/25,28302.89,11493.3
2017/10/26,28202.38,11446.21
2017/10/27,28438.85,11643.57
2017/10/30,28336.19,11563.38
2017/10/31,28245.54,11507.72
2017/11/1,28594.06,11636.49
2017/11/2,28518.64,11598.36
2017/11/3,28603.61,11602.4
2017/11/6,28596.8,11524.64
2017/11/7,28994.34,11645.53
2017/11/8,28907.6,11576.13
2017/11/9,29136.57,11744.54
2017/11/10,29120.92,11745.81
2017/11/13,29182.18,11684.51
2017/11/14,29152.12,11601.69
2017/11/15,28851.69,11412.75
2017/11/16,29018.76,11533.96
2017/11/17,29199.04,11608.73
2017/11/20,29260.31,11538.28
2017/11/21,29818.07,11874.37
2017/11/22,30003.49,11958.63
2017/11/23,29707.94,11737.06
2017/11/24,29866.32,11908.19
2017/11/27,29686.19,11772.27
2017/11/28,29680.85,11705.58
2017/11/29,29623.83,11647.98
2017/11/30,29177.35,11475.72
2017/12/1,29074.24,11449.43
2017/12/4,29138.28,11518.07
2017/12/5,28842.8,11484.69
2017/12/6,28224.8,11162.58
2017/12/7,28303.19,11150.73
2017/12/8,28639.85,11289.57
2017/12/11,28965.29,11431.62
2017/12/12,28793.88,11312.57
2017/12/13,29222.1,11519.79
2017/12/14,29166.38,11531.73
2017/12/15,28848.11,11365.92
2017/12/18,29050.41,11415.13
2017/12/19,29253.66,11541.88
2017/12/20,29234.09,11505.88
2017/12/21,29367.06,11596.94
2017/12/22,29578.01,11653.08
2017/12/27,29597.66,11617.75
2017/12/28,29863.71,11683.99
2017/12/29,29919.15,11709.3
2018/1/2,30515.31,12068.99
2018/1/3,30560.95,12088.99
2018/1/4,30736.48,12203.55
2018/1/5,30814.64,12211.63
2018/1/8,30899.53,12235.19
2018/1/9,31011.41,12255.68
2018/1/10,31073.72,12289.17
2018/1/11,31120.39,12295.52
2018/1/12,31412.54,12468.93
2018/1/15,31338.87,12470.42
2018/1/16,31904.75,12787.28
2018/1/17,31983.41,12868.78
2018/1/18,32121.94,13094.92
2018/1/19,32254.89,13179.52
2018/1/22,32393.41,13204.58
2018/1/23,32930.7,13490.45
2018/1/24,32958.69,13620.93
2018/1/25,32654.45,13388.16
2018/1/26,33154.12,13723.96
2018/1/29,32966.89,13659.59
2018/1/30,32607.29,13389.38
2018/1/31,32887.27,13561.65
2018/2/1,32642.09,13434.14
2018/2/2,32601.78,13538.66
2018/2/5,32245.22,13479.83
2018/2/6,30595.42,12686.6
2018/2/7,30323.2,12433.29
2018/2/8,30451.27,12380.38
2018/2/9,29507.42,11901.67
2018/2/12,29459.63,11900.31
2018/2/13,29839.53,12004.51
2018/2/14,30515.6,12260.99
2018/2/15,31115.43,12535.51
2018/2/20,30873.63,12396.87
2018/2/21,31431.89,12686.88
2018/2/22,30965.68,12528.64
2018/2/23,31267.17,12735.06
2018/2/26,31498.6,12834.06
2018/2/27,31268.66,12646.54
2018/2/28,30844.72,12382.08
2018/3/1,31044.25,12428.88
2018/3/2,30583.45,12203.91
2018/3/5,29886.39,11991.79
2018/3/6,30510.73,12311.54
2018/3/7,30196.92,12180.29
2018/3/8,30654.52,12334.83
2018/3/9,30996.21,12431.2
2018/3/12,31594.33,12697.31
2018/3/13,31601.45,12746.78
2018/3/14,31435.01,12684.52
2018/3/15,31541.1,12719.84
2018/3/16,31501.97,12673.07
2018/3/19,31513.76,12660.46
2018/3/20,31549.93,12597.42
2018/3/21,31414.52,12521.55
2018/3/22,31071.05,12427.55
2018/3/23,30309.29,12128.27
2018/3/26,30548.77,12197.7
2018/3/27,30790.83,12301.55
2018/3/28,30022.53,12001.16
2018/3/29,30093.38,11998.34
2018/4/3,30180.1,12136.67
2018/4/4,29518.69,11857.41
2018/4/6,29844.94,11967.66
2018/4/9,30229.58,12073
2018/4/10,30728.74,12324.02
2018/4/11,30897.71,12324.68
2018/4/12,30831.28,12288.86
2018/4/13,30808.38,12261.23
2018/4/16,30315.59,12008.13
2018/4/17,30062.75,11900.48
2018/4/18,30284.25,11986.07
2018/4/19,30708.44,12239.84
2018/4/20,30418.33,12054.23
2018/4/23,30254.4,12000.16
2018/4/24,30636.24,12244.88
2018/4/25,30328.15,12094.32
2018/4/26,30007.68,11949.38
2018/4/27,30280.67,12066.58
2018/4/30,30808.45,12331.39
2018/5/2,30723.88,12193.59
2018/5/3,30313.37,12018.86
2018/5/4,29926.5,11890.62
2018/5/7,29994.26,11966.41
2018/5/8,30402.81,12144.79
2018/5/9,30536.14,12185.44
2018/5/10,30809.22,12233.96
2018/5/11,31122.06,12345.3
2018/5/14,31541.08,12544.55
2018/5/15,31152.03,12440.75
2018/5/16,31110.2,12440.12
2018/5/17,30942.15,12278.43
2018/5/18,31047.91,12355.13
2018/5/21,31234.35,12349.61
2018/5/23,30665.64,12090.79
2018/5/24,30760.41,12152.62
2018/5/25,30588.04,12047.75
2018/5/28,30792.26,12115.17
2018/5/29,30484.58,11959.08
2018/5/30,30056.79,11769.16
2018/5/31,30468.56,11978.3
2018/6/1,30492.91,12020.09
2018/6/4,30997.98,12249.58
2018/6/5,31093.45,12259.32
2018/6/6,31259.1,12283.58
2018/6/7,31512.63,12407.8
2018/6/8,30958.21,12165.79
2018/6/11,31063.7,12172.03
2018/6/12,31103.06,12206.57
2018/6/13,30725.15,12035.63
2018/6/14,30440.17,11950.7
2018/6/15,30309.49,11870.18
2018/6/19,29468.15,11492.77
2018/6/20,29696.17,11505.74
2018/6/21,29296.05,11364.66
2018/6/22,29338.7,11339.87
2018/6/25,28961.39,11208.9
2018/6/26,28881.4,11118.89
2018/6/27,28356.26,10879.17
2018/6/28,28497.32,10868.45
2018/6/29,28955.11,11073
2018/7/3,28545.57,10872.2
2018/7/4,28241.67,10712.64
2018/7/5,28182.09,10608.06
2018/7/6,28315.62,10622.62
2018/7/9,28688.5,10768.35
2018/7/10,28682.25,10824.97
2018/7/11,28311.69,10658.26
2018/7/12,28480.83,10752.86
2018/7/13,28525.44,10746.45
2018/7/16,28539.66,10704.26
2018/7/17,28181.68,10591.72
2018/7/18,28117.42,10578.46
2018/7/19,28010.86,10523.24
2018/7/20,28224.48,10682.64
2018/7/23,28256.12,10731.36
2018/7/24,28662.57,10973.92
2018/7/25,28920.9,11074.16
2018/7/26,28781.14,11021.35
2018/7/27,28804.28,11047.42
2018/7/30,28733.13,11046.32
2018/7/31,28583.01,11024.73
2018/8/1,28340.74,10973.04
2018/8/2,27714.56,10733.19
2018/8/3,27676.32,10693.79
2018/8/6,27819.56,10701.96
2018/8/7,28248.88,10866.1
2018/8/8,28359.14,10901.18
2018/8/9,28607.3,11019.93
2018/8/10,28366.62,10943.08
2018/8/13,27936.57,10766.51
2018/8/14,27752.93,10744.31
2018/8/15,27323.59,10535.14
2018/8/16,27100.06,10479.68
2018/8/17,27213.41,10513.83
2018/8/20,27598.02,10632.36
2018/8/21,27752.79,10737.63
2018/8/22,27927.58,10850.17
2018/8/23,27790.46,10814.6
2018/8/24,27671.87,10779.71
2018/8/27,28271.27,11049.13
2018/8/28,28351.62,11097.59
2018/8/29,28416.44,11083.06
2018/8/30,28164.05,10967.61
2018/8/31,27888.55,10875.58
2018/9/3,27712.54,10813.57
2018/9/4,27973.34,10890.63
2018/9/5,27243.85,10645.7
2018/9/6,26974.82,10578.58
2018/9/7,26973.47,10559.54
2018/9/10,26613.42,10433.62
2018/9/11,26422.55,10333.16
2018/9/12,26345.04,10238.77
2018/9/13,27014.49,10503.01
2018/9/14,27286.41,10575.17
2018/9/17,26932.85,10462.09
2018/9/18,27084.66,10556.98
2018/9/19,27407.37,10741.69
2018/9/20,27477.67,10792.59
2018/9/21,27953.58,11027.13
2018/9/24,27499.39,10827.52
2018/9/26,27816.87,10985.6
2018/9/27,27715.67,10938.97
2018/9/28,27788.52,11017.87
2018/10/2,27126.38,10754.56
2018/10/3,27091.26,10786.17
2018/10/4,26623.87,10547.64
2018/10/5,26572.57,10530.32
2018/10/8,26202.57,10393.29
2018/10/9,26172.91,10420.62
2018/10/10,26193.07,10442.71
2018/10/11,25266.37,10092.52
2018/10/12,25801.49,10299.09
2018/10/15,25445.06,10144.34
2018/10/16,25462.26,10198.33
2018/10/18,25454.55,10136.76
2018/10/19,25561.4,10222.18
2018/10/22,26153.15,10490.67
2018/10/23,25346.55,10234.9
2018/10/24,25249.78,10226.41
2018/10/25,24994.46,10176.56
2018/10/26,24717.63,10058.63
2018/10/29,24812.04,10012.63
2018/10/30,24585.53,9998.95
2018/10/31,24979.69,10138.63
2018/11/1,25416,10279.32
2018/11/2,26486.35,10687.77
2018/11/5,25934.39,10544.92
2018/11/6,26120.96,10632.64
2018/11/7,26147.69,10641.48
2018/11/8,26227.72,10703.59
2018/11/9,25601.92,10431.46
2018/11/12,25633.18,10440.34
2018/11/13,25792.87,10478.71
2018/11/14,25654.43,10405.16
2018/11/15,26103.34,10555.49
2018/11/16,26183.53,10583.77
2018/11/19,26372,10631.66
2018/11/20,25840.34,10466.11
2018/11/21,25971.47,10486.07
2018/11/22,26019.41,10446.43
2018/11/23,25927.68,10388.53
2018/11/26,26376.18,10521.53
2018/11/27,26331.96,10515.3
2018/11/28,26682.56,10634.71
2018/11/29,26451.03,10584.93
2018/11/30,26506.75,10621.74
2018/12/3,27182.04,10882.16
2018/12/4,27260.44,10907.54
2018/12/5,26819.68,10756.95
2018/12/6,26156.38,10480.72
2018/12/7,26063.76,10369.4
2018/12/10,25752.38,10273.2
2018/12/11,25771.67,10245.01
2018/12/12,26186.71,10417.16
2018/12/13,26524.35,10556.85
2018/12/14,26094.79,10359.43
2018/12/17,26087.98,10351.81
2018/12/18,25814.25,10230.52
2018/12/19,25865.39,10195.59
2018/12/20,25623.53,10090.75
2018/12/21,25753.42,10100.95
2018/12/24,25651.38,10062.94
2018/12/27,25478.88,9991.06
2018/12/28,25504.2,9992.22
2018/12/31,25845.7,10124.75
2019/1/2,25130.35,9833.69
2019/1/3,25064.36,9835.45
2019/1/4,25626.03,10029.65
2019/1/7,25835.7,10123.85
2019/1/8,25875.45,10133.74
2019/1/9,26462.32,10358.21
2019/1/10,26521.43,10394.59
2019/1/11,26667.27,10454.95
2019/1/14,26298.33,10292.44
2019/1/15,26830.29,10502.62
2019/1/16,26902.1,10555.52
2019/1/17,26755.63,10512.15
2019/1/18,27090.81,10636.97
2019/1/21,27196.54,10713.05
2019/1/22,27005.45,10613.48
2019/1/23,27008.2,10631.03
2019/1/24,27120.98,10691
2019/1/25,27569.19,10873.67
2019/1/28,27576.96,10882.5
2019/1/29,27531.68,10867.42
2019/1/30,27642.85,10897.13
2019/1/31,27942.47,11035.73
2019/2/1,27930.74,11063.94
2019/2/4,27990.21,11036.42
2019/2/8,27946.32,10956.58
2019/2/11,28143.84,11016.93
2019/2/12,28171.33,11044.65
2019/2/13,28497.59,11199.1
2019/2/14,28432.05,11170.35
2019/2/15,27900.84,10937.33
2019/2/18,28347.01,11149.02
2019/2/19,28228.13,11116.92
2019/2/20,28514.05,11229.43
2019/2/21,28629.92,11305.98
2019/2/22,28816.3,11427.29
2019/2/25,28959.3,11631.03
2019/2/26,28772.06,11543.95
2019/2/27,28757.44,11457.27
2019/2/28,28633.18,11367.45
2019/3/1,28812.17,11506.94
2019/3/4,28959.59,11575.53
2019/3/5,28961.6,11582.61
2019/3/6,29037.6,11592.03
2019/3/7,28779.45,11460.08
2019/3/8,28228.42,11156.82
2019/3/11,28503.3,11276.91
2019/3/12,28920.87,11466.14
2019/3/13,28807.45,11405.82
2019/3/14,28851.39,11447.27
2019/3/15,29012.26,11508.17
2019/3/18,29409.01,11674.83
2019/3/19,29466.28,11686.66
2019/3/20,29320.97,11624.98
2019/3/21,29071.56,11544.09
2019/3/22,29113.36,11517.48
2019/3/25,28523.35,11232.07
2019/3/26,28566.91,11231.73
2019/3/27,28728.25,11305.36
2019/3/28,28775.21,11294.81
2019/3/29,29051.36,11379.62
2019/4/1,29562.02,11557.63
2019/4/2,29624.67,11546.66
2019/4/3,29986.39,11705.16
2019/4/4,29936.32,11692.37
2019/4/8,30077.15,11793.65
2019/4/9,30157.49,11815
2019/4/10,30119.56,11764
2019/4/11,29839.45,11618.04
2019/4/12,29909.76,11659.84
2019/4/15,29810.72,11631.86
2019/4/16,30129.87,11821.18
2019/4/17,30124.68,11848.98
2019/4/18,29963.26,11768.63
2019/4/23,29963.24,11731.02
2019/4/24,29805.83,11663.78
2019/4/25,29549.8,11502.04
2019/4/26,29605.01,11510.87
2019/4/29,29892.81,11638.18
2019/4/30,29699.11,11542.25
2019/5/2,29944.18,11556.72
2019/5/3,30081.55,11575.05
2019/5/6,29209.82,11233.66
2019/5/7,29363.02,11261.05
2019/5/8,29003.2,11097.37
2019/5/9,28311.07,10845.06
2019/5/10,28550.24,10931.05
2019/5/14,28122.02,10764.02
2019/5/15,28268.71,10804.14
2019/5/16,28275.07,10811.62
2019/5/17,27946.46,10688.75
2019/5/20,27787.61,10633.42
2019/5/21,27657.24,10634.62
2019/5/22,27705.94,10604.55
2019/5/23,27267.13,10401.11
2019/5/24,27353.93,10445.54
2019/5/27,27288.09,10402.76
2019/5/28,27390.81,10416.55
2019/5/29,27235.71,10390.45
2019/5/30,27114.88,10450.09
2019/5/31,26901.09,10387.17
2019/6/3,26893.86,10430.64
2019/6/4,26761.52,10341.12
2019/6/5,26895.44,10345.05
2019/6/6,26965.28,10334.32
2019/6/10,27578.64,10526.92
2019/6/11,27789.34,10620.13
2019/6/12,27308.46,10494.78
2019/6/13,27294.71,10472.44
2019/6/14,27118.35,10419.87
2019/6/17,27227.16,10428.52
2019/6/18,27498.77,10507.65
2019/6/19,28202.14,10764.7
2019/6/20,28550.43,10922.39
2019/6/21,28473.71,10921.47
2019/6/24,28513,10952.94
2019/6/25,28185.98,10742.41
2019/6/26,28221.98,10766.06
2019/6/27,28621.42,10897.13
2019/6/28,28542.62,10881.85
2019/7/2,28875.56,10981.23
2019/7/3,28855.14,10922.41
2019/7/4,28795.77,10913.39
2019/7/5,28774.83,10895.1
2019/7/8,28331.69,10725.2
2019/7/9,28116.28,10650.63
2019/7/10,28204.69,10701.92
2019/7/11,28431.8,10784.01
2019/7/12,28471.62,10788.34
2019/7/15,28554.88,10838.99
2019/7/16,28619.62,10865.52
2019/7/17,28593.17,10847.91
2019/7/18,28461.66,10784.55
2019/7/19,28765.4,10909.41
2019/7/22,28371.26,10770.31
2019/7/23,28466.48,10809.92
2019/7/24,28524.04,10858.88
2019/7/25,28594.3,10930.36
2019/7/26,28397.74,10853.17
2019/7/29,28106.41,10780.59
2019/7/30,28146.5,10818.35
2019/7/31,27777.75,10675.31
2019/8/1,27565.7,10621.57
2019/8/2,26918.58,10348.63
2019/8/5,26151.32,10081.64
2019/8/6,25976.24,10012.24
2019/8/7,25997.03,9993.34
2019/8/8,26120.77,10041.62
2019/8/9,25939.3,9993.84
2019/8/12,25824.72,9997.94
2019/8/13,25281.3,9846.64
2019/8/14,25302.28,9866.18
2019/8/15,25495.46,9903.41
2019/8/16,25734.22,9964.3
2019/8/19,26291.84,10109.15
2019/8/20,26231.54,10132.77
2019/8/21,26270.04,10177.29
2019/8/22,26048.72,10122.9
2019/8/23,26179.33,10194.73
2019/8/26,25680.33,10013.51
2019/8/27,25664.07,9996.19
2019/8/28,25615.48,9980.73
2019/8/29,25703.5,9992.64
2019/8/30,25724.73,10083.2
2019/9/2,25626.55,10103.36
2019/9/3,25527.85,10035.78
2019/9/4,26523.23,10288.19
2019/9/5,26515.53,10384.14
2019/9/6,26690.76,10430.67
2019/9/9,26681.4,10417.39
2019/9/10,26683.68,10403.34
2019/9/11,27159.06,10565.01
2019/9/12,27087.63,10592.37
2019/9/13,27352.69,10687.75
2019/9/16,27124.55,10628.25
2019/9/17,26790.24,10502.37
2019/9/18,26754.12,10478.5
2019/9/19,26468.95,10385.35
2019/9/20,26435.67,10375.65
2019/9/23,26222.4,10287.92
2019/9/24,26281,10271.03
2019/9/25,25945.35,10168.78
2019/9/26,26041.93,10212.27
2019/9/27,25954.81,10148.77
2019/9/30,26092.27,10200.97
2019/10/2,26042.69,10182.97
2019/10/3,26110.31,10220.98
2019/10/4,25821.03,10147.33
2019/10/8,25893.4,10201.34
2019/10/9,25682.81,10169.33
2019/10/10,25707.93,10218.49
2019/10/11,26308.44,10452.58
2019/10/14,26521.85,10507.85
2019/10/15,26503.93,10500.17
2019/10/16,26664.28,10532.17
2019/10/17,26848.49,10588.17
2019/10/18,26719.58,10540.04
2019/10/21,26725.68,10543.41
2019/10/22,26786.2,10526.86
2019/10/23,26566.73,10451.7
2019/10/24,26797.95,10532.85
2019/10/25,26667.39,10466.3
2019/10/28,26891.26,10569.82
2019/10/29,26786.76,10547
2019/10/30,26667.71,10479.09
2019/10/31,26906.72,10533.24
2019/11/1,27100.76,10622.5
2019/11/4,27547.3,10813.47
2019/11/5,27683.4,10877.63
2019/11/6,27688.64,10860.86
2019/11/7,27847.23,10935.89
2019/11/8,27651.14,10882.3
2019/11/11,26926.55,10613.63
2019/11/12,27065.28,10691.09
2019/11/13,26571.46,10519.12
2019/11/14,26323.69,10427.38
2019/11/15,26326.66,10424.8
2019/11/18,26681.09,10556.56
2019/11/19,27093.8,10696.56
2019/11/20,26889.61,10619.51
2019/11/21,26466.88,10450.22
2019/11/22,26595.08,10506.17
2019/11/25,26993.04,10628.88
2019/11/26,26913.92,10617.37
2019/11/27,26954,10620.11
2019/11/28,26893.73,10561.87
2019/11/29,26346.49,10301.82
2019/12/2,26444.72,10363.91
2019/12/3,26391.3,10355.92
2019/12/4,26062.56,10254.09
2019/12/5,26217.04,10321.83
2019/12/6,26498.37,10407.18
2019/12/9,26494.73,10408.05
2019/12/10,26436.62,10395.27
2019/12/11,26645.43,10502.53
2019/12/12,26994.14,10614.76
2019/12/13,27687.76,10838.11
2019/12/16,27508.09,10778.89
2019/12/17,27843.71,10964.99
2019/12/18,27884.21,11024.66
2019/12/19,27800.49,10985.89
2019/12/20,27871.35,11030.23
2019/12/23,27906.41,11052.68
2019/12/24,27864.21,11035.98
2019/12/27,28225.42,11194.55
2019/12/30,28319.39,11225.31
2019/12/31,28189.75,11168.06
2020/1/2,28543.52,11320.56
2020/1/3,28451.5,11253.55
2020/1/6,28226.19,11165.41
2020/1/7,28322.06,11198.75
2020/1/8,28087.92,11079.79
2020/1/9,28561,11281.26
2020/1/10,28638.2,11267.48
2020/1/13,28954.94,11396.76
2020/1/14,28885.14,11355.37
2020/1/15,28773.59,11295.47
2020/1/16,28883.04,11328.38
2020/1/17,29056.42,11419.91
2020/1/20,28795.91,11331.49
2020/1/21,27985.33,10970.13
2020/1/22,28341.04,11174.7
2020/1/23,27909.12,10952.22
2020/1/24,27949.64,10976.19
2020/1/29,27160.63,10618.72
2020/1/30,26449.13,10325.09
2020/1/31,26312.63,10240.51
2020/2/3,26356.98,10268.12
2020/2/4,26675.98,10435.36
2020/2/5,26786.74,10493.85
2020/2/6,27493.7,10764.34
2020/2/7,27404.27,10705.17
2020/2/10,27241.34,10654.43
2020/2/11,27583.88,10808.52
2020/2/12,27823.66,10884.69
2020/2/13,27730,10835.38
2020/2/14,27815.6,10863.45
2020/2/17,27959.6,10957.84
2020/2/18,27530.2,10805.15
2020/2/19,27655.81,10908.57
2020/2/20,27609.16,10913.97
2020/2/21,27308.81,10790.84
2020/2/24,26820.88,10568.33
2020/2/25,26893.23,10579.92
2020/2/26,26696.49,10501.62
2020/2/27,26778.62,10593.11
2020/2/28,26129.93,10302.36
2020/3/2,26291.68,10485.17
2020/3/3,26284.82,10485.16
2020/3/4,26222.07,10521.78
2020/3/5,26767.87,10728.07
2020/3/6,26146.67,10456.93
2020/3/9,25040.46,9984.44
2020/3/10,25392.51,10153.37
2020/3/11,25231.61,10070.47
2020/3/12,24309.07,9725.72
2020/3/13,24032.91,9650.15
2020/3/16,23063.57,9227.6
2020/3/17,23263.73,9216.17
2020/3/18,22291.82,8800.62
2020/3/19,21709.13,8559.64
2020/3/20,22805.07,9118.67
2020/3/23,21696.13,8751.76
2020/3/24,22663.49,9184.44
2020/3/25,23527.19,9529.49
2020/3/26,23352.34,9447.56
2020/3/27,23484.28,9504.92
2020/3/30,23175.11,9402.17
2020/3/31,23603.48,9594.77
2020/4/1,23085.79,9404.98
2020/4/2,23280.06,9526.56
2020/4/3,23236.11,9491.1
2020/4/6,23749.12,9652.31
2020/4/7,24253.29,9846.92
2020/4/8,23970.37,9681.95
2020/4/9,24300.33,9811.12
2020/4/14,24435.4,9847.47
2020/4/15,24145.34,9724.7
2020/4/16,24006.45,9672.6
2020/4/17,24380,9815.2
2020/4/20,24330.02,9824.42
2020/4/21,23793.55,9614.93
2020/4/22,23893.36,9670.2
2020/4/23,23977.32,9703.99
2020/4/24,23831.33,9656.19
2020/4/27,24280.14,9875.59
2020/4/28,24575.96,9983.69
2020/4/29,24643.59,10040.87
2020/5/4,23613.8,9599.02
2020/5/5,23868.66,9698.22
2020/5/6,24137.48,9807.76
2020/5/7,23980.63,9764.26
2020/5/8,24230.17,9868.34
2020/5/11,24602.06,9990.48
2020/5/12,24245.68,9832.1
2020/5/13,24180.3,9835.71
2020/5/14,23829.74,9687.1
2020/5/15,23797.47,9674.57
2020/5/18,23934.77,9726.43
2020/5/19,24388.13,9883.37
2020/5/20,24399.95,9898
2020/5/21,24280.03,9850.07
2020/5/22,22930.14,9426.78
2020/5/25,22952.24,9465.94
2020/5/26,23384.66,9595.2
2020/5/27,23301.36,9567.43
2020/5/28,23132.76,9551.56
2020/5/29,22961.47,9561.03
2020/6/1,23732.52,9833.83
2020/6/2,23995.94,9876.25
2020/6/3,24325.62,9967.53
2020/6/4,24366.3,9967.93
2020/6/5,24770.41,10066.25
2020/6/8,24776.77,10008.88
2020/6/9,25057.22,10121.13
2020/6/10,25049.73,10143.48
2020/6/11,24480.15,9944.6
2020/6/12,24301.38,9832.53
2020/6/15,23776.95,9655.83
2020/6/16,24344.09,9867.63
2020/6/17,24481.41,9909.63
2020/6/18,24464.94,9916.45
2020/6/19,24643.89,9974.59
2020/6/22,24511.34,9879.02
2020/6/23,24907.34,9993.48
2020/6/24,24781.58,9936.66
2020/6/26,24549.99,9853.18
2020/6/29,24301.28,9757.69
2020/6/30,24427.19,9758.63
2020/7/2,25124.19,10056.86
2020/7/3,25373.12,10243.29
2020/7/6,26339.16,10726.83
2020/7/7,25975.66,10600.41
2020/7/8,26129.18,10748.11
2020/7/9,26210.16,10781.89
2020/7/10,25727.41,10541.26
2020/7/13,25772.12,10575.88
2020/7/14,25477.89,10405.27
2020/7/15,25481.58,10390.54
2020/7/16,24970.69,10133.92
2020/7/17,25089.17,10203.57
2020/7/20,25057.99,10295.32
2020/7/21,25635.66,10445.42
2020/7/22,25057.94,10243.51
2020/7/23,25263,10325.25
2020/7/24,24705.33,10080.86
2020/7/27,24603.26,10075.45
2020/7/28,24772.76,10151.89
2020/7/29,24883.14,10184.41
2020/7/30,24710.59,10097.08
2020/7/31,24595.35,10039.96
2020/8/3,24458.13,10033.2
2020/8/4,24946.63,10203.88
2020/8/5,25102.54,10256.64
2020/8/6,24930.58,10202.41
2020/8/7,24531.62,10063.43
2020/8/10,24377.43,9990.67
2020/8/11,24890.68,10153.4
2020/8/12,25244.02,10215.91
2020/8/13,25230.67,10244.6
2020/8/14,25183.01,10266.46
2020/8/17,25347.34,10385.9
2020/8/18,25367.38,10425.42
2020/8/19,25178.91,10313.31
2020/8/20,24791.39,10155.81
2020/8/21,25113.84,10212.21
2020/8/24,25551.58,10336.95
2020/8/25,25486.22,10291.85
2020/8/26,25491.79,10300.36
2020/8/27,25281.15,10201.94
2020/8/28,25422.06,10182.83
2020/8/31,25177.05,9991.48
2020/9/1,25184.85,10013.32
2020/9/2,25120.09,10000.96
2020/9/3,25007.6,9940.13
2020/9/4,24695.45,9883.98
2020/9/7,24589.65,9764.82
2020/9/8,24624.34,9830.39
2020/9/9,24468.93,9728.52
2020/9/10,24313.54,9683.75
2020/9/11,24503.31,9752.5
2020/9/14,24640.28,9806.64
2020/9/15,24732.76,9829.07
2020/9/16,24725.63,9845.79
2020/9/17,24340.85,9732.15
2020/9/18,24455.41,9803.1
2020/9/21,23950.69,9640.42
2020/9/22,23716.85,9576.81
2020/9/23,23742.51,9558.78
2020/9/24,23311.07,9371.19
2020/9/25,23235.42,9302.59
2020/9/28,23476.05,9383.4
2020/9/29,23275.53,9281.52
2020/9/30,23459.05,9397.37
2020/10/5,23767.78,9447.99
2020/10/6,23980.65,9536.49
2020/10/7,24242.86,9629.29
2020/10/8,24193.35,9624.48
2020/10/9,24119.13,9617.85
2020/10/12,24649.68,9878.74
2020/10/14,24667.09,9920.77
2020/10/15,24158.54,9762.28
2020/10/16,24386.79,9914.9
2020/10/19,24542.26,9978.16
2020/10/20,24569.54,9988.33
2020/10/21,24754.42,10077.78
2020/10/22,24786.13,10085.18
2020/10/23,24918.78,10125.59
2020/10/27,24787.19,10003.1
2020/10/28,24708.8,9963.36
2020/10/29,24586.6,9955.46
2020/10/30,24107.42,9760.24
2020/11/2,24460.01,9936.56
2020/11/3,24939.73,10071.41
2020/11/4,24886.14,10099.16
2020/11/5,25695.92,10478.84
2020/11/6,25712.97,10497.8
2020/11/9,26016.17,10633.07
2020/11/10,26301.48,10586.89
2020/11/11,26226.98,10541.34
2020/11/12,26169.38,10579.47
2020/11/13,26156.86,10545.27
2020/11/16,26381.67,10578.94
2020/11/17,26415.09,10550.2
2020/11/18,26544.29,10640.05
2020/11/19,26356.97,10555.36
2020/11/20,26451.54,10553.35
2020/11/23,26486.2,10666.53
2020/11/24,26588.2,10612.58
2020/11/25,26669.75,10557.83
2020/11/26,26819.45,10701.49
2020/11/27,26894.68,10790.3
2020/11/30,26341.49,10546.47
2020/12/1,26567.68,10659.64
2020/12/2,26532.58,10573.79
2020/12/3,26728.5,10586.37
2020/12/4,26835.92,10624.65
2020/12/7,26506.85,10473.32
2020/12/8,26304.56,10409.59
2020/12/9,26502.84,10488.32
2020/12/10,26410.59,10415.72
2020/12/11,26505.87,10452.5
2020/12/14,26389.52,10443.12
2020/12/15,26207.29,10399.56
2020/12/16,26460.29,10461.9
2020/12/17,26678.38,10545.73
2020/12/18,26498.6,10483.34
2020/12/21,26306.68,10401.83
2020/12/22,26119.25,10384.18
2020/12/23,26343.1,10482.52
2020/12/24,26386.56,10430.53
2020/12/28,26314.63,10311.48
2020/12/29,26568.49,10449.17
2020/12/30,27147.11,10662.93
2020/12/31,27231.13,10738.4
2021/1/4,27472.81,10722.99
2021/1/5,27649.86,10774.15
2021/1/6,27692.3,10899.83
2021/1/7,27548.52,10796.73
2021/1/8,27878.22,10955.55
2021/1/11,27908.22,11059.51
2021/1/12,28276.75,11217.69
2021/1/13,28235.6,11184.9
2021/1/14,28496.86,11299.17
2021/1/15,28573.86,11320.53
2021/1/18,28862.77,11462.52
2021/1/19,29642.28,11734.33
2021/1/20,29962.47,11949.35
2021/1/21,29927.76,11889.45
2021/1/22,29447.85,11677.45
2021/1/25,30159.01,11960.49
2021/1/26,29391.26,11695.43
2021/1/27,29297.53,11651.24
2021/1/28,28550.77,11334.03
2021/1/29,28283.71,11208.78
2021/2/1,28892.86,11454.18
2021/2/2,29248.7,11609.02
2021/2/3,29307.46,11651.84
2021/2/4,29113.5,11563.5
2021/2/5,29288.68,11561.32
2021/2/8,29319.47,11560.01
2021/2/9,29476.19,11602.76
2021/2/10,30038.72,11810.25
2021/2/11,30173.57,11880.49
2021/2/16,30746.66,12036.15
2021/2/17,31084.94,12228.63
2021/2/18,30595.27,12041.53
2021/2/19,30644.73,12106.77
2021/2/22,30319.83,11893.68
2021/2/23,30632.64,11909.63
2021/2/24,29718.24,11509.73
2021/2/25,30074.17,11717.41
2021/2/26,28980.21,11247.21
2021/3/1,29452.57,11453.68
2021/3/2,29095.86,11361.35
2021/3/3,29880.42,11666.24
2021/3/4,29236.79,11325.58
2021/3/5,29098.29,11292.22
2021/3/8,28540.83,11014.79
2021/3/9,28773.23,10973.15
2021/3/10,28907.52,11059.67
2021/3/11,29385.61,11340.4
2021/3/12,28739.72,11172.95
2021/3/15,28833.76,11144.08
2021/3/16,29027.69,11329.43
2021/3/17,29034.12,11358.66
2021/3/18,29405.72,11470.43
2021/3/19,28990.94,11283.92
2021/3/22,28885.34,11306.71
2021/3/23,28497.38,11111.18
2021/3/24,27918.14,10847.98
2021/3/25,27899.61,10744.27
2021/3/26,28336.43,10966.06
2021/3/29,28338.3,10942.94
2021/3/30,28577.5,11020.87
2021/3/31,28378.35,10972.04
2021/4/1,28938.74,11217.41
2021/4/7,28674.8,11070.58
2021/4/8,29008.07,11109.48
2021/4/9,28698.8,10977.37
2021/4/12,28453.28,10874.83
2021/4/13,28497.25,10850.53
2021/4/14,28900.83,10999.3
2021/4/15,28793.14,10905.89
2021/4/16,28969.71,11027.51
2021/4/19,29106.15,11092.95
2021/4/20,29135.73,11085.87
2021/4/21,28621.92,10888.52
2021/4/22,28755.34,10939.12
2021/4/23,29078.75,11067.84
2021/4/26,28952.83,10981.31
2021/4/27,28941.54,10983.46
2021/4/28,29071.34,11014.69
2021/4/29,29303.26,11049.88
2021/4/30,28724.88,10825.25
2021/5/3,28357.54,10713
2021/5/4,28557.14,10765.72
2021/5/5,28417.98,10721.87
2021/5/6,28637.46,10756.37
2021/5/7,28610.65,10699
2021/5/10,28595.66,10651.07
2021/5/11,28013.81,10431.55
2021/5/12,28231.04,10556.57
2021/5/13,27718.67,10339.99
2021/5/14,28027.57,10404.95
2021/5/17,28194.09,10503.84
2021/5/18,28593.81,10654.3
2021/5/20,28450.29,10642.8
2021/5/21,28458.44,10702.57
2021/5/24,28412.26,10641.4
2021/5/25,28910.86,10792.63
2021/5/26,29166.01,10855.58
2021/5/27,29113.2,10848.35
2021/5/28,29124.41,10793.55
2021/5/31,29151.8,10889.12
2021/6/1,29468,10990.75
2021/6/2,29297.62,10951.84
2021/6/3,28966.03,10826.78
2021/6/4,28918.1,10805.64
2021/6/7,28787.28,10748.2
2021/6/8,28781.38,10729.52
2021/6/9,28742.63,10704.75
2021/6/10,28738.88,10716.28
2021/6/11,28842.13,10750.95
