,Time,Trade_Profit,Cost,N_Trade
0,2010-01-04,0.0,0.0,0
1,2010-01-05,0.0,0.0,0
2,2010-01-06,0.0,0.0,0
3,2010-01-07,0.0,0.0,0
4,2010-01-08,0.0,0.0,0
5,2010-01-11,0.0,0.0,0
6,2010-01-12,0.0,0.0,0
7,2010-01-13,0.0,0.0,0
8,2010-01-14,0.0,0.0,0
9,2010-01-15,0.0,0.0,0
10,2010-01-18,0.0,0.0,0
11,2010-01-19,0.0,0.0,0
12,2010-01-20,0.0,0.0,0
13,2010-01-21,0.0,0.0,0
14,2010-01-22,0.0,0.0,0
15,2010-01-25,0.0,0.0,0
16,2010-01-26,0.0,0.0,0
17,2010-01-27,0.0,0.0,0
18,2010-01-28,0.0,0.0,0
19,2010-01-29,0.0,0.0,0
20,2010-02-01,0.0,0.0,0
21,2010-02-02,0.0,0.0,0
22,2010-02-03,0.0,0.0,0
23,2010-02-04,0.0,0.0,0
24,2010-02-05,0.0,0.0,0
25,2010-02-06,0.0,0.0,0
26,2010-02-08,0.0,0.0,0
27,2010-02-09,0.0,0.0,0
28,2010-02-10,0.0,0.0,0
29,2010-02-22,0.0,0.0,0
30,2010-02-23,0.0,0.0,0
31,2010-02-24,0.0,0.0,0
32,2010-02-25,0.0,0.0,0
33,2010-02-26,0.0,0.0,0
34,2010-03-01,0.0,0.0,0
35,2010-03-02,0.0,0.0,0
36,2010-03-03,0.0,0.0,0
37,2010-03-04,0.0,0.0,0
38,2010-03-05,0.0,0.0,0
39,2010-03-08,0.0,0.0,0
40,2010-03-09,0.0,0.0,0
41,2010-03-10,0.0,0.0,0
42,2010-03-11,0.0,0.0,0
43,2010-03-12,0.0,0.0,0
44,2010-03-15,0.0,0.0,0
45,2010-03-16,0.0,0.0,0
46,2010-03-17,0.0,0.0,0
47,2010-03-18,0.0,0.0,0
48,2010-03-19,0.0,0.0,0
49,2010-03-22,0.0,0.0,0
50,2010-03-23,0.0,0.0,0
51,2010-03-24,0.0,0.0,0
52,2010-03-25,0.0,0.0,0
53,2010-03-26,0.0,0.0,0
54,2010-03-29,0.0,0.0,0
55,2010-03-30,0.0,0.0,0
56,2010-03-31,0.0,0.0,0
57,2010-04-01,0.0,0.0,0
58,2010-04-02,0.0,0.0,0
59,2010-04-06,0.0,0.0,0
60,2010-04-07,0.0,0.0,0
61,2010-04-08,0.0,0.0,0
62,2010-04-09,0.0,0.0,0
63,2010-04-12,0.0,0.0,0
64,2010-04-13,0.0,0.0,0
65,2010-04-14,0.0,0.0,0
66,2010-04-15,0.0,0.0,0
67,2010-04-16,0.0,0.0,0
68,2010-04-19,0.0,0.0,0
69,2010-04-20,0.0,0.0,0
70,2010-04-21,0.0,0.0,0
71,2010-04-22,0.0,0.0,0
72,2010-04-23,0.0,0.0,0
73,2010-04-26,0.0,0.0,0
74,2010-04-27,0.0,0.0,0
75,2010-04-28,0.0,0.0,0
76,2010-04-29,0.0,0.0,0
77,2010-04-30,0.0,0.0,0
78,2010-05-03,0.0,0.0,0
79,2010-05-04,0.0,0.0,0
80,2010-05-05,0.0,0.0,0
81,2010-05-06,0.0,0.0,0
82,2010-05-07,0.0,0.0,0
83,2010-05-10,0.0,0.0,0
84,2010-05-11,0.0,0.0,0
85,2010-05-12,0.0,0.0,0
86,2010-05-13,0.0,0.0,0
87,2010-05-14,0.0,0.0,0
88,2010-05-17,0.0,0.0,0
89,2010-05-18,0.0,0.0,0
90,2010-05-19,0.0,0.0,0
91,2010-05-20,0.0,0.0,0
92,2010-05-21,0.0,0.0,0
93,2010-05-24,0.0,0.0,0
94,2010-05-25,0.0,0.0,0
95,2010-05-26,0.0,0.0,0
96,2010-05-27,0.0,0.0,0
97,2010-05-28,0.0,0.0,0
98,2010-05-31,0.0,0.0,0
99,2010-06-01,0.0,0.0,0
100,2010-06-02,0.0,0.0,0
101,2010-06-03,0.0,0.0,0
102,2010-06-04,0.0,0.0,0
103,2010-06-07,0.0,0.0,0
104,2010-06-08,0.0,0.0,0
105,2010-06-09,0.0,0.0,0
106,2010-06-10,0.0,0.0,0
107,2010-06-11,0.0,0.0,0
108,2010-06-14,0.0,0.0,0
109,2010-06-15,0.0,0.0,0
110,2010-06-17,0.0,0.0,0
111,2010-06-18,0.0,0.0,0
112,2010-06-21,0.0,0.0,0
113,2010-06-22,0.0,0.0,0
114,2010-06-23,0.0,0.0,0
115,2010-06-24,0.0,0.0,0
116,2010-06-25,0.0,0.0,0
117,2010-06-28,0.0,0.0,0
118,2010-06-29,0.0,0.0,0
119,2010-06-30,0.0,0.0,0
120,2010-07-01,0.0,0.0,0
121,2010-07-02,0.0,0.0,0
122,2010-07-05,0.0,0.0,0
123,2010-07-06,0.0,0.0,0
124,2010-07-07,0.0,0.0,0
125,2010-07-08,0.0,0.0,0
126,2010-07-09,0.0,0.0,0
127,2010-07-12,0.0,0.0,0
128,2010-07-13,0.0,0.0,0
129,2010-07-14,0.0,0.0,0
130,2010-07-15,0.0,0.0,0
131,2010-07-16,0.0,0.0,0
132,2010-07-19,0.0,0.0,0
133,2010-07-20,0.0,0.0,0
134,2010-07-21,0.0,0.0,0
135,2010-07-22,0.0,0.0,0
136,2010-07-23,0.0,0.0,0
137,2010-07-26,0.0,0.0,0
138,2010-07-27,0.0,0.0,0
139,2010-07-28,0.0,0.0,0
140,2010-07-29,0.0,0.0,0
141,2010-07-30,0.0,0.0,0
142,2010-08-02,0.0,0.0,0
143,2010-08-03,0.0,0.0,0
144,2010-08-04,0.0,0.0,0
145,2010-08-05,0.0,0.0,0
146,2010-08-06,0.0,0.0,0
147,2010-08-09,0.0,0.0,0
148,2010-08-10,0.0,0.0,0
149,2010-08-11,0.0,0.0,0
150,2010-08-12,0.0,0.0,0
151,2010-08-13,0.0,0.0,0
152,2010-08-16,0.0,0.0,0
153,2010-08-17,0.0,0.0,0
154,2010-08-18,0.0,0.0,0
155,2010-08-19,0.0,0.0,0
156,2010-08-20,0.0,0.0,0
157,2010-08-23,0.0,0.0,0
158,2010-08-24,0.0,0.0,0
159,2010-08-25,0.0,0.0,0
160,2010-08-26,0.0,0.0,0
161,2010-08-27,0.0,0.0,0
162,2010-08-30,0.0,0.0,0
163,2010-08-31,0.0,0.0,0
164,2010-09-01,0.0,0.0,0
165,2010-09-02,0.0,0.0,0
166,2010-09-03,0.0,0.0,0
167,2010-09-06,0.0,0.0,0
168,2010-09-07,0.0,0.0,0
169,2010-09-08,0.0,0.0,0
170,2010-09-09,0.0,0.0,0
171,2010-09-10,0.0,0.0,0
172,2010-09-13,0.0,0.0,0
173,2010-09-14,0.0,0.0,0
174,2010-09-15,0.0,0.0,0
175,2010-09-16,0.0,0.0,0
176,2010-09-17,0.0,0.0,0
177,2010-09-20,0.0,0.0,0
178,2010-09-21,0.0,0.0,0
179,2010-09-23,0.0,0.0,0
180,2010-09-24,0.0,0.0,0
181,2010-09-27,0.0,0.0,0
182,2010-09-28,0.0,0.0,0
183,2010-09-29,0.0,0.0,0
184,2010-09-30,0.0,0.0,0
185,2010-10-01,0.0,0.0,0
186,2010-10-04,0.0,0.0,0
187,2010-10-05,0.0,0.0,0
188,2010-10-06,0.0,0.0,0
189,2010-10-07,0.0,0.0,0
190,2010-10-08,0.0,0.0,0
191,2010-10-11,0.0,0.0,0
192,2010-10-12,0.0,0.0,0
193,2010-10-13,0.0,0.0,0
194,2010-10-14,0.0,0.0,0
195,2010-10-15,0.0,0.0,0
196,2010-10-18,0.0,0.0,0
197,2010-10-19,0.0,0.0,0
198,2010-10-20,0.0,0.015664330269092457,1
199,2010-10-21,0.0,0.04683212886016327,3
200,2010-10-22,0.0,0.0,0
201,2010-10-25,0.0,0.0,0
202,2010-10-26,0.0,0.0,0
203,2010-10-27,0.0,0.0,0
204,2010-10-28,0.0,0.0,0
205,2010-10-29,0.0,0.0,0
206,2010-11-01,0.0,0.0,0
207,2010-11-02,0.0,0.0,0
208,2010-11-03,0.0,0.0,0
209,2010-11-04,0.0,0.0,0
210,2010-11-05,0.0,0.0,0
211,2010-11-08,0.0,0.0,0
212,2010-11-09,0.0,0.0,0
213,2010-11-10,0.0,0.0,0
214,2010-11-11,0.0,0.0,0
215,2010-11-12,0.0,0.0,0
216,2010-11-15,0.0,0.0,0
217,2010-11-16,0.0,0.0,0
218,2010-11-17,0.0,0.030931428926826633,2
219,2010-11-18,0.0,0.047124545464134304,3
220,2010-11-19,0.0,0.0,0
221,2010-11-22,0.0,0.0,0
222,2010-11-23,0.0,0.22096001420392553,14
223,2010-11-24,0.0,0.0,0
224,2010-11-25,0.0,0.0,0
225,2010-11-26,0.0,0.031167196833984997,2
226,2010-11-29,0.0,0.0,0
227,2010-11-30,0.0,0.0,0
228,2010-12-01,0.0,0.0,0
229,2010-12-02,25.641451831354193,0.4392981927267731,-25
230,2010-12-03,0.0,0.0,0
231,2010-12-06,0.0,0.0,0
232,2010-12-07,0.0,0.0,0
233,2010-12-08,0.0,0.0,0
234,2010-12-09,0.0,0.0,0
235,2010-12-10,0.0,0.0,0
236,2010-12-13,0.0,0.0,0
237,2010-12-14,0.0,0.0,0
238,2010-12-15,0.0,0.0,0
239,2010-12-16,0.0,0.0,0
240,2010-12-17,0.0,0.0,0
241,2010-12-20,0.0,0.0,0
242,2010-12-21,0.0,0.0,0
243,2010-12-22,0.0,0.0,0
244,2010-12-23,0.0,0.0,0
245,2010-12-24,0.0,0.0,0
246,2010-12-27,0.0,0.0,0
247,2010-12-28,0.0,0.0,0
248,2010-12-29,0.0,0.7674218272319645,-37
249,2010-12-30,0.0,0.0,0
250,2010-12-31,0.0,0.10796471799910945,-5
251,2011-01-03,0.0,0.045470531772023384,-2
252,2011-01-04,0.0,0.0,0
253,2011-01-05,0.0,0.0,0
254,2011-01-06,0.0,0.0,0
255,2011-01-07,0.0,0.0,0
256,2011-01-10,0.0,0.0,0
257,2011-01-11,0.0,0.0,0
258,2011-01-12,0.0,0.0,0
259,2011-01-13,0.0,0.0,0
260,2011-01-14,0.0,0.0,0
261,2011-01-17,0.0,0.0,0
262,2011-01-18,0.0,0.0,0
263,2011-01-19,0.0,0.0,0
264,2011-01-20,0.0,0.0,0
265,2011-01-21,0.0,0.0,0
266,2011-01-24,0.0,0.0,0
267,2011-01-25,0.0,0.0,0
268,2011-01-26,0.0,0.0,0
269,2011-01-27,0.0,0.0,0
270,2011-01-28,0.0,0.0,0
271,2011-02-08,0.0,0.47290776842683946,-23
272,2011-02-09,0.0,0.0,0
273,2011-02-10,0.0,0.0,0
274,2011-02-11,44.23959575532903,0.6959159671744842,40
275,2011-02-14,17.797752723735538,0.3770205820930137,20
276,2011-02-15,2.772192512603459,0.05822119230025934,3
277,2011-02-16,0.0,0.0,0
278,2011-02-17,0.0,0.0,0
279,2011-02-18,0.0,0.0,0
280,2011-02-21,0.0,0.0,0
281,2011-02-22,0.0,0.0,0
282,2011-02-23,0.0,0.0,0
283,2011-02-24,0.0,0.0,0
284,2011-02-25,0.0,0.0,0
285,2011-03-01,0.0,0.0,0
286,2011-03-02,0.0,0.0,0
287,2011-03-03,0.0,0.0,0
288,2011-03-04,0.0,0.0,0
289,2011-03-07,0.0,0.0,0
290,2011-03-08,0.0,0.0,0
291,2011-03-09,0.0,0.0,0
292,2011-03-10,0.0,0.0,0
293,2011-03-11,0.0,0.0,0
294,2011-03-14,0.0,0.0,0
295,2011-03-15,0.0,0.0,0
296,2011-03-16,0.0,0.0,0
297,2011-03-17,1.3793996134296478,0.04315733153383381,2
298,2011-03-18,0.0,0.0,0
299,2011-03-21,0.0,0.0,0
300,2011-03-22,1.8133904024086451,0.04589210333585193,2
301,2011-03-23,0.0,0.0,0
302,2011-03-24,0.0,0.0,0
303,2011-03-25,0.0,0.0,0
304,2011-03-28,0.0,0.0,0
305,2011-03-29,0.0,0.0,0
306,2011-03-30,0.0,0.0,0
307,2011-03-31,0.0,0.0,0
308,2011-04-01,0.0,0.0,0
309,2011-04-06,0.0,0.0,0
310,2011-04-07,0.0,0.0,0
311,2011-04-08,0.0,0.0,0
312,2011-04-11,0.0,0.0,0
313,2011-04-12,0.0,0.0,0
314,2011-04-13,0.0,0.0,0
315,2011-04-14,0.0,0.0,0
316,2011-04-15,0.0,0.0,0
317,2011-04-18,0.0,0.0,0
318,2011-04-19,0.0,0.0,0
319,2011-04-20,0.0,0.0,0
320,2011-04-21,0.0,0.0,0
321,2011-04-22,0.0,0.0,0
322,2011-04-25,0.0,0.0,0
323,2011-04-26,0.0,0.0,0
324,2011-04-27,0.0,0.0,0
325,2011-04-28,0.0,0.0,0
326,2011-04-29,0.0,0.0,0
327,2011-05-03,0.0,0.0,0
328,2011-05-04,0.0,0.0,0
329,2011-05-05,0.0,0.0,0
330,2011-05-06,0.0,0.0,0
331,2011-05-09,0.0,0.0,0
332,2011-05-10,0.0,0.0,0
333,2011-05-11,0.0,0.0,0
334,2011-05-12,0.0,0.0,0
335,2011-05-13,0.0,0.0,0
336,2011-05-16,0.0,0.0,0
337,2011-05-17,0.0,0.0,0
338,2011-05-18,0.0,0.0,0
339,2011-05-19,0.0,0.0,0
340,2011-05-20,0.0,0.0,0
341,2011-05-23,0.0,0.0,0
342,2011-05-24,0.0,0.0,0
343,2011-05-25,0.0,0.0,0
344,2011-05-26,0.0,0.0,0
345,2011-05-27,0.0,0.0,0
346,2011-05-30,0.0,0.0,0
347,2011-05-31,0.0,0.0,0
348,2011-06-01,0.0,0.0,0
349,2011-06-02,0.0,0.0,0
350,2011-06-03,0.0,0.0,0
351,2011-06-07,0.0,0.0,0
352,2011-06-08,0.0,0.0,0
353,2011-06-09,0.0,0.0,0
354,2011-06-10,0.0,0.0,0
355,2011-06-13,0.0,0.0,0
356,2011-06-14,0.0,0.0,0
357,2011-06-15,0.0,0.0,0
358,2011-06-16,0.0,0.0,0
359,2011-06-17,0.0,0.0,0
360,2011-06-20,0.0,0.0,0
361,2011-06-21,0.0,0.0,0
362,2011-06-22,0.0,0.0,0
363,2011-06-23,0.0,0.0,0
364,2011-06-24,0.0,0.0,0
365,2011-06-27,0.0,0.0,0
366,2011-06-28,0.0,0.0,0
367,2011-06-29,0.0,0.0,0
368,2011-06-30,0.0,0.0,0
369,2011-07-01,0.0,0.0,0
370,2011-07-04,0.0,0.0,0
371,2011-07-05,0.0,0.0,0
372,2011-07-06,0.0,0.0,0
373,2011-07-07,0.0,0.0,0
374,2011-07-08,0.0,0.0,0
375,2011-07-11,0.0,0.0,0
376,2011-07-12,0.0,0.0,0
377,2011-07-13,0.0,0.0,0
378,2011-07-14,0.0,0.0,0
379,2011-07-15,0.0,0.0,0
380,2011-07-18,0.0,0.0,0
381,2011-07-19,0.0,0.0,0
382,2011-07-20,0.0,0.0,0
383,2011-07-21,0.0,0.0,0
384,2011-07-22,0.0,0.0,0
385,2011-07-25,0.0,0.0,0
386,2011-07-26,0.0,0.0,0
387,2011-07-27,0.0,0.0,0
388,2011-07-28,0.0,0.0,0
389,2011-07-29,0.0,0.0,0
390,2011-08-01,0.0,0.06860533571185339,-3
391,2011-08-02,0.0,0.0,0
392,2011-08-03,0.0,0.0,0
393,2011-08-04,0.0,0.0,0
394,2011-08-05,1.7879728102814685,1.1398035024318942,46
395,2011-08-08,0.0,0.0,0
396,2011-08-09,0.0,0.0,0
397,2011-08-10,0.0,0.0,0
398,2011-08-11,0.0,0.0,0
399,2011-08-12,0.0,0.0,0
400,2011-08-15,0.0,0.11986253897014931,5
401,2011-08-16,0.0,0.0,0
402,2011-08-17,0.0,0.0,0
403,2011-08-18,0.0,0.0,0
404,2011-08-19,0.0,0.0,0
405,2011-08-22,0.0,0.0,0
406,2011-08-23,0.0,0.0,0
407,2011-08-24,0.0,0.0,0
408,2011-08-25,0.0,0.0,0
409,2011-08-26,0.0,0.0,0
410,2011-08-29,0.0,0.0,0
411,2011-08-30,0.0,0.0,0
412,2011-08-31,0.0,0.0,0
413,2011-09-01,0.0,0.0,0
414,2011-09-02,0.0,0.0,0
415,2011-09-05,0.0,0.06348000664905469,3
416,2011-09-06,0.0,0.24681379240599657,14
417,2011-09-07,0.10951928220565055,0.017104085025781434,-1
418,2011-09-08,0.1899999999999995,0.01717081533646144,-1
419,2011-09-09,0.19566240621599107,0.017363707976175414,-1
420,2011-09-13,0.0,0.13645513753530428,8
421,2011-09-14,30.675858399834716,0.939190040278623,-42
422,2011-09-15,3.5002653690511565,0.13558683033461918,-7
423,2011-09-16,0.17542076901507464,0.034668892909177615,-2
424,2011-09-19,0.0,0.05088096942349485,3
425,2011-09-20,0.026727019451283418,0.06752912863982956,-2
426,2011-09-21,0.3811528376202311,0.051470672248335306,-3
427,2011-09-22,0.0,0.05034388340738991,3
428,2011-09-23,-0.5140367804476469,0.064469464534997,-2
429,2011-09-26,-0.4184625561652151,0.04811565462986863,-3
430,2011-09-27,3.142566563260001,0.09316720807752621,-5
431,2011-09-28,0.0,0.0,0
432,2011-09-29,0.0,0.0,0
433,2011-09-30,0.0,0.6978791500242437,-34
434,2011-10-03,0.0,0.0,0
435,2011-10-04,0.0,1.5604603393415601,-81
436,2011-10-05,0.0,0.05254199015153707,-3
437,2011-10-06,-4.408837821090488,0.5899876955297684,-4
438,2011-10-07,0.0,0.0,0
439,2011-10-11,0.0,0.0,0
440,2011-10-12,0.0,0.0,0
441,2011-10-13,0.0,0.0,0
442,2011-10-14,0.0,0.0,0
443,2011-10-17,0.0,0.0,0
444,2011-10-18,0.4313311749248072,0.020414936552505224,1
445,2011-10-19,0.0,0.0,0
446,2011-10-20,0.5612750623278053,0.020615605620907904,1
447,2011-10-21,1.0081101482546888,0.04184729102720712,2
448,2011-10-24,0.0,0.4112669367227821,-21
449,2011-10-25,0.0,0.0,0
450,2011-10-26,0.31594907803696337,0.9314368791195143,-43
451,2011-10-27,0.6076884204418889,0.044955293056288155,2
452,2011-10-28,0.46488587456990693,0.6482282871700297,-28
453,2011-10-31,0.7514773999290458,0.046180341203068624,2
454,2011-11-01,0.713666247212819,0.08667995227368208,0
455,2011-11-02,0.5475082430769369,0.18469228987933195,-5
456,2011-11-03,0.6037101433080956,0.04412452171969721,2
457,2011-11-04,0.7934241619175495,0.04482605197787478,2
458,2011-11-07,1.3312370948876868,0.0439980504206746,2
459,2011-11-08,55.46817064007054,1.7588212293457592,92
460,2011-11-09,84.45138751227005,2.275205941703202,113
461,2011-11-10,0.0,0.0,0
462,2011-11-11,0.0,0.0,0
463,2011-11-14,0.0,0.0,0
464,2011-11-15,0.0,0.0,0
465,2011-11-16,0.0,0.0,0
466,2011-11-17,0.0,0.0,0
467,2011-11-18,0.0,0.0,0
468,2011-11-21,0.0,0.0,0
469,2011-11-22,0.0,0.0,0
470,2011-11-23,0.0,0.0,0
471,2011-11-24,0.0,0.0,0
472,2011-11-25,0.0,0.0,0
473,2011-11-28,0.0,0.0,0
474,2011-11-29,0.0,0.0,0
475,2011-11-30,0.0,0.27520133214823506,-14
476,2011-12-01,0.14088242315669142,0.020691778063753028,1
477,2011-12-02,0.2944485369702381,0.020329889225978403,1
478,2011-12-05,0.3418024725799622,0.020105655910583598,1
479,2011-12-06,0.22345672981735554,0.019718490573646254,1
480,2011-12-07,0.20736405600798946,0.0198952445840238,1
481,2011-12-08,0.16354368545745857,0.01978318183042992,1
482,2011-12-09,0.2608224117959903,0.019619630792543,1
483,2011-12-12,0.3482324842656688,0.019655110781541422,1
484,2011-12-13,0.22000000000000064,0.019427427994026004,1
485,2011-12-14,0.2900000000000009,0.01940681172064378,1
486,2011-12-15,0.03305494600774672,0.018981026664526713,1
487,2011-12-16,0.16478152115804434,0.019130795717066967,1
488,2011-12-19,0.02314864741048872,0.018425399703721958,1
489,2011-12-20,0.0,0.0,0
490,2011-12-21,0.0,0.0,0
491,2011-12-22,0.0,0.0,0
492,2011-12-23,0.0,0.0,0
493,2011-12-26,0.0,0.0,0
494,2011-12-27,0.0,0.0,0
495,2011-12-28,0.0,0.0,0
496,2011-12-29,0.0,0.0,0
497,2011-12-30,0.0,0.0,0
498,2012-01-02,0.0,0.0,0
499,2012-01-03,0.0,0.0,0
500,2012-01-04,0.0,0.0,0
501,2012-01-05,0.0,0.0,0
502,2012-01-06,0.0,0.0,0
503,2012-01-09,0.0,0.0,0
504,2012-01-10,0.0,0.0,0
505,2012-01-11,0.0,0.0,0
506,2012-01-12,0.0,0.0,0
507,2012-01-13,0.0,0.0,0
508,2012-01-16,0.0,0.0,0
509,2012-01-17,0.0,0.0,0
510,2012-01-18,0.0,0.0,0
511,2012-01-30,0.0,0.0,0
512,2012-01-31,0.0,0.0,0
513,2012-02-01,0.0,0.0,0
514,2012-02-02,0.0,0.0,0
515,2012-02-03,0.0,0.0,0
516,2012-02-04,0.0,0.12298802125586811,6
517,2012-02-06,0.0,0.0,0
518,2012-02-07,0.0,0.2787958553170698,14
519,2012-02-08,0.0,0.03728000050128581,2
520,2012-02-09,0.0,0.0,0
521,2012-02-10,0.0,0.0,0
522,2012-02-13,0.0,0.018751051897584043,1
523,2012-02-14,0.0,0.01809720527494202,1
524,2012-02-15,0.0,0.0,0
525,2012-02-16,0.0,0.0,0
526,2012-02-17,0.0,0.0,0
527,2012-02-20,0.0,0.0,0
528,2012-02-21,0.0,0.2776660161378418,14
529,2012-02-22,0.0,0.0,0
530,2012-02-23,0.0,0.0,0
531,2012-02-24,0.0,0.0,0
532,2012-02-29,0.0,0.0,0
533,2012-03-01,0.0,0.0,0
534,2012-03-02,0.0,0.0,0
535,2012-03-03,0.0,0.06082241844059079,3
536,2012-03-05,0.0,0.0,0
537,2012-03-06,0.0,0.0,0
538,2012-03-07,0.0,0.0,0
539,2012-03-08,0.0,0.0,0
540,2012-03-09,2.509455578305884,0.1272551153347654,-7
541,2012-03-12,0.0,0.0,0
542,2012-03-13,11.176970101322778,0.5184420198618043,-26
543,2012-03-14,3.6128249112005566,0.16246418303778346,-8
544,2012-03-15,0.0,0.0,0
545,2012-03-16,0.0,0.0,0
546,2012-03-19,0.0,0.0,0
547,2012-03-20,0.0,0.0,0
548,2012-03-21,0.0,0.0,0
549,2012-03-22,0.0,0.0,0
550,2012-03-23,0.0,0.0,0
551,2012-03-26,0.0,0.0,0
552,2012-03-27,0.0,0.0,0
553,2012-03-28,0.0,0.0,0
554,2012-03-29,0.0,0.0,0
555,2012-03-30,0.0,0.0,0
556,2012-04-02,0.0,0.0,0
557,2012-04-03,0.0,0.0,0
558,2012-04-05,0.0,0.0,0
559,2012-04-06,0.0,0.0,0
560,2012-04-09,0.0,0.0,0
561,2012-04-10,0.0,0.0,0
562,2012-04-11,0.0,0.0,0
563,2012-04-12,0.0,0.0,0
564,2012-04-13,0.0,0.0,0
565,2012-04-16,0.0,0.0,0
566,2012-04-17,0.0,0.0,0
567,2012-04-18,0.0,0.03356410934889577,2
568,2012-04-19,0.0,0.0,0
569,2012-04-20,0.0,0.0,0
570,2012-04-23,0.0,0.0,0
571,2012-04-24,0.0,0.0,0
572,2012-04-25,0.0,0.0,0
573,2012-04-26,0.0,0.0,0
574,2012-04-27,0.0,0.0,0
575,2012-04-30,0.0,0.016562636993218686,1
576,2012-05-02,0.0,0.0,0
577,2012-05-03,0.0,0.0,0
578,2012-05-04,0.0,0.0,0
579,2012-05-07,0.0,0.0,0
580,2012-05-08,0.0,0.0,0
581,2012-05-09,0.0,0.0,0
582,2012-05-10,0.0,0.0,0
583,2012-05-11,0.0,0.0,0
584,2012-05-14,0.0,0.0,0
585,2012-05-15,0.0,0.0,0
586,2012-05-16,0.0,0.0,0
587,2012-05-17,0.0,0.0,0
588,2012-05-18,0.0,0.0,0
589,2012-05-21,0.0,0.0,0
590,2012-05-22,0.0,0.0,0
591,2012-05-23,0.0,0.0,0
592,2012-05-24,0.0,0.0,0
593,2012-05-25,0.0,0.0,0
594,2012-05-28,0.0,0.0,0
595,2012-05-29,0.0,0.0,0
596,2012-05-30,0.0,0.0,0
597,2012-05-31,1.3814018304834121,0.049765344511631046,-3
598,2012-06-01,0.0,0.0,0
599,2012-06-04,0.0,0.0,0
600,2012-06-05,0.0,0.0,0
601,2012-06-06,0.0,0.0,0
602,2012-06-07,0.0,0.0,0
603,2012-06-08,0.0,0.0,0
604,2012-06-11,0.0,0.0,0
605,2012-06-12,0.0,0.0,0
606,2012-06-13,0.0,0.0,0
607,2012-06-14,0.0,0.0,0
608,2012-06-15,0.0,0.0,0
609,2012-06-18,0.0,0.0,0
610,2012-06-19,0.0,0.0,0
611,2012-06-20,0.0,0.0,0
612,2012-06-21,0.0,0.0,0
613,2012-06-22,0.0,0.0,0
614,2012-06-25,0.0,0.0,0
615,2012-06-26,0.0,0.0,0
616,2012-06-27,0.0,0.0,0
617,2012-06-28,0.0,0.0,0
618,2012-06-29,0.0,0.0,0
619,2012-07-02,0.0,0.0,0
620,2012-07-03,0.0,0.0,0
621,2012-07-04,0.0,0.0,0
622,2012-07-05,0.0,0.0,0
623,2012-07-06,0.0,0.0,0
624,2012-07-09,0.0,0.0,0
625,2012-07-10,0.0,0.0,0
626,2012-07-11,0.0,0.0,0
627,2012-07-12,0.0,0.0,0
628,2012-07-13,0.0,0.0,0
629,2012-07-16,0.0,0.0,0
630,2012-07-17,0.0,0.0,0
631,2012-07-18,0.0,0.0,0
632,2012-07-19,0.0,0.0,0
633,2012-07-20,0.0,0.0,0
634,2012-07-23,0.0,0.0,0
635,2012-07-24,0.0,0.0,0
636,2012-07-25,0.0,0.0,0
637,2012-07-26,0.0,0.0,0
638,2012-07-27,0.0,0.0,0
639,2012-07-30,0.0,0.0,0
640,2012-07-31,0.0,0.0,0
641,2012-08-01,0.0,0.0,0
642,2012-08-03,0.0,0.0,0
643,2012-08-06,0.0,0.0,0
644,2012-08-07,0.0,0.0,0
645,2012-08-08,0.0,0.0,0
646,2012-08-09,0.0,0.0,0
647,2012-08-10,0.0,0.0,0
648,2012-08-13,0.0,0.03526932387861995,-2
649,2012-08-14,0.0,0.0,0
650,2012-08-15,0.0,0.0,0
651,2012-08-16,0.0,0.0,0
652,2012-08-17,0.0,0.0,0
653,2012-08-20,0.0,0.0,0
654,2012-08-21,0.0,0.0,0
655,2012-08-22,0.0,0.0,0
656,2012-08-23,0.0,0.0,0
657,2012-08-24,0.0,0.0,0
658,2012-08-27,0.0,0.0,0
659,2012-08-28,0.0,0.0,0
660,2012-08-29,0.0,0.0,0
661,2012-08-30,0.0,0.0,0
662,2012-08-31,0.0,0.0,0
663,2012-09-03,0.0,0.0,0
664,2012-09-04,0.0,0.0,0
665,2012-09-05,0.0,0.0,0
666,2012-09-06,0.0,0.0,0
667,2012-09-07,0.0,0.0,0
668,2012-09-10,0.0,0.0,0
669,2012-09-11,0.0,0.0,0
670,2012-09-12,0.0,0.0,0
671,2012-09-13,0.0,0.0,0
672,2012-09-14,0.0,0.0,0
673,2012-09-17,0.0,0.0,0
674,2012-09-18,0.0,0.0,0
675,2012-09-19,0.0,0.0,0
676,2012-09-20,0.0,0.0,0
677,2012-09-21,0.0,0.0,0
678,2012-09-24,0.0,0.0,0
679,2012-09-25,0.0,0.0,0
680,2012-09-26,0.0,0.0,0
681,2012-09-27,0.0,0.0,0
682,2012-09-28,0.0,0.0,0
683,2012-10-01,0.0,0.0,0
684,2012-10-02,0.0,0.0,0
685,2012-10-03,0.0,0.0,0
686,2012-10-04,0.0,0.0,0
687,2012-10-05,0.0,0.0,0
688,2012-10-08,0.0,0.0,0
689,2012-10-09,0.0,0.0,0
690,2012-10-11,0.0,0.0,0
691,2012-10-12,0.0,0.0,0
692,2012-10-15,0.0,0.0,0
693,2012-10-16,0.0,0.0,0
694,2012-10-17,0.12592996832250325,0.017268325988324562,1
695,2012-10-18,0.21873527405645188,0.017485663132674346,1
696,2012-10-19,0.0,0.0,0
697,2012-10-22,0.0,0.0,0
698,2012-10-23,0.0,0.0,0
699,2012-10-24,0.0,0.0,0
700,2012-10-25,0.0,0.0,0
701,2012-10-26,0.0,0.0,0
702,2012-10-29,0.0,0.0,0
703,2012-10-30,0.0,0.0,0
704,2012-10-31,0.0,0.0,0
705,2012-11-01,0.0,0.0,0
706,2012-11-02,0.0,0.0,0
707,2012-11-05,0.0,0.0,0
708,2012-11-06,0.0,0.0,0
709,2012-11-07,0.0,0.0,0
710,2012-11-08,0.0,0.0,0
711,2012-11-09,0.0,0.0,0
712,2012-11-12,0.0,0.0,0
713,2012-11-13,0.0,0.03275119715126057,2
714,2012-11-14,0.0,0.0,0
715,2012-11-15,0.0,0.0,0
716,2012-11-16,0.0,0.0,0
717,2012-11-19,0.0,0.032859396945021595,2
718,2012-11-20,0.0,0.0,0
719,2012-11-21,0.0,0.032606847512178794,2
720,2012-11-22,0.0,0.0,0
721,2012-11-23,0.0,0.0,0
722,2012-11-26,0.0,0.0,0
723,2012-11-27,0.0,0.0,0
724,2012-11-28,0.0,0.0,0
725,2012-11-29,0.0,0.0,0
726,2012-11-30,2.364911446263555,0.10593253016219739,-6
727,2012-12-03,0.0,0.0,0
728,2012-12-04,0.0,0.0,0
729,2012-12-05,0.0,0.0,0
730,2012-12-06,0.0,0.0,0
731,2012-12-07,0.0,0.0,0
732,2012-12-10,0.0,0.0,0
733,2012-12-11,0.0,0.0,0
734,2012-12-12,0.0,0.0,0
735,2012-12-13,0.0,0.0,0
736,2012-12-14,0.0,0.0,0
737,2012-12-17,0.0,0.0,0
738,2012-12-18,0.0,0.0,0
739,2012-12-19,0.0,0.0,0
740,2012-12-20,0.0,0.0,0
741,2012-12-21,0.0,0.0,0
742,2012-12-22,0.0,0.0,0
743,2012-12-24,0.0,0.0,0
744,2012-12-25,0.0,0.0,0
745,2012-12-26,0.0,0.0,0
746,2012-12-27,0.0,0.0,0
747,2012-12-28,0.0,0.0,0
748,2013-01-02,0.0,0.0,0
749,2013-01-03,0.0,0.0,0
750,2013-01-04,0.0,0.0,0
751,2013-01-07,0.0,0.0,0
752,2013-01-08,0.0,0.15353976653566717,-7
753,2013-01-09,0.0,0.0,0
754,2013-01-10,0.0,0.0,0
755,2013-01-11,0.0,0.0,0
756,2013-01-14,0.0,0.9205849232998783,-46
757,2013-01-15,0.0,0.16121221255013873,-8
758,2013-01-16,0.0,0.0,0
759,2013-01-17,0.0,0.0,0
760,2013-01-18,0.0,0.022123359607780956,-1
761,2013-01-21,0.0,0.08733797210594252,-4
762,2013-01-22,0.0,0.701831782828449,-36
763,2013-01-23,0.0,0.24095645840347585,-13
764,2013-01-24,0.0,0.0,0
765,2013-01-25,0.0,0.0,0
766,2013-01-28,0.0,0.04617172906111633,-2
767,2013-01-29,0.0,0.0910314422527409,-4
768,2013-01-30,0.23272872832414926,0.03543826243422434,2
769,2013-01-31,0.1406262326591481,0.036258348979715235,2
770,2013-02-01,0.0,0.0,0
771,2013-02-04,0.0,0.0,0
772,2013-02-05,0.0,0.0,0
773,2013-02-06,0.0,0.0,0
774,2013-02-18,0.0,0.0,0
775,2013-02-19,0.0,0.0,0
776,2013-02-20,0.0,0.0,0
777,2013-02-21,0.0,0.0,0
778,2013-02-22,56.05693810750649,2.3645919163717277,113
779,2013-02-23,0.0,0.0,0
780,2013-02-25,0.0,0.0,0
781,2013-02-26,0.0,0.0,0
782,2013-02-27,0.0,0.0,0
783,2013-03-01,0.0,0.0,0
784,2013-03-04,0.0,0.0,0
785,2013-03-05,0.0,0.0,0
786,2013-03-06,0.0,0.0,0
787,2013-03-07,0.0,0.0,0
788,2013-03-08,0.0,0.0,0
789,2013-03-11,0.0,0.0,0
790,2013-03-12,2.7566916092355775,0.09790810353724826,4
791,2013-03-13,0.0,0.0,0
792,2013-03-14,0.0,0.4286877488174288,20
793,2013-03-15,0.0,0.0,0
794,2013-03-18,0.0,0.0,0
795,2013-03-19,0.0,0.0,0
796,2013-03-20,0.0,0.3555833608437813,17
797,2013-03-21,0.0,0.0,0
798,2013-03-22,0.0,0.0,0
799,2013-03-25,0.0,0.3396527156808706,16
800,2013-03-26,0.0,0.5476824962209565,28
801,2013-03-27,0.1360384537437982,0.018944165860346102,-1
802,2013-03-28,0.17241693313342576,0.0189326654889686,-1
803,2013-03-29,0.0,0.3216766704518966,15
804,2013-04-01,0.0,0.0,0
805,2013-04-02,0.0,0.0,0
806,2013-04-03,0.0,0.0,0
807,2013-04-08,0.0,0.0,0
808,2013-04-09,0.0,0.0,0
809,2013-04-10,0.0,0.0,0
810,2013-04-11,0.0,0.0,0
811,2013-04-12,0.0,0.0,0
812,2013-04-15,0.0,0.0,0
813,2013-04-16,0.0,0.0,0
814,2013-04-17,0.0,0.0,0
815,2013-04-18,0.0,0.0,0
816,2013-04-19,0.0,0.0,0
817,2013-04-22,0.0,0.0,0
818,2013-04-23,0.0,0.0,0
819,2013-04-24,0.0,0.0,0
820,2013-04-25,0.0,0.0,0
821,2013-04-26,0.0,0.0,0
822,2013-04-29,11.002258715672228,0.5406728354208917,-28
823,2013-04-30,24.679536635756712,1.204234673572777,-58
824,2013-05-02,0.0,0.0,0
825,2013-05-03,0.0,0.0,0
826,2013-05-06,0.0,0.0,0
827,2013-05-07,0.0,0.0,0
828,2013-05-08,0.0,0.0,0
829,2013-05-09,0.0,0.0,0
830,2013-05-10,0.0,0.0,0
831,2013-05-13,0.0,0.0,0
832,2013-05-14,0.0,0.0,0
833,2013-05-15,0.0,0.0,0
834,2013-05-16,0.0,0.0,0
835,2013-05-17,0.0,0.0,0
836,2013-05-20,0.0,0.0,0
837,2013-05-21,0.0,0.0,0
838,2013-05-22,0.0,0.0,0
839,2013-05-23,0.0,0.0,0
840,2013-05-24,0.0,0.0,0
841,2013-05-27,3.619590621187447,0.17018881031245686,-8
842,2013-05-28,0.0,0.0,0
843,2013-05-29,0.0,0.0,0
844,2013-05-30,0.0,0.0,0
845,2013-05-31,0.0,0.0,0
846,2013-06-03,0.0,0.0,0
847,2013-06-04,0.0,0.0,0
848,2013-06-05,0.0,0.0,0
849,2013-06-06,0.0,0.0,0
850,2013-06-07,0.0,0.0,0
851,2013-06-10,0.0,0.0,0
852,2013-06-11,0.0,0.0,0
853,2013-06-13,0.0,0.0,0
854,2013-06-14,0.0,0.0,0
855,2013-06-17,0.0,0.0,0
856,2013-06-18,0.0,0.0,0
857,2013-06-19,0.0,0.0,0
858,2013-06-20,0.0,0.0,0
859,2013-06-21,0.0,0.8437100259708361,45
860,2013-06-24,0.2997686404799147,0.020137433426991983,-1
861,2013-06-25,0.31162663249091516,0.02000444543541186,-1
862,2013-06-26,0.34080720085714944,0.0203749256085989,-1
863,2013-06-27,0.2706456065571654,0.02029612256673318,-1
864,2013-06-28,0.4594687243932096,0.020656082540887646,-1
865,2013-07-01,0.36669451548367427,0.020588892704299016,-1
866,2013-07-02,0.2961189103999651,0.020423671177593982,-1
867,2013-07-03,0.351678484413922,0.02032156682574447,-1
868,2013-07-04,0.2564523117889319,0.06465413360682934,2
869,2013-07-05,0.1999999999999993,0.020154634988121173,-1
870,2013-07-08,0.16320275788807592,0.020163675948151244,-1
871,2013-07-09,0.0,0.020106636508852953,1
872,2013-07-10,0.16277718423551768,0.0200991721145367,-1
873,2013-07-11,0.26176693107585614,0.020310139845937214,-1
874,2013-07-12,0.2968855209077308,0.020210788815394187,-1
875,2013-07-15,0.39149226952938676,0.020174318974876464,-1
876,2013-07-16,16.396973248885118,0.5787934651282908,-31
877,2013-07-17,0.0,0.0,0
878,2013-07-18,0.0,0.0,0
879,2013-07-19,0.0,0.0,0
880,2013-07-22,0.0,0.0,0
881,2013-07-23,0.0,0.0,0
882,2013-07-24,0.0,0.0,0
883,2013-07-25,0.0,0.0,0
884,2013-07-26,0.0,0.0,0
885,2013-07-29,0.0,0.039881821798319964,-2
886,2013-07-30,0.0,0.0,0
887,2013-07-31,0.0,0.0,0
888,2013-08-01,0.0,0.0,0
889,2013-08-02,0.0,0.0,0
890,2013-08-05,0.0,0.0,0
891,2013-08-06,0.0,0.02032884271848657,-1
892,2013-08-07,0.0,0.019131249478630267,-1
893,2013-08-08,0.0,0.0,0
894,2013-08-09,0.0,0.0,0
895,2013-08-12,0.0,0.03919811220489332,-2
896,2013-08-13,0.0,0.0,0
897,2013-08-14,0.0,0.0,0
898,2013-08-15,0.0,0.0,0
899,2013-08-16,0.0,0.0,0
900,2013-08-19,0.0,0.0,0
901,2013-08-20,0.0,0.0,0
902,2013-08-22,0.0,0.0,0
903,2013-08-23,1.515524632911296,0.057560473698705567,3
904,2013-08-26,0.0,0.0,0
905,2013-08-27,0.0,0.0,0
906,2013-08-28,0.0,0.0,0
907,2013-08-29,0.0,0.0,0
908,2013-08-30,0.0,0.0,0
909,2013-09-02,0.0,0.0,0
910,2013-09-03,1.839672494086507,0.1313816547875108,6
911,2013-09-04,0.0,0.0,0
912,2013-09-05,0.0,0.0,0
913,2013-09-06,0.0,0.0,0
914,2013-09-09,0.0,0.0,0
915,2013-09-10,0.0,0.0,0
916,2013-09-11,0.0,0.0,0
917,2013-09-12,0.0,0.02337811335481186,1
918,2013-09-13,0.0,0.0,0
919,2013-09-14,0.0,0.0,0
920,2013-09-16,0.0,0.0,0
921,2013-09-17,0.0,0.0,0
922,2013-09-18,0.0,0.0,0
923,2013-09-23,0.0,0.0,0
924,2013-09-24,0.0,0.0,0
925,2013-09-25,0.0,0.0,0
926,2013-09-26,0.0,0.0,0
927,2013-09-27,0.0,0.0,0
928,2013-09-30,0.0,0.0,0
929,2013-10-01,0.0,0.0,0
930,2013-10-02,0.0,0.0,0
931,2013-10-03,0.0,0.0,0
932,2013-10-04,0.0,0.0,0
933,2013-10-07,0.0,0.0,0
934,2013-10-08,0.0,0.0,0
935,2013-10-09,0.0,0.0,0
936,2013-10-11,0.0,0.0,0
937,2013-10-14,0.0,0.0,0
938,2013-10-15,0.0,0.0,0
939,2013-10-16,0.0,0.0,0
940,2013-10-17,0.0,0.0,0
941,2013-10-18,0.3241604781902101,0.024557265893388733,-1
942,2013-10-21,0.32406895328026586,0.02455996587823209,-1
943,2013-10-22,0.0,0.0,0
944,2013-10-23,0.0,0.0,0
945,2013-10-24,0.0,0.0,0
946,2013-10-25,0.0,0.0,0
947,2013-10-28,0.0,0.0,0
948,2013-10-29,0.0,0.0,0
949,2013-10-30,0.0,0.0,0
950,2013-10-31,0.0,0.0,0
951,2013-11-01,0.0,0.0,0
952,2013-11-04,0.0,0.0,0
953,2013-11-05,0.0,0.0,0
954,2013-11-06,0.0,0.0,0
955,2013-11-07,0.0,0.0,0
956,2013-11-08,0.0,0.0,0
957,2013-11-11,0.0,0.23583995137331284,9
958,2013-11-12,0.02999999999999936,0.025781902318357877,-1
959,2013-11-13,-0.024345506760143465,0.07888591884644859,1
960,2013-11-14,-0.023337553624170226,0.025860981924478218,-1
961,2013-11-15,0.04760924800358701,0.026084600488582108,-1
962,2013-11-18,0.15833174200326106,0.026311825140029152,-1
963,2013-11-19,0.0,0.0,0
964,2013-11-20,0.0,0.052914665899449605,2
965,2013-11-21,0.0,0.05306009100706871,2
966,2013-11-22,-0.100594328655502,0.10678546237935171,0
967,2013-11-25,-0.8854658292544713,0.21705508715375896,2
968,2013-11-26,-0.7626333235996565,0.05470449677007399,-2
969,2013-11-27,-0.3117182356813686,0.027287232176218347,-1
970,2013-11-28,-0.295454216212951,0.027506354349007056,-1
971,2013-11-29,-0.030000000000001137,0.02712927540354049,-1
972,2013-12-02,-0.08780928501790441,0.02709953077429818,-1
973,2013-12-03,-0.037398732240635724,0.026761437580967717,-1
974,2013-12-04,0.11560736568698893,0.02673901736862537,-1
975,2013-12-05,0.2040832964877879,0.026292679587351667,-1
976,2013-12-06,0.0,0.0,0
977,2013-12-09,0.0,0.0,0
978,2013-12-10,0.0,0.0,0
979,2013-12-11,0.0,0.0,0
980,2013-12-12,0.0,0.0,0
981,2013-12-13,0.0,0.0,0
982,2013-12-16,0.0,0.0,0
983,2013-12-17,0.0,0.0,0
984,2013-12-18,0.0,0.0,0
985,2013-12-19,0.0,0.0,0
986,2013-12-20,0.0,0.0,0
987,2013-12-23,0.0,0.0,0
988,2013-12-24,0.0,0.0,0
989,2013-12-25,0.0,0.0,0
990,2013-12-26,0.0,0.0,0
991,2013-12-27,0.0,0.0,0
992,2013-12-30,0.0,0.0,0
993,2013-12-31,0.0,0.0,0
994,2014-01-02,0.0,0.0,0
995,2014-01-03,0.0,0.0,0
996,2014-01-06,0.0,0.0,0
997,2014-01-07,0.0,0.043036530870991886,2
998,2014-01-08,0.0,0.0,0
999,2014-01-09,0.0,0.0,0
1000,2014-01-10,0.0,0.0,0
1001,2014-01-13,0.0,0.0,0
1002,2014-01-14,0.0,0.0,0
1003,2014-01-15,0.0,0.0,0
1004,2014-01-16,0.0,0.0,0
1005,2014-01-17,0.0,0.0,0
1006,2014-01-20,0.0,0.0,0
1007,2014-01-21,0.0,0.0,0
1008,2014-01-22,0.0,0.0,0
1009,2014-01-23,0.0,0.0,0
1010,2014-01-24,0.0,0.0,0
1011,2014-01-27,0.0,0.0,0
1012,2014-02-05,0.0,0.0,0
1013,2014-02-06,0.0,0.0,0
1014,2014-02-07,0.0,0.0,0
1015,2014-02-10,0.0,0.0,0
1016,2014-02-11,0.0,0.020560569143249722,1
1017,2014-02-12,0.0,0.0,0
1018,2014-02-13,0.0,0.0,0
1019,2014-02-14,0.0,0.0,0
1020,2014-02-17,0.0,0.0,0
1021,2014-02-18,0.0,0.0,0
1022,2014-02-19,0.0,0.0,0
1023,2014-02-20,0.0,0.0,0
1024,2014-02-21,0.0,0.0,0
1025,2014-02-24,0.0,0.0,0
1026,2014-02-25,0.0,0.0,0
1027,2014-02-26,0.0,0.0,0
1028,2014-02-27,1.4400710400692098,0.0636570289741724,-3
1029,2014-03-03,0.0,0.0,0
1030,2014-03-04,0.0,0.0,0
1031,2014-03-05,0.0,0.0,0
1032,2014-03-06,0.0,0.0,0
1033,2014-03-07,0.0,0.0,0
1034,2014-03-10,0.0,0.0,0
1035,2014-03-11,0.0,0.0,0
1036,2014-03-12,0.0,0.0,0
1037,2014-03-13,0.0,0.0,0
1038,2014-03-14,0.0,0.0,0
1039,2014-03-17,0.0,0.0,0
1040,2014-03-18,0.0,0.0,0
1041,2014-03-19,0.0,0.0,0
1042,2014-03-20,0.0,0.0,0
1043,2014-03-21,0.0,0.0,0
1044,2014-03-24,0.0,0.0,0
1045,2014-03-25,0.0,0.0,0
1046,2014-03-26,0.0,0.0,0
1047,2014-03-27,0.0,0.0,0
1048,2014-03-28,0.0,0.0,0
1049,2014-03-31,0.0,0.0,0
1050,2014-04-01,0.0,0.0,0
1051,2014-04-02,0.0,0.0,0
1052,2014-04-03,0.0,0.0,0
1053,2014-04-07,0.0,0.0,0
1054,2014-04-08,0.0,0.0,0
1055,2014-04-09,0.0,0.0,0
1056,2014-04-10,0.0,0.0,0
1057,2014-04-11,0.0,0.0,0
1058,2014-04-14,0.0,0.0,0
1059,2014-04-15,0.0,0.0,0
1060,2014-04-16,0.0,0.0,0
1061,2014-04-17,0.0,0.0,0
1062,2014-04-18,0.0,0.0,0
1063,2014-04-21,0.0,0.0,0
1064,2014-04-22,0.0,0.0,0
1065,2014-04-23,0.0,0.0,0
1066,2014-04-24,0.0,0.0,0
1067,2014-04-25,0.0,0.0,0
1068,2014-04-28,0.0,0.0,0
1069,2014-04-29,0.0,0.0,0
1070,2014-04-30,0.0,0.0,0
1071,2014-05-02,0.0,0.0,0
1072,2014-05-05,0.0,0.0,0
1073,2014-05-06,0.0,0.0,0
1074,2014-05-07,0.0,0.0,0
1075,2014-05-08,0.0,0.0,0
1076,2014-05-09,0.0,0.0,0
1077,2014-05-12,0.0,0.0,0
1078,2014-05-13,0.0,0.0,0
1079,2014-05-14,0.0,0.0,0
1080,2014-05-15,0.0,0.0,0
1081,2014-05-16,0.0,0.0,0
1082,2014-05-19,0.0,0.0,0
1083,2014-05-20,0.0,0.0,0
1084,2014-05-21,0.0,0.0,0
1085,2014-05-22,0.0,0.0,0
1086,2014-05-23,0.0,0.0,0
1087,2014-05-26,0.0,0.0,0
1088,2014-05-27,0.0,0.0,0
1089,2014-05-28,0.0,0.0,0
1090,2014-05-29,0.0,0.0,0
1091,2014-05-30,0.0,0.0,0
1092,2014-06-03,0.0,0.0,0
1093,2014-06-04,0.0,0.0,0
1094,2014-06-05,0.0,0.0,0
1095,2014-06-06,0.0,0.0,0
1096,2014-06-09,0.0,0.0,0
1097,2014-06-10,0.0,0.0,0
1098,2014-06-11,0.0,0.0,0
1099,2014-06-12,0.0,0.0,0
1100,2014-06-13,0.0,0.0,0
1101,2014-06-16,0.0,0.0,0
1102,2014-06-17,0.0,0.0,0
1103,2014-06-18,0.0,0.0,0
1104,2014-06-19,0.0,0.0,0
1105,2014-06-20,0.0,0.0,0
1106,2014-06-23,0.0,0.0,0
1107,2014-06-24,0.0,0.0,0
1108,2014-06-25,0.0,0.0,0
1109,2014-06-26,0.0,0.0,0
1110,2014-06-27,0.0,0.0,0
1111,2014-06-30,0.0,0.0,0
1112,2014-07-01,0.0,0.0,0
1113,2014-07-02,0.0,0.0,0
1114,2014-07-03,0.0,0.0,0
1115,2014-07-04,0.0,0.0,0
1116,2014-07-07,0.0,0.0,0
1117,2014-07-08,0.0,0.0,0
1118,2014-07-09,0.0,0.0,0
1119,2014-07-10,0.0,0.0,0
1120,2014-07-11,0.0,0.0,0
1121,2014-07-14,0.0,0.0,0
1122,2014-07-15,0.0,0.0,0
1123,2014-07-16,0.0,0.0,0
1124,2014-07-17,0.0,0.0,0
1125,2014-07-18,0.0,0.0,0
1126,2014-07-21,0.0,0.0,0
1127,2014-07-22,0.0,0.0,0
1128,2014-07-24,0.0,0.0,0
1129,2014-07-25,0.0,0.0,0
1130,2014-07-28,0.0,0.0,0
1131,2014-07-29,0.0,0.0,0
1132,2014-07-30,0.0,0.019030735697104915,-1
1133,2014-07-31,0.0,0.0,0
1134,2014-08-01,0.0,0.0,0
1135,2014-08-04,0.0,0.0,0
1136,2014-08-05,0.0,0.0,0
1137,2014-08-06,0.0,0.863599613939829,-29
1138,2014-08-07,0.0,0.0182553791213577,-1
1139,2014-08-08,0.0,0.0,0
1140,2014-08-11,0.0,0.0,0
1141,2014-08-12,0.0,0.0,0
1142,2014-08-13,0.0,0.0,0
1143,2014-08-14,23.914131168942014,0.9032998599272336,31
1144,2014-08-15,0.0,0.0,0
1145,2014-08-18,0.0,0.0,0
1146,2014-08-19,0.0,0.0,0
1147,2014-08-20,0.0,0.0,0
1148,2014-08-21,0.0,0.0,0
1149,2014-08-22,0.0,0.018928814965193334,-1
1150,2014-08-25,0.0,0.09370485957172688,-4
1151,2014-08-26,0.0,0.0,0
1152,2014-08-27,0.0,0.07030501971104826,-3
1153,2014-08-28,0.0,0.0,0
1154,2014-08-29,0.0,0.0,0
1155,2014-09-01,0.0,0.0,0
1156,2014-09-02,0.0,0.0,0
1157,2014-09-03,0.0,0.0,0
1158,2014-09-04,0.0,0.0,0
1159,2014-09-05,0.0,0.0,0
1160,2014-09-09,2.6874847064387417,0.1231297599314831,5
1161,2014-09-10,0.0,0.0,0
1162,2014-09-11,0.0,0.0,0
1163,2014-09-12,0.0,0.0,0
1164,2014-09-15,0.0,0.0,0
1165,2014-09-16,0.0,0.0,0
1166,2014-09-17,0.0,0.0,0
1167,2014-09-18,0.0,0.0,0
1168,2014-09-19,0.0,0.0,0
1169,2014-09-22,0.0,0.0,0
1170,2014-09-23,0.0,0.0,0
1171,2014-09-24,0.0,0.0,0
1172,2014-09-25,0.0,0.0,0
1173,2014-09-26,0.0,0.0,0
1174,2014-09-29,2.0905895634935163,0.056967008586417636,3
1175,2014-09-30,0.0,0.0,0
1176,2014-10-01,0.0,0.0,0
1177,2014-10-02,0.0,1.3800640161493596,49
1178,2014-10-03,0.0,0.0,0
1179,2014-10-06,0.0,0.0,0
1180,2014-10-07,0.0,0.0,0
1181,2014-10-08,0.0,0.0,0
1182,2014-10-09,0.0,0.0,0
1183,2014-10-13,14.975518540511578,0.642297653546961,-21
1184,2014-10-14,0.0,0.0,0
1185,2014-10-15,0.0,0.0,0
1186,2014-10-16,0.0,0.06114665320275042,3
1187,2014-10-17,0.0,0.0,0
1188,2014-10-20,0.0,0.0,0
1189,2014-10-21,0.0,0.0,0
1190,2014-10-22,0.0,0.0,0
1191,2014-10-23,0.0,0.0,0
1192,2014-10-24,0.0,0.4649549237535471,17
1193,2014-10-27,0.0,0.0,0
1194,2014-10-28,0.0,0.0,0
1195,2014-10-29,0.0,0.0,0
1196,2014-10-30,0.0,1.463682515486846,51
1197,2014-10-31,0.0,0.0,0
1198,2014-11-03,0.0,0.0,0
1199,2014-11-04,-5.3697026392884055,1.3590237541219452,5
1200,2014-11-05,0.0,0.0,0
1201,2014-11-06,0.0,0.0,0
1202,2014-11-07,0.0,0.0,0
1203,2014-11-10,0.5404056199875402,0.01808922058518087,-1
1204,2014-11-11,0.0,0.0,0
1205,2014-11-12,0.0,0.0,0
1206,2014-11-13,0.0,0.0,0
1207,2014-11-14,0.0,0.0,0
1208,2014-11-17,0.0,0.0,0
1209,2014-11-18,1.5912726761175335,0.06340079040720525,-2
1210,2014-11-19,10.775913400489932,0.4794815316288177,-17
1211,2014-11-20,0.0,0.0,0
1212,2014-11-21,0.0,0.0,0
1213,2014-11-24,0.0,0.0,0
1214,2014-11-25,0.0,0.0,0
1215,2014-11-26,0.0,0.0,0
1216,2014-11-27,0.0,0.0,0
1217,2014-11-28,0.0,0.0,0
1218,2014-12-01,3.8298313246149984,0.1554359317538569,-6
1219,2014-12-02,2.2161027603982504,0.08023552451892671,-3
1220,2014-12-03,0.0,0.0,0
1221,2014-12-04,2.1310551993958153,0.09663643168945509,-4
1222,2014-12-05,31.996219401961568,1.167217594130962,-46
1223,2014-12-08,0.0,0.0,0
1224,2014-12-09,18.275085079287543,0.5948777716660743,-25
1225,2014-12-10,0.0,0.5718825193613766,-19
1226,2014-12-11,0.0,0.0,0
1227,2014-12-12,0.0,0.0,0
1228,2014-12-15,0.0,0.0,0
1229,2014-12-16,0.0,0.0,0
1230,2014-12-17,0.0,0.6192898783435795,-21
1231,2014-12-18,0.0,0.0,0
1232,2014-12-19,0.0,0.0,0
1233,2014-12-22,13.331066682515255,0.6601359385747682,22
1234,2014-12-23,0.0,0.0,0
1235,2014-12-24,15.297915420779292,0.5768854412334826,18
1236,2014-12-25,0.0,0.0,0
1237,2014-12-26,0.0,0.0,0
1238,2014-12-27,0.0,0.0,0
1239,2014-12-29,0.0,0.0,0
1240,2014-12-30,0.0,0.0,0
1241,2014-12-31,0.0,0.0,0
1242,2015-01-05,0.0,0.0,0
1243,2015-01-06,0.0,0.0,0
1244,2015-01-07,0.0,0.0,0
1245,2015-01-08,0.0,0.0,0
1246,2015-01-09,0.0,0.0,0
1247,2015-01-12,0.0,0.0,0
1248,2015-01-13,0.0,0.0,0
1249,2015-01-14,0.0,0.0,0
1250,2015-01-15,0.0,0.0,0
1251,2015-01-16,0.0,0.0,0
1252,2015-01-19,0.0,0.0,0
1253,2015-01-20,0.0,0.0,0
1254,2015-01-21,0.0,0.0,0
1255,2015-01-22,0.0,0.0,0
1256,2015-01-23,0.0,0.0,0
1257,2015-01-26,0.0,0.0,0
1258,2015-01-27,0.0,0.0,0
1259,2015-01-28,0.0,0.0,0
1260,2015-01-29,0.0,0.0,0
1261,2015-01-30,0.0,0.0,0
1262,2015-02-02,0.0,0.0,0
1263,2015-02-03,0.0,0.0,0
1264,2015-02-04,0.0,0.0,0
1265,2015-02-05,0.0,0.0,0
1266,2015-02-06,0.0,0.0,0
1267,2015-02-09,0.0,0.0,0
1268,2015-02-10,0.0,0.0,0
1269,2015-02-11,0.0,0.0,0
1270,2015-02-12,0.0,0.0,0
1271,2015-02-13,0.0,0.0,0
1272,2015-02-24,0.0,0.0,0
1273,2015-02-25,0.0,0.0,0
1274,2015-02-26,0.0,0.0,0
1275,2015-03-02,0.0,0.0,0
1276,2015-03-03,0.0,0.0,0
1277,2015-03-04,0.0,0.0,0
1278,2015-03-05,0.0,0.0,0
1279,2015-03-06,0.0,0.0,0
1280,2015-03-09,0.0,0.0,0
1281,2015-03-10,0.0,0.0,0
1282,2015-03-11,0.0,0.0,0
1283,2015-03-12,0.0,0.0,0
1284,2015-03-13,0.0,0.0,0
1285,2015-03-16,0.0,0.0,0
1286,2015-03-17,0.0,0.0,0
1287,2015-03-18,0.0,0.0,0
1288,2015-03-19,0.0,0.0,0
1289,2015-03-20,0.0,0.0,0
1290,2015-03-23,0.0,0.0,0
1291,2015-03-24,0.0,0.0,0
1292,2015-03-25,0.0,0.0,0
1293,2015-03-26,0.0,0.0,0
1294,2015-03-27,0.0,0.0,0
1295,2015-03-30,0.0,0.0,0
1296,2015-03-31,0.0,0.0,0
1297,2015-04-01,0.0,0.0,0
1298,2015-04-02,0.0,0.0,0
1299,2015-04-07,0.0,0.0,0
1300,2015-04-08,0.0,0.0,0
1301,2015-04-09,0.0,0.0,0
1302,2015-04-10,0.0,0.0,0
1303,2015-04-13,0.0,0.0,0
1304,2015-04-14,0.0,0.0,0
1305,2015-04-15,0.0,0.0,0
1306,2015-04-16,0.0,0.0,0
1307,2015-04-17,0.0,0.0,0
1308,2015-04-20,0.0,0.0,0
1309,2015-04-21,0.0,0.0,0
1310,2015-04-22,0.0,0.0,0
1311,2015-04-23,0.0,0.0,0
1312,2015-04-24,0.0,0.0,0
1313,2015-04-27,0.0,0.0,0
1314,2015-04-28,0.0,0.21288074015188307,-9
1315,2015-04-29,0.0,0.0,0
1316,2015-04-30,0.0,0.0,0
1317,2015-05-04,0.0,0.0,0
1318,2015-05-05,0.0,0.0,0
1319,2015-05-06,0.0,0.0,0
1320,2015-05-07,0.0,0.0,0
1321,2015-05-08,0.0,0.12941520426727468,-4
1322,2015-05-11,0.0,0.25532716584983334,-11
1323,2015-05-12,-0.030000000000001137,0.032169803261879924,1
1324,2015-05-13,-0.1365238664183579,0.6400939557575789,-22
1325,2015-05-14,-0.08959242532159095,0.03183094011698178,1
1326,2015-05-15,0.0,0.0,0
1327,2015-05-18,0.0,0.11068189527781026,-4
1328,2015-05-19,0.0,0.0,0
1329,2015-05-20,0.0,0.5013462025214511,-20
1330,2015-05-21,0.0,0.0,0
1331,2015-05-22,0.0,0.10940085333230462,-4
1332,2015-05-25,0.0,0.0,0
1333,2015-05-26,0.0,0.3785307846541971,-14
1334,2015-05-27,0.0,0.0,0
1335,2015-05-28,0.0,0.0,0
1336,2015-05-29,0.0,0.16483333574658734,-6
1337,2015-06-01,0.0,0.0,0
1338,2015-06-02,0.0,0.0,0
1339,2015-06-03,0.0,0.3195794043383048,-12
1340,2015-06-04,0.0,0.0,0
1341,2015-06-05,0.5208324017844816,0.10761286140435405,4
1342,2015-06-08,0.5793506997523608,0.10811968700257764,4
1343,2015-06-09,1.0702752209969209,0.16065294589621654,6
1344,2015-06-10,1.3372151259320209,0.16001750236284534,6
1345,2015-06-11,1.6747339353747037,0.1589821740999189,6
1346,2015-06-12,1.4466806911439924,0.15860645668719464,6
1347,2015-06-15,0.0,0.0,0
1348,2015-06-16,1.33289627397696,0.10385476950184391,4
1349,2015-06-17,0.0,0.0,0
1350,2015-06-18,0.0,0.0,0
1351,2015-06-22,1.0616246829256593,0.10399698078704377,4
1352,2015-06-23,1.6483882925343885,0.10480449445240268,4
1353,2015-06-24,1.0515834788057195,0.10501879231835282,4
1354,2015-06-25,1.2029266996914867,0.10588345875504783,4
1355,2015-06-26,0.0,0.0,0
1356,2015-06-29,1.0870235538209805,0.10286588440317221,4
1357,2015-06-30,1.5179954968982834,0.1027063192462113,4
1358,2015-07-01,1.0786361495788679,0.10268017079459683,4
1359,2015-07-02,0.0,0.0,0
1360,2015-07-03,0.0,0.0,0
1361,2015-07-06,0.8356319633435252,0.04891916522323997,2
1362,2015-07-07,0.0,0.0,0
1363,2015-07-08,0.8985517402590322,0.04727793038963871,2
1364,2015-07-09,0.8727723810875023,0.04618389425036149,2
1365,2015-07-13,0.6119367135865446,0.045902863681378615,2
1366,2015-07-14,1.3618874112136279,0.06842146057188306,3
1367,2015-07-15,1.0324561026842947,0.06796209047415432,3
1368,2015-07-16,0.7859511918964426,0.06763525612532553,3
1369,2015-07-17,0.6856893135990862,0.06702867986156867,3
1370,2015-07-20,0.5305788549621049,0.06591692850703937,3
1371,2015-07-21,0.7039334992453607,0.06635709659534632,3
1372,2015-07-22,0.459760188548918,0.04384245426985263,2
1373,2015-07-23,0.5419196569603209,0.043359066979779474,2
1374,2015-07-24,0.510395750018855,0.042957832318452106,2
1375,2015-07-27,0.0,0.0,0
1376,2015-07-28,0.0,0.0,0
1377,2015-07-29,0.0,0.0,0
1378,2015-07-30,0.0,0.0,0
1379,2015-07-31,0.0,0.0,0
1380,2015-08-03,0.0,0.0,0
1381,2015-08-04,0.0,0.0,0
1382,2015-08-05,0.0,0.0,0
1383,2015-08-06,0.0,0.0,0
1384,2015-08-07,0.0,0.0,0
1385,2015-08-10,0.0,0.0,0
1386,2015-08-11,0.0,0.0,0
1387,2015-08-12,0.0,0.0,0
1388,2015-08-13,1.743205688349608,0.06727526570438683,3
1389,2015-08-14,0.0,0.0,0
1390,2015-08-17,0.0,0.0,0
1391,2015-08-18,2.4823007354655378,0.08909704448652435,4
1392,2015-08-19,0.0,0.04614562894274096,-2
1393,2015-08-20,0.0,0.0,0
1394,2015-08-21,0.0,0.26454250755209785,-10
1395,2015-08-24,0.0,0.0,0
1396,2015-08-25,-0.9144772050587271,0.16154101581289143,-3
1397,2015-08-26,0.0,0.0,0
1398,2015-08-27,2.5289443884897693,0.07067031412470713,3
1399,2015-08-28,3.3264223046208095,0.07963501230261054,3
1400,2015-08-31,0.0,0.0,0
1401,2015-09-01,0.0,0.0,0
1402,2015-09-02,8.59826040428405,0.1970748689217484,7
1403,2015-09-03,2.683509023027929,0.05834931239866352,2
1404,2015-09-04,0.0,0.06614008589914866,3
1405,2015-09-07,0.0,0.0,0
1406,2015-09-08,0.0,0.0,0
1407,2015-09-09,0.18800389453748068,0.022646445491975534,-1
1408,2015-09-10,0.0,0.0,0
1409,2015-09-11,0.0,0.0,0
1410,2015-09-14,0.0,0.0,0
1411,2015-09-15,0.0,0.0,0
1412,2015-09-16,0.2053767134217761,0.022689272208941565,-1
1413,2015-09-17,0.08555066616509421,0.022965436924107203,-1
1414,2015-09-18,0.0,0.0,0
1415,2015-09-21,0.0,0.0,0
1416,2015-09-22,0.0,0.0,0
1417,2015-09-23,0.0,0.0,0
1418,2015-09-24,0.0,0.0,0
1419,2015-09-25,0.0,0.0,0
1420,2015-09-30,0.0,0.04857477354109636,2
1421,2015-10-01,0.23000000000000043,0.024545024406972878,-1
1422,2015-10-02,0.0,0.0,0
1423,2015-10-05,0.0,0.0,0
1424,2015-10-06,0.0,0.0,0
1425,2015-10-07,0.0,0.0,0
1426,2015-10-08,0.0,0.0,0
1427,2015-10-12,0.0,0.0,0
1428,2015-10-13,0.0,0.0,0
1429,2015-10-14,0.0,0.0,0
1430,2015-10-15,0.0,0.0,0
1431,2015-10-16,0.0,0.0,0
1432,2015-10-19,0.0,0.0,0
1433,2015-10-20,0.0,0.27532956112429646,9
1434,2015-10-21,0.0,0.4029092103432939,16
1435,2015-10-22,0.0,0.0,0
1436,2015-10-23,0.0,0.0,0
1437,2015-10-26,0.0,0.0,0
1438,2015-10-27,0.0,0.2769874660986697,9
1439,2015-10-28,0.0,0.0,0
1440,2015-10-29,0.0,0.32230538103384354,11
1441,2015-10-30,0.0,0.0,0
1442,2015-11-02,0.0,0.6937609434330946,26
1443,2015-11-03,0.0,0.0,0
1444,2015-11-04,0.0,0.0,0
1445,2015-11-05,0.842578411884805,0.06094281600063478,-3
1446,2015-11-06,0.5465315775420319,0.03962419491148286,-2
1447,2015-11-09,0.5068717350696588,0.038886710339211934,-2
1448,2015-11-10,0.4718622505578063,0.03760242143643542,-2
1449,2015-11-11,15.889944343520781,0.5367078209310231,-21
1450,2015-11-12,0.0,0.0,0
1451,2015-11-13,0.0,0.0,0
1452,2015-11-16,0.0,0.0,0
1453,2015-11-17,0.0,0.0,0
1454,2015-11-18,0.0,0.0,0
1455,2015-11-19,0.0,0.0,0
1456,2015-11-20,0.0,0.0,0
1457,2015-11-23,0.0,0.0,0
1458,2015-11-24,0.0,0.0,0
1459,2015-11-25,0.0,0.0,0
1460,2015-11-26,0.0,0.0,0
1461,2015-11-27,0.0,0.0,0
1462,2015-11-30,0.0,0.0,0
1463,2015-12-01,0.0,0.0,0
1464,2015-12-02,0.0,0.0,0
1465,2015-12-03,0.0,0.0,0
1466,2015-12-04,32.57502147281046,0.815059570975359,-28
1467,2015-12-07,0.0,0.0,0
1468,2015-12-08,0.0,0.0,0
1469,2015-12-09,4.283682894542348,0.10924797982273157,-4
1470,2015-12-10,10.20703983933707,0.23927751509105466,-9
1471,2015-12-11,0.0,0.0,0
1472,2015-12-14,0.0,0.0,0
1473,2015-12-15,0.0,0.0,0
1474,2015-12-16,0.0,0.0,0
1475,2015-12-17,0.0,0.0,0
1476,2015-12-18,0.0,0.0,0
1477,2015-12-21,0.0,0.0,0
1478,2015-12-22,0.0,0.0,0
1479,2015-12-23,0.0,0.0,0
1480,2015-12-24,0.0,0.0,0
1481,2015-12-25,0.0,0.0,0
1482,2015-12-28,0.0,0.0,0
1483,2015-12-29,0.0,0.0,0
1484,2015-12-30,0.0,0.0,0
1485,2015-12-31,0.0,0.0,0
1486,2016-01-04,0.0,0.0,0
1487,2016-01-05,0.0,0.0,0
1488,2016-01-06,0.0,0.0,0
1489,2016-01-07,0.0,0.0,0
1490,2016-01-08,0.0,0.0,0
1491,2016-01-11,0.0,0.0,0
1492,2016-01-12,0.0,0.0,0
1493,2016-01-13,0.0,0.0,0
1494,2016-01-14,0.0,0.0,0
1495,2016-01-15,0.0,0.0,0
1496,2016-01-18,0.0,0.08832963911671593,5
1497,2016-01-19,0.07000000000000028,0.01854486052174579,-1
1498,2016-01-20,0.0,0.0,0
1499,2016-01-21,0.0,0.48907802407779605,30
1500,2016-01-22,0.0,0.0,0
1501,2016-01-25,0.0,0.0,0
1502,2016-01-26,0.0,0.0,0
1503,2016-01-27,0.0,0.0,0
1504,2016-01-28,0.0,0.6528039431658121,35
1505,2016-01-29,-0.07075258580900368,0.541602276234436,18
1506,2016-01-30,0.041491629176192646,0.021959651551339745,-1
1507,2016-02-01,0.2587799755628062,0.021926082567448844,-1
1508,2016-02-02,0.33971116469419904,0.02202693315429524,-1
1509,2016-02-03,0.36834484710269244,0.021771921620361897,-1
1510,2016-02-15,0.41999999999999993,0.022838582802081845,-1
1511,2016-02-16,0.0,0.0,0
1512,2016-02-17,0.0,0.0,0
1513,2016-02-18,0.8054883948149385,0.025919619968242116,-1
1514,2016-02-19,0.804105713945864,0.02718258899074529,-1
1515,2016-02-22,11.281324837464059,0.3305097856313781,-13
1516,2016-02-23,0.9259462938448788,0.028007941249527775,-1
1517,2016-02-24,0.8098370624670856,0.028448263166060014,-1
1518,2016-02-25,0.8887957566980571,0.029008836457113284,-1
1519,2016-02-26,0.8615841459931968,0.029540486469318835,-1
1520,2016-03-01,0.9407308616537549,0.029525878985493987,-1
1521,2016-03-02,0.8783593576284865,0.029892733218057348,-1
1522,2016-03-03,0.7159350143848364,0.03050803012354037,-1
1523,2016-03-04,0.8942467856316512,0.03053116675786745,-1
1524,2016-03-07,0.0,0.0,0
1525,2016-03-08,0.0,0.0,0
1526,2016-03-09,0.0,0.0,0
1527,2016-03-10,0.0,0.0,0
1528,2016-03-11,0.0,0.0,0
1529,2016-03-14,0.0,0.0,0
1530,2016-03-15,0.0,0.0,0
1531,2016-03-16,0.0,0.0,0
1532,2016-03-17,0.0,0.0,0
1533,2016-03-18,0.0,0.0,0
1534,2016-03-21,0.0,0.0,0
1535,2016-03-22,0.0,0.0,0
1536,2016-03-23,0.0,0.0,0
1537,2016-03-24,0.0,0.0,0
1538,2016-03-25,0.0,0.0,0
1539,2016-03-28,0.0,0.0,0
1540,2016-03-29,0.0,0.0,0
1541,2016-03-30,0.0,0.0,0
1542,2016-03-31,0.0,0.0,0
1543,2016-04-01,0.0,0.0,0
1544,2016-04-06,0.0,0.0,0
1545,2016-04-07,0.0,0.0,0
1546,2016-04-08,0.0,0.0,0
1547,2016-04-11,0.0,0.0,0
1548,2016-04-12,0.0,0.0,0
1549,2016-04-13,0.0,0.0,0
1550,2016-04-14,0.0,0.0,0
1551,2016-04-15,0.0,0.0,0
1552,2016-04-18,0.0,0.0,0
1553,2016-04-19,0.0,0.0,0
1554,2016-04-20,0.0,0.0,0
1555,2016-04-21,0.0,0.0,0
1556,2016-04-22,0.0,0.0,0
1557,2016-04-25,0.0,0.0,0
1558,2016-04-26,0.0,0.0,0
1559,2016-04-27,0.0,0.0,0
1560,2016-04-28,0.0,0.045683187196044805,2
1561,2016-04-29,0.0,0.0,0
1562,2016-05-03,0.0,0.0,0
1563,2016-05-04,0.0,0.0,0
1564,2016-05-05,0.0,0.0,0
1565,2016-05-06,0.0,0.0,0
1566,2016-05-09,0.0,0.0,0
1567,2016-05-10,0.0,0.0,0
1568,2016-05-11,0.0,0.0,0
1569,2016-05-12,0.0,0.0,0
1570,2016-05-13,0.9060388060002218,0.022828398194694895,-1
1571,2016-05-16,0.0,0.0,0
1572,2016-05-17,0.0,0.0,0
1573,2016-05-18,0.0,0.0,0
1574,2016-05-19,0.0,0.0,0
1575,2016-05-20,0.0,0.0,0
1576,2016-05-23,0.0,0.0,0
1577,2016-05-24,0.0,0.0,0
1578,2016-05-25,0.0,0.0,0
1579,2016-05-26,0.0,0.0,0
1580,2016-05-27,75.26066029827746,1.0761866413072958,-57
1581,2016-05-30,0.0,0.0,0
1582,2016-05-31,0.0,0.0,0
1583,2016-06-01,0.0,0.0,0
1584,2016-06-02,0.0,0.0,0
1585,2016-06-03,0.0,0.0,0
1586,2016-06-04,0.0,0.0,0
1587,2016-06-06,0.0,0.0,0
1588,2016-06-07,0.0,0.026361147055024643,-1
1589,2016-06-08,0.0,0.0,0
1590,2016-06-13,0.0,0.0,0
1591,2016-06-14,0.0,0.0,0
1592,2016-06-15,0.0,0.0,0
1593,2016-06-16,0.0,0.05213405283125539,-2
1594,2016-06-17,0.0,0.0,0
1595,2016-06-20,0.0,0.0,0
1596,2016-06-21,0.0,0.026549804809013058,-1
1597,2016-06-22,0.0,0.0,0
1598,2016-06-23,0.0,0.026401147055024644,-1
1599,2016-06-24,0.0,0.0,0
1600,2016-06-27,0.0,0.0,0
1601,2016-06-28,0.0,0.0,0
1602,2016-06-29,0.0,0.0,0
1603,2016-06-30,0.1549644475296219,0.027061662335956783,1
1604,2016-07-01,0.0,0.0,0
1605,2016-07-04,0.0,0.0,0
1606,2016-07-05,0.0,0.0,0
1607,2016-07-06,0.0,0.1076676012563871,-4
1608,2016-07-07,-0.09528469413268503,0.08021959952831549,-1
1609,2016-07-11,-0.1034748352052155,0.02723299351194737,1
1610,2016-07-12,-0.10163599043356442,0.02728675880836393,1
1611,2016-07-13,-0.04573802191417364,0.027366870423599338,1
1612,2016-07-14,-0.0730532669051005,0.027514739025444396,1
1613,2016-07-15,0.0,0.0,0
1614,2016-07-18,0.0,0.0,0
1615,2016-07-19,0.0,0.0,0
1616,2016-07-20,0.0,0.0,0
1617,2016-07-21,0.0,0.0,0
1618,2016-07-22,0.0,0.0,0
1619,2016-07-25,0.0,0.0,0
1620,2016-07-26,0.0,0.0,0
1621,2016-07-27,0.0,0.0,0
1622,2016-07-28,0.0,0.0,0
1623,2016-07-29,0.0,0.0,0
1624,2016-08-01,0.0,0.0,0
1625,2016-08-02,0.0,0.0,0
1626,2016-08-03,0.0,0.0,0
1627,2016-08-04,0.0,0.0,0
1628,2016-08-05,0.0,0.0,0
1629,2016-08-08,0.0,0.0,0
1630,2016-08-09,0.0,0.0,0
1631,2016-08-10,0.0,0.02154569682555411,-1
1632,2016-08-11,0.0,0.0,0
1633,2016-08-12,0.0,0.021372272074125443,-1
1634,2016-08-15,0.0,0.0,0
1635,2016-08-16,0.0,0.02135028977967164,-1
1636,2016-08-17,0.0,0.0,0
1637,2016-08-18,0.0,0.0,0
1638,2016-08-19,0.0,0.0,0
1639,2016-08-22,0.0,0.0,0
1640,2016-08-23,0.0,0.0,0
1641,2016-08-24,0.0,0.0,0
1642,2016-08-25,0.0,0.0,0
1643,2016-08-26,0.0,0.0,0
1644,2016-08-29,0.0,0.0,0
1645,2016-08-30,0.0,0.0,0
1646,2016-08-31,0.0,0.0,0
1647,2016-09-01,0.0,0.0,0
1648,2016-09-02,0.0,0.0,0
1649,2016-09-05,0.0,0.0,0
1650,2016-09-06,0.0,0.0,0
1651,2016-09-07,0.0,0.0,0
1652,2016-09-08,0.0,0.0,0
1653,2016-09-09,0.0,0.0,0
1654,2016-09-10,0.0,0.0,0
1655,2016-09-12,0.0,0.0,0
1656,2016-09-13,0.0,0.0,0
1657,2016-09-14,0.0,0.0,0
1658,2016-09-19,0.0,0.0,0
1659,2016-09-20,0.0,0.0,0
1660,2016-09-21,0.0,0.0,0
1661,2016-09-22,0.0,0.0,0
1662,2016-09-23,0.0,0.0,0
1663,2016-09-26,0.0,0.0,0
1664,2016-09-29,0.0,0.0,0
1665,2016-09-30,0.0,0.0,0
1666,2016-10-03,0.0,0.0,0
1667,2016-10-04,0.0,0.0,0
1668,2016-10-05,0.0,0.0,0
1669,2016-10-06,0.0,0.0,0
1670,2016-10-07,0.0,0.0,0
1671,2016-10-11,0.0,0.0,0
1672,2016-10-12,0.0,0.0,0
1673,2016-10-13,0.0,0.0,0
1674,2016-10-14,0.0,0.0,0
1675,2016-10-17,0.0,0.0,0
1676,2016-10-18,0.0,0.0,0
1677,2016-10-19,0.0,0.0,0
1678,2016-10-20,0.0,0.0,0
1679,2016-10-21,0.0,0.0,0
1680,2016-10-24,0.0,0.0,0
1681,2016-10-25,0.0,0.0,0
1682,2016-10-26,0.0,0.0,0
1683,2016-10-27,0.0,0.0,0
1684,2016-10-28,0.0,0.0,0
1685,2016-10-31,0.0,0.0,0
1686,2016-11-01,0.0,0.0,0
1687,2016-11-02,0.0,0.0,0
1688,2016-11-03,1.6182832887391436,0.06194654196809033,3
1689,2016-11-04,0.0,0.0,0
1690,2016-11-07,0.0,0.0,0
1691,2016-11-08,0.0,0.0,0
1692,2016-11-09,0.0,0.0,0
1693,2016-11-10,0.0,0.0,0
1694,2016-11-11,0.0,0.0,0
1695,2016-11-14,0.0,0.0,0
1696,2016-11-15,0.0,0.0,0
1697,2016-11-16,0.0,0.0,0
1698,2016-11-17,0.0,0.0,0
1699,2016-11-18,0.0,0.0,0
1700,2016-11-21,0.0,0.0,0
1701,2016-11-22,0.0,0.0,0
1702,2016-11-23,0.0,0.0,0
1703,2016-11-24,0.0,0.0,0
1704,2016-11-25,0.0,0.0,0
1705,2016-11-28,0.0,0.0,0
1706,2016-11-29,0.0,0.0,0
1707,2016-11-30,0.0,0.0,0
1708,2016-12-01,0.0,0.0,0
1709,2016-12-02,0.0,0.0,0
1710,2016-12-05,0.0,0.0,0
1711,2016-12-06,0.0,0.0,0
1712,2016-12-07,0.0,0.0,0
1713,2016-12-08,0.0,0.0,0
1714,2016-12-09,0.0,0.0,0
1715,2016-12-12,0.0,0.0,0
1716,2016-12-13,0.0,0.0,0
1717,2016-12-14,0.0,0.0,0
1718,2016-12-15,0.0,0.0,0
1719,2016-12-16,0.0,0.0,0
1720,2016-12-19,0.0,0.0,0
1721,2016-12-20,0.0,0.0,0
1722,2016-12-21,0.0,0.0,0
1723,2016-12-22,0.0,0.0,0
1724,2016-12-23,0.0,0.0,0
1725,2016-12-26,0.0,0.0,0
1726,2016-12-27,0.0,0.0,0
1727,2016-12-28,0.0,0.0,0
1728,2016-12-29,0.0,0.0,0
1729,2016-12-30,0.0,0.0,0
1730,2017-01-03,0.0,0.0,0
1731,2017-01-04,0.0,0.0,0
1732,2017-01-05,0.0,0.0,0
1733,2017-01-06,0.0,0.0,0
1734,2017-01-09,0.0,0.0,0
1735,2017-01-10,0.0,0.0,0
1736,2017-01-11,0.0,0.0,0
1737,2017-01-12,0.0,0.0,0
1738,2017-01-13,0.0,0.0,0
1739,2017-01-16,0.0,0.0,0
1740,2017-01-17,0.0,0.0,0
1741,2017-01-18,0.0,0.0,0
1742,2017-01-19,0.0,0.0,0
1743,2017-01-20,0.0,0.0,0
1744,2017-01-23,0.0,0.0,0
1745,2017-01-24,0.0,0.0,0
1746,2017-02-02,0.0,0.0,0
1747,2017-02-03,0.0,0.0,0
1748,2017-02-06,0.0,0.0,0
1749,2017-02-07,0.0,0.0,0
1750,2017-02-08,0.0,0.0,0
1751,2017-02-09,0.0,0.0,0
1752,2017-02-10,0.0,0.0,0
1753,2017-02-13,0.0,0.0,0
1754,2017-02-14,0.0,0.0,0
1755,2017-02-15,0.0,0.0,0
1756,2017-02-16,0.0,0.24710557077370193,9
1757,2017-02-17,0.0,0.0,0
1758,2017-02-18,0.0,0.0,0
1759,2017-02-20,0.0,0.0,0
1760,2017-02-21,0.0,0.0,0
1761,2017-02-22,0.0,0.026964498188145225,-1
1762,2017-02-23,0.06802596646411274,0.02695930977025378,-1
1763,2017-02-24,0.03534771811163928,0.05484556478708731,0
1764,2017-03-01,0.03205382240172305,0.027054709460150848,-1
1765,2017-03-02,0.03665848711365882,0.027321893732003794,-1
1766,2017-03-03,0.03220411867849293,0.027427115962463115,-1
1767,2017-03-06,0.07338213644651503,0.02761029042965321,-1
1768,2017-03-07,0.15245374167237635,0.027572946734877514,-1
1769,2017-03-08,0.11734715453589573,0.07705288090329851,-1
1770,2017-03-09,0.0,0.0,0
1771,2017-03-10,0.0,0.02175629225405435,1
1772,2017-03-13,0.0,0.0,0
1773,2017-03-14,0.0,0.0,0
1774,2017-03-15,0.0,0.0,0
1775,2017-03-16,0.0,0.0,0
1776,2017-03-17,0.0,0.0,0
1777,2017-03-20,0.0,0.0,0
1778,2017-03-21,0.0,0.0,0
1779,2017-03-22,0.0,0.08789213426314041,4
1780,2017-03-23,0.0,0.0,0
1781,2017-03-24,0.0,0.10893081732252047,5
1782,2017-03-27,0.0,0.0,0
1783,2017-03-28,0.0,0.0,0
1784,2017-03-29,0.0,0.08733627820360604,4
1785,2017-03-30,0.0,0.0,0
1786,2017-03-31,0.0,0.043611459650779345,2
1787,2017-04-05,0.0,0.0,0
1788,2017-04-06,0.0,0.13086811865281903,6
1789,2017-04-07,0.0,0.19428817240686486,6
1790,2017-04-10,0.0,0.0,0
1791,2017-04-11,0.0,0.028253704225352103,1
1792,2017-04-12,0.0,0.029151650664076385,1
1793,2017-04-13,0.0,0.0,0
1794,2017-04-14,0.0,0.0,0
1795,2017-04-17,0.0,0.0,0
1796,2017-04-18,0.0,0.0,0
1797,2017-04-19,10.460078175405194,0.23795344912088814,-8
1798,2017-04-20,0.0,0.060709348493561896,3
1799,2017-04-21,0.0,0.061542815549189986,3
1800,2017-04-24,0.0,0.0,0
1801,2017-04-25,0.0,0.0,0
1802,2017-04-26,0.0,0.0,0
1803,2017-04-27,0.0,0.0,0
1804,2017-04-28,0.0,0.0,0
1805,2017-05-02,0.0,0.0,0
1806,2017-05-03,0.0,0.0,0
1807,2017-05-04,0.0,0.0,0
1808,2017-05-05,0.0,0.0,0
1809,2017-05-08,0.0,0.0,0
1810,2017-05-09,0.0,0.0,0
1811,2017-05-10,0.0,0.0,0
1812,2017-05-11,0.0,0.0,0
1813,2017-05-12,0.0,0.0,0
1814,2017-05-15,0.0,0.0,0
1815,2017-05-16,0.0,0.0,0
1816,2017-05-17,0.0,0.0,0
1817,2017-05-18,0.0,0.0,0
1818,2017-05-19,0.0,0.0,0
1819,2017-05-22,0.0,0.0,0
1820,2017-05-23,0.0,0.0,0
1821,2017-05-24,0.0,0.0,0
1822,2017-05-25,0.0,0.0,0
1823,2017-05-26,0.0,0.0,0
1824,2017-05-31,0.0,0.0,0
1825,2017-06-01,0.0,0.0,0
1826,2017-06-02,0.0,0.0,0
1827,2017-06-03,0.0,0.0,0
1828,2017-06-05,0.0,0.0,0
1829,2017-06-06,0.0,0.0,0
1830,2017-06-07,0.0,0.0,0
1831,2017-06-08,0.0,0.0,0
1832,2017-06-09,0.0,0.0,0
1833,2017-06-12,0.0,0.0,0
1834,2017-06-13,0.0,0.0,0
1835,2017-06-14,0.0,0.0,0
1836,2017-06-15,1.5493244930725307,0.042363027267184813,-2
1837,2017-06-16,0.0,0.0,0
1838,2017-06-19,0.0,0.0,0
1839,2017-06-20,0.0,0.0,0
1840,2017-06-21,0.0,0.0,0
1841,2017-06-22,8.50418017216488,0.2351492724304503,-11
1842,2017-06-23,0.0,0.0,0
1843,2017-06-26,8.45585400691667,0.2185758215179079,-10
1844,2017-06-27,4.257494410213431,0.12699466963253844,-6
1845,2017-06-28,0.0,0.0,0
1846,2017-06-29,0.0,0.0,0
1847,2017-06-30,0.0,0.0,0
1848,2017-07-03,0.0,0.0,0
1849,2017-07-04,0.0,0.0,0
1850,2017-07-05,0.0,0.0,0
1851,2017-07-06,0.0,0.0,0
1852,2017-07-07,0.0,0.0,0
1853,2017-07-10,0.0,0.0,0
1854,2017-07-11,0.0,0.0,0
1855,2017-07-12,0.0,0.0,0
1856,2017-07-13,0.0,0.0,0
1857,2017-07-14,0.0,0.0,0
1858,2017-07-17,0.0,0.0,0
1859,2017-07-18,0.0,0.0,0
1860,2017-07-19,0.0,0.0,0
1861,2017-07-20,0.0,0.0,0
1862,2017-07-21,0.0,0.0,0
1863,2017-07-24,0.0,0.0,0
1864,2017-07-25,0.0,0.0,0
1865,2017-07-26,0.0,0.0,0
1866,2017-07-27,0.0,0.0,0
1867,2017-07-28,0.0,0.0,0
1868,2017-07-31,0.0,0.0,0
1869,2017-08-01,0.0,0.0,0
1870,2017-08-02,0.0,0.0,0
1871,2017-08-03,0.0,0.0,0
1872,2017-08-04,0.0,0.0,0
1873,2017-08-07,0.0,0.15463921481450243,-7
1874,2017-08-08,0.0,0.0,0
1875,2017-08-09,0.0,0.11440865946885134,-5
1876,2017-08-10,0.0,0.05114673259824436,-2
1877,2017-08-11,0.0,0.0,0
1878,2017-08-14,0.0,0.05085406013307284,-2
1879,2017-08-15,0.0,0.24777458439079825,-10
1880,2017-08-16,0.0,0.0,0
1881,2017-08-17,0.9927011955821952,0.04109969646223984,2
1882,2017-08-18,0.0,0.0,0
1883,2017-08-21,0.0,0.0,0
1884,2017-08-22,0.0,0.0,0
1885,2017-08-23,0.0,0.0,0
1886,2017-08-24,0.0,0.0,0
1887,2017-08-25,0.3681295752657503,0.022090429899683083,1
1888,2017-08-28,0.2672385569808897,0.021494175250494244,1
1889,2017-08-29,0.2764865627285591,0.02125500268805451,1
1890,2017-08-30,0.5264093409624717,0.04151597799530277,2
1891,2017-08-31,0.4515069130990401,0.04114739164728446,2
1892,2017-09-01,0.5982580073852164,0.042376462360656696,2
1893,2017-09-04,0.8085190499958399,0.04263703269278769,2
1894,2017-09-05,0.41198259371097024,0.02235290104817166,1
1895,2017-09-06,0.4547950460558656,0.02335862575067858,1
1896,2017-09-07,0.44148301461336814,0.02425839805772366,1
1897,2017-09-08,0.9167442831377599,0.0498440788448265,2
1898,2017-09-11,0.8478988573694259,0.05080135702699788,2
1899,2017-09-12,0.45956836191822603,0.02724723598348155,1
1900,2017-09-13,0.5255808221562859,0.02796150960770512,1
1901,2017-09-14,0.5293399398501855,0.028255710029327724,1
1902,2017-09-15,0.7199687042337413,0.027732283010956593,1
1903,2017-09-18,0.6133225747157081,0.026597850674246942,1
1904,2017-09-19,0.518990355374056,0.025426056129985244,1
1905,2017-09-20,0.0,0.0,0
1906,2017-09-21,0.0,0.0,0
1907,2017-09-22,0.0,0.0,0
1908,2017-09-25,0.0,0.0,0
1909,2017-09-26,0.0,0.0,0
1910,2017-09-27,0.0,0.0,0
1911,2017-09-28,0.0,0.0,0
1912,2017-09-29,0.0,0.0,0
1913,2017-09-30,0.0,0.0,0
1914,2017-10-02,0.0,0.0,0
1915,2017-10-03,0.0,0.0,0
1916,2017-10-05,0.0,0.0,0
1917,2017-10-06,0.0,0.0,0
1918,2017-10-11,0.0,0.0,0
1919,2017-10-12,0.0,0.0,0
1920,2017-10-13,0.0,0.0,0
1921,2017-10-16,0.0,0.0,0
1922,2017-10-17,0.0,0.0,0
1923,2017-10-18,0.0,0.0,0
1924,2017-10-19,0.0,0.0,0
1925,2017-10-20,0.0,0.0,0
1926,2017-10-23,0.0,0.0,0
1927,2017-10-24,0.0,0.0,0
1928,2017-10-25,0.0,0.0,0
1929,2017-10-26,0.0,0.0,0
1930,2017-10-27,0.0,0.0,0
1931,2017-10-30,0.0,0.0,0
1932,2017-10-31,0.0,0.0,0
1933,2017-11-01,0.0,0.0,0
1934,2017-11-02,0.0,0.0,0
1935,2017-11-03,0.0,0.0,0
1936,2017-11-06,0.0,0.0,0
1937,2017-11-07,0.0,0.0,0
1938,2017-11-08,0.0,0.0,0
1939,2017-11-09,0.0,0.0,0
1940,2017-11-10,0.0,0.0,0
1941,2017-11-13,0.0,0.0,0
1942,2017-11-14,0.0,0.0,0
1943,2017-11-15,0.0,0.0,0
1944,2017-11-16,0.0,0.0,0
1945,2017-11-17,0.0,0.0,0
1946,2017-11-20,0.0,0.0,0
1947,2017-11-21,0.0,0.0,0
1948,2017-11-22,0.0,0.0,0
1949,2017-11-23,0.0,0.0,0
1950,2017-11-24,0.0,0.0,0
1951,2017-11-27,0.0,0.0,0
1952,2017-11-28,0.0,0.0,0
1953,2017-11-29,0.0,0.0,0
1954,2017-11-30,0.0,0.0,0
1955,2017-12-01,0.0,0.0,0
1956,2017-12-04,0.0,0.0,0
1957,2017-12-05,0.0,0.0,0
1958,2017-12-06,0.0,0.0,0
1959,2017-12-07,0.0,0.0,0
1960,2017-12-08,0.0,0.08644911885380074,4
1961,2017-12-11,0.0,0.0,0
1962,2017-12-12,0.0,0.0,0
1963,2017-12-13,0.0,0.0,0
1964,2017-12-14,0.0,0.0,0
1965,2017-12-15,0.0,0.0,0
1966,2017-12-18,0.0,0.0,0
1967,2017-12-19,0.0,0.0,0
1968,2017-12-20,0.0,0.0,0
1969,2017-12-21,0.0,0.0,0
1970,2017-12-22,0.0,0.0,0
1971,2017-12-25,0.0,0.0,0
1972,2017-12-26,0.0,0.0,0
1973,2017-12-27,0.0,0.0,0
1974,2017-12-28,0.0,0.04543853588071173,2
1975,2017-12-29,0.0,0.0,0
1976,2018-01-02,0.0,0.0,0
1977,2018-01-03,0.0,0.0,0
1978,2018-01-04,0.0,0.0,0
1979,2018-01-05,0.0,0.0,0
1980,2018-01-08,0.0,0.0,0
1981,2018-01-09,0.0,0.0,0
1982,2018-01-10,0.0,0.0,0
1983,2018-01-11,0.0,0.0,0
1984,2018-01-12,0.0,0.0,0
1985,2018-01-15,0.0,0.0,0
1986,2018-01-16,0.0,0.0,0
1987,2018-01-17,0.0,0.0,0
1988,2018-01-18,0.0,0.08689530247243693,-4
1989,2018-01-19,0.0,0.0,0
1990,2018-01-22,0.0,0.0,0
1991,2018-01-23,0.0,0.0,0
1992,2018-01-24,0.0,0.0,0
1993,2018-01-25,0.0,0.0,0
1994,2018-01-26,0.0,0.0,0
1995,2018-01-29,0.0,0.0,0
1996,2018-01-30,0.0,0.0,0
1997,2018-01-31,0.0,0.0,0
1998,2018-02-01,0.0,0.0,0
1999,2018-02-02,0.11162881369247657,0.0217154929230072,1
2000,2018-02-05,0.27242607317558054,0.021331190068690577,1
2001,2018-02-06,0.9470220946326355,0.2711693242221576,12
2002,2018-02-07,0.0,0.0,0
2003,2018-02-08,0.0,0.11549438020826111,5
2004,2018-02-09,0.0,0.06903580376537988,3
2005,2018-02-12,0.0,0.0,0
2006,2018-02-21,0.0,0.0,0
2007,2018-02-22,0.0,0.0,0
2008,2018-02-23,0.0,0.0,0
2009,2018-02-26,0.0,0.0,0
2010,2018-02-27,0.0,0.0,0
2011,2018-03-01,0.0,0.0,0
2012,2018-03-02,0.0,0.0,0
2013,2018-03-05,0.0,0.0,0
2014,2018-03-06,0.0,0.0,0
2015,2018-03-07,0.0,0.0,0
2016,2018-03-08,0.0,0.0,0
2017,2018-03-09,0.0,0.0,0
2018,2018-03-12,0.0,0.0,0
2019,2018-03-13,0.9091562221834266,0.048573152992876664,-2
2020,2018-03-14,0.0,0.0,0
2021,2018-03-15,0.0,0.0,0
2022,2018-03-16,12.030658702117899,0.5238744985508933,-22
2023,2018-03-19,0.0,0.0,0
2024,2018-03-20,0.0,0.0,0
2025,2018-03-21,0.0,0.0,0
2026,2018-03-22,0.0,0.0,0
2027,2018-03-23,0.0,0.0,0
2028,2018-03-26,0.0,0.0,0
2029,2018-03-27,0.0,0.0,0
2030,2018-03-28,0.0,0.0,0
2031,2018-03-29,0.0,0.0,0
2032,2018-03-30,0.0,0.0,0
2033,2018-03-31,0.0,0.0,0
2034,2018-04-02,0.0,0.0,0
2035,2018-04-03,0.0,0.0,0
2036,2018-04-09,0.0,0.0,0
2037,2018-04-10,0.0,0.5442847757903412,-19
2038,2018-04-11,0.0,0.0,0
2039,2018-04-12,0.0,0.5442847757903412,-19
2040,2018-04-13,0.0,0.39278326462500285,-14
2041,2018-04-16,0.0,0.0,0
2042,2018-04-17,0.0,0.0,0
2043,2018-04-18,0.0,0.0,0
2044,2018-04-19,0.0,0.28264204072886134,-10
2045,2018-04-20,0.0,0.0,0
2046,2018-04-23,0.0,0.0,0
2047,2018-04-24,0.0,0.0,0
2048,2018-04-25,0.0,0.5442847757903412,-19
2049,2018-04-26,0.0,1.569914379554275,-56
2050,2018-04-27,0.0,0.0,0
2051,2018-04-30,0.0,2.291113589598141,-81
2052,2018-05-02,0.0,0.2825840684573662,-12
2053,2018-05-03,0.0,0.0,0
2054,2018-05-04,0.0,0.0,0
2055,2018-05-07,0.0,0.0,0
2056,2018-05-08,0.0,0.0,0
2057,2018-05-09,0.0,0.0,0
2058,2018-05-10,0.0,0.5442847757903412,-19
2059,2018-05-11,0.0,0.0,0
2060,2018-05-14,0.0,0.0,0
2061,2018-05-15,0.0,0.013508223000350598,-1
2062,2018-05-16,0.0,0.0,0
2063,2018-05-17,0.15131540305662128,0.026836446000701196,2
2064,2018-05-18,0.0,0.0,0
2065,2018-05-21,1.3369181232191227,0.09132190080270812,3
2066,2018-05-22,130.08967420703857,6.956365946458982,243
2067,2018-05-23,0.0,0.0,0
2068,2018-05-24,0.0,0.0,0
2069,2018-05-25,0.0,0.0,0
2070,2018-05-28,0.21218891217357871,0.01744429706882509,1
2071,2018-05-29,0.23112196948180852,0.020017297409113653,1
2072,2018-05-30,0.0,0.0,0
2073,2018-05-31,0.0,0.0,0
2074,2018-06-01,0.0,0.0,0
2075,2018-06-04,0.0,0.0,0
2076,2018-06-05,0.0,0.0,0
2077,2018-06-06,0.0,0.0,0
2078,2018-06-07,0.0,0.0,0
2079,2018-06-08,0.0,0.0,0
2080,2018-06-11,0.0,0.0,0
2081,2018-06-12,0.0,0.0,0
2082,2018-06-13,0.0,0.0,0
2083,2018-06-14,0.0,0.0,0
2084,2018-06-15,0.0,0.0,0
2085,2018-06-19,0.0,0.0,0
2086,2018-06-20,0.0,0.0,0
2087,2018-06-21,0.0,0.0,0
2088,2018-06-22,0.0,0.0,0
2089,2018-06-25,0.0,0.0,0
2090,2018-06-26,0.0,0.0,0
2091,2018-06-27,0.0,0.0,0
2092,2018-06-28,0.0,0.0,0
2093,2018-06-29,0.0,0.0,0
2094,2018-07-02,0.0,0.0,0
2095,2018-07-03,0.0,0.0,0
2096,2018-07-04,0.0,0.0,0
2097,2018-07-05,0.0,0.0,0
2098,2018-07-06,0.0,0.0,0
2099,2018-07-09,0.0,0.0,0
2100,2018-07-10,0.0,0.0,0
2101,2018-07-11,0.0,0.0,0
2102,2018-07-12,0.0,0.0,0
2103,2018-07-13,0.0,0.0,0
2104,2018-07-16,0.0,0.0,0
2105,2018-07-17,0.0,0.0,0
2106,2018-07-18,0.0,0.0,0
2107,2018-07-19,0.0,0.0,0
2108,2018-07-20,0.0,0.0,0
2109,2018-07-23,0.0,0.0,0
2110,2018-07-24,0.0,0.0,0
2111,2018-07-25,0.0,0.0,0
2112,2018-07-26,0.0,0.0,0
2113,2018-07-27,0.0,0.0,0
2114,2018-07-30,0.0,0.0,0
2115,2018-07-31,0.0,0.0,0
2116,2018-08-01,0.0,0.0,0
2117,2018-08-02,0.0,0.0,0
2118,2018-08-03,0.0,0.0,0
2119,2018-08-06,0.0,0.0,0
2120,2018-08-07,0.0,0.0,0
2121,2018-08-08,0.0,0.0,0
2122,2018-08-09,0.0,0.0,0
2123,2018-08-10,0.0,0.0,0
2124,2018-08-13,0.0,0.0,0
2125,2018-08-14,0.0,0.6277684860795147,-24
2126,2018-08-15,0.0,0.7880290510821195,-28
2127,2018-08-16,0.3897943528224559,0.027855890304384404,1
2128,2018-08-17,0.2998909975203965,0.027985417985841907,1
2129,2018-08-20,0.1574263521020267,0.02823407153326922,1
2130,2018-08-21,0.2602848599126535,0.028621907144348924,1
2131,2018-08-22,0.23987661157593365,0.028849032327737667,1
2132,2018-08-23,0.2822343643816989,0.028889917684196676,1
2133,2018-08-24,0.3722979684607832,0.028802099693521988,1
2134,2018-08-27,10.917359323901742,0.6049436869130652,21
2135,2018-08-28,0.0,0.0,0
2136,2018-08-29,0.0,0.0,0
2137,2018-08-30,5.062492789825761,0.29552457375645236,11
2138,2018-08-31,0.0,0.0,0
2139,2018-09-03,3.464631865650089,0.8162085163746677,27
2140,2018-09-04,0.44231725146198464,0.030341683114035074,-1
2141,2018-09-05,0.0,0.0,0
2142,2018-09-06,0.0,0.0,0
2143,2018-09-07,0.0,0.0,0
2144,2018-09-10,0.0,0.0,0
2145,2018-09-11,0.0,0.0,0
2146,2018-09-12,0.0,0.0,0
2147,2018-09-13,0.0,0.0,0
2148,2018-09-14,0.0,0.0,0
2149,2018-09-17,0.0,0.0,0
2150,2018-09-18,0.0,0.0,0
2151,2018-09-19,0.0,0.0,0
2152,2018-09-20,0.0,0.0,0
2153,2018-09-21,0.0,0.02434472302710073,-1
2154,2018-09-25,0.16067926649613895,0.0264409961595991,1
2155,2018-09-26,0.07472984489517387,0.04860944605420146,2
2156,2018-09-27,0.0,0.0,0
2157,2018-09-28,0.13628036861212145,0.02511941077911199,1
2158,2018-10-01,0.07436906337815508,0.025929779372488908,1
2159,2018-10-02,0.0,0.0,0
2160,2018-10-03,0.0,0.0,0
2161,2018-10-04,0.0,0.0,0
2162,2018-10-05,0.0,0.0,0
2163,2018-10-08,0.0,0.0,0
2164,2018-10-09,0.0,0.0,0
2165,2018-10-11,0.0,0.0,0
2166,2018-10-12,6.915922455938146,0.42975703903527845,-14
2167,2018-10-15,0.0,0.0,0
2168,2018-10-16,0.0,0.0,0
2169,2018-10-17,0.0,0.0,0
2170,2018-10-18,0.0,0.0,0
2171,2018-10-19,0.0,0.0,0
2172,2018-10-22,0.0,0.0,0
2173,2018-10-23,0.0,0.0,0
2174,2018-10-24,0.0,0.0,0
2175,2018-10-25,0.0,0.0,0
2176,2018-10-26,0.0,0.0,0
2177,2018-10-29,0.0,0.0,0
2178,2018-10-30,0.0,0.0,0
2179,2018-10-31,0.0,0.0,0
2180,2018-11-01,0.0,0.0,0
2181,2018-11-02,0.0,0.0,0
2182,2018-11-05,0.3384198491254864,0.031051718801905437,-1
2183,2018-11-06,0.30183926195184974,0.031317883495741494,-1
2184,2018-11-07,0.31438252036011427,0.03166603014781094,-1
2185,2018-11-08,0.21507658299870158,0.031578949550704366,-1
2186,2018-11-09,0.28559645274745904,0.03111366368375388,-1
2187,2018-11-12,0.0,0.0,0
2188,2018-11-13,0.0,0.0,0
2189,2018-11-14,0.0,0.0,0
2190,2018-11-15,0.0,0.0,0
2191,2018-11-16,0.0,0.0,0
2192,2018-11-19,0.0,0.0,0
2193,2018-11-20,0.0,0.0,0
2194,2018-11-21,0.0,0.0,0
2195,2018-11-22,0.0,0.0,0
2196,2018-11-23,0.0,0.0,0
2197,2018-11-26,0.0,0.0,0
2198,2018-11-27,0.0,0.0,0
2199,2018-11-28,0.0,0.0,0
2200,2018-11-29,0.0,0.0,0
2201,2018-11-30,0.0,0.0,0
2202,2018-12-03,0.0,0.0,0
2203,2018-12-04,0.0,0.0,0
2204,2018-12-05,0.0,0.0,0
2205,2018-12-06,0.0,0.0,0
2206,2018-12-07,0.0,0.0,0
2207,2018-12-10,0.0,0.0,0
2208,2018-12-11,0.0,0.0,0
2209,2018-12-12,0.0,0.0,0
2210,2018-12-13,0.0,0.08234286086514744,3
2211,2018-12-14,0.0,0.10724274093447543,4
2212,2018-12-17,0.0,0.0,0
2213,2018-12-18,0.0,0.0,0
2214,2018-12-19,0.0,0.11114791507077587,4
2215,2018-12-20,0.0,0.0,0
2216,2018-12-21,0.0,0.0,0
2217,2018-12-22,0.0,0.0,0
2218,2018-12-24,0.0,0.027675930197547934,1
2219,2018-12-25,0.0,0.0,0
2220,2018-12-26,0.0,0.0,0
2221,2018-12-27,0.0,0.08238333460030703,3
2222,2018-12-28,0.0,0.0,0
2223,2019-01-02,0.0,0.05465675775078639,2
2224,2019-01-03,0.0,0.0,0
2225,2019-01-04,0.0,0.10885277434645925,4
2226,2019-01-07,0.0,0.0,0
2227,2019-01-08,0.0,0.0,0
2228,2019-01-09,0.0,0.11269344046384319,4
2229,2019-01-10,0.0,0.0,0
2230,2019-01-11,0.0,0.028057142226611362,1
2231,2019-01-14,0.0,0.0,0
2232,2019-01-15,0.0,0.0,0
2233,2019-01-16,0.0,0.0,0
2234,2019-01-17,0.0,0.0,0
2235,2019-01-18,0.0,0.0,0
2236,2019-01-21,0.0,0.0,0
2237,2019-01-22,0.0,0.0,0
2238,2019-01-23,0.0,0.0,0
2239,2019-01-24,0.0,0.0,0
2240,2019-01-25,0.0,0.0,0
2241,2019-01-28,0.0,0.0,0
2242,2019-01-29,0.0,0.0,0
2243,2019-01-30,0.0,0.0,0
2244,2019-02-11,0.0,0.0,0
2245,2019-02-12,0.0,0.0,0
2246,2019-02-13,0.0,0.0,0
2247,2019-02-14,0.0,0.0,0
2248,2019-02-15,0.0,0.0,0
2249,2019-02-18,0.0,0.0,0
2250,2019-02-19,0.0,0.0,0
2251,2019-02-20,0.0,0.0,0
2252,2019-02-21,0.0,0.0,0
2253,2019-02-22,0.0,0.0,0
2254,2019-02-25,0.0,0.0,0
2255,2019-02-26,0.0,0.0,0
2256,2019-02-27,0.0,0.0,0
2257,2019-03-04,0.0,0.0,0
2258,2019-03-05,0.0,0.0,0
2259,2019-03-06,0.0,0.0,0
2260,2019-03-07,0.0,0.0,0
2261,2019-03-08,0.0,0.0,0
2262,2019-03-11,0.0,0.0,0
2263,2019-03-12,0.0,0.0,0
2264,2019-03-13,0.0,0.0,0
2265,2019-03-14,6.986254436182723,0.20358452149974057,-7
2266,2019-03-15,0.0,0.0,0
2267,2019-03-18,1.072129597791518,0.028782704080821033,-1
2268,2019-03-19,4.221749433949634,0.11546208801946116,-4
2269,2019-03-20,8.041498349219733,0.26888179339738977,-9
2270,2019-03-21,4.652597224758333,0.1481875604166393,-5
2271,2019-03-22,0.0,0.0,0
2272,2019-03-25,0.0,0.0,0
2273,2019-03-26,0.0,0.0,0
2274,2019-03-27,0.0,0.0,0
2275,2019-03-28,0.0,0.0,0
2276,2019-03-29,0.0,0.0,0
2277,2019-04-01,0.0,0.0,0
2278,2019-04-02,0.0,0.0,0
2279,2019-04-03,0.0,0.0,0
2280,2019-04-08,0.0,0.0,0
2281,2019-04-09,0.0,0.0,0
2282,2019-04-10,0.0,0.0,0
2283,2019-04-11,0.0,0.0,0
2284,2019-04-12,0.0,0.0,0
2285,2019-04-15,0.0,0.0,0
2286,2019-04-16,0.0,0.0,0
2287,2019-04-17,0.0,0.0,0
2288,2019-04-18,0.0,0.0,0
2289,2019-04-19,0.0,0.0,0
2290,2019-04-22,0.0,0.0,0
2291,2019-04-23,0.0,0.0,0
2292,2019-04-24,0.0,0.0,0
2293,2019-04-25,0.0,0.0,0
2294,2019-04-26,0.0,0.0,0
2295,2019-04-29,0.0,0.0,0
2296,2019-04-30,0.0,0.3065031193817177,-9
2297,2019-05-02,0.0,0.1403130653786725,-4
2298,2019-05-03,0.0,0.0463783468245241,-1
2299,2019-05-06,0.0,0.40819780633462543,-10
2300,2019-05-07,0.0,0.0,0
2301,2019-05-08,0.0,1.0744823134424548,-34
2302,2019-05-09,0.0,0.0,0
2303,2019-05-10,0.0,0.14868925925317117,-5
2304,2019-05-13,0.0,0.0,0
2305,2019-05-14,0.0,0.0,0
2306,2019-05-15,0.0,0.02971403859086543,-1
2307,2019-05-16,0.0,0.0,0
2308,2019-05-17,0.0,0.0,0
2309,2019-05-20,0.0,0.0,0
2310,2019-05-21,0.0,0.05137128838984186,-1
2311,2019-05-22,0.0,0.0,0
2312,2019-05-23,0.0,0.0,0
2313,2019-05-24,0.0,0.0,0
2314,2019-05-27,0.0,0.0,0
2315,2019-05-28,0.0,0.0,0
2316,2019-05-29,0.0,0.0,0
2317,2019-05-30,0.0,0.0,0
2318,2019-05-31,0.0,0.0,0
2319,2019-06-03,0.0,0.0,0
2320,2019-06-04,0.0,0.0,0
2321,2019-06-05,0.0,0.0,0
2322,2019-06-06,0.0,0.0,0
2323,2019-06-10,74.81273746240115,1.5213826235977967,38
2324,2019-06-11,0.0,0.0,0
2325,2019-06-12,1.1966184077218323,0.033975368425347555,1
2326,2019-06-13,32.08408832662672,0.8050734013796363,25
2327,2019-06-14,0.0,0.0,0
2328,2019-06-17,0.0,0.0,0
2329,2019-06-18,0.0,0.0,0
2330,2019-06-19,0.0,0.0,0
2331,2019-06-20,0.0,0.0,0
2332,2019-06-21,0.0,0.0,0
2333,2019-06-24,0.0,0.0,0
2334,2019-06-25,0.0,0.0,0
2335,2019-06-26,0.0,0.0,0
2336,2019-06-27,0.0,0.0,0
2337,2019-06-28,0.0,0.0,0
2338,2019-07-01,0.0,0.0,0
2339,2019-07-02,0.0,0.0,0
2340,2019-07-03,0.0,0.0,0
2341,2019-07-04,0.0,0.0,0
2342,2019-07-05,0.0,0.0,0
2343,2019-07-08,0.0,0.0,0
2344,2019-07-09,0.0,0.0,0
2345,2019-07-10,0.0,0.0,0
2346,2019-07-11,0.0,0.0,0
2347,2019-07-12,3.6351669793426424,0.0564464553691845,1
2348,2019-07-15,0.0,0.0,0
2349,2019-07-16,0.0,0.0,0
2350,2019-07-17,0.0,0.0,0
2351,2019-07-18,0.0,0.0,0
2352,2019-07-19,0.0,0.0,0
2353,2019-07-22,0.0,0.0,0
2354,2019-07-23,0.0,0.0,0
2355,2019-07-24,0.0,0.0,0
2356,2019-07-25,0.0,0.0,0
2357,2019-07-26,0.0,0.0,0
2358,2019-07-29,0.0,0.0,0
2359,2019-07-30,0.0,0.0,0
2360,2019-07-31,0.0,0.0,0
2361,2019-08-01,0.0,0.0,0
2362,2019-08-02,0.0,0.0,0
2363,2019-08-05,0.0,0.0,0
2364,2019-08-06,0.0,0.0,0
2365,2019-08-07,0.0,0.0,0
2366,2019-08-08,0.0,0.0,0
2367,2019-08-12,0.0,0.0,0
2368,2019-08-13,0.0,0.0,0
2369,2019-08-14,0.0,0.04631493495447182,-1
2370,2019-08-15,0.0,0.0,0
2371,2019-08-16,0.0,0.0,0
2372,2019-08-19,0.0,0.0,0
2373,2019-08-20,0.0,0.0,0
2374,2019-08-21,0.0,0.0,0
2375,2019-08-22,0.0,0.0,0
2376,2019-08-23,0.0,0.0,0
2377,2019-08-26,0.0,0.0,0
2378,2019-08-27,0.0,0.0,0
2379,2019-08-28,0.0,0.0,0
2380,2019-08-29,0.0,0.0,0
2381,2019-08-30,0.0,0.0,0
2382,2019-09-02,0.0,0.0,0
2383,2019-09-03,0.0,0.0,0
2384,2019-09-04,0.0,0.0,0
2385,2019-09-05,0.0,0.0,0
2386,2019-09-06,0.0,0.0,0
2387,2019-09-09,0.0,0.0,0
2388,2019-09-10,0.0,0.0,0
2389,2019-09-11,0.0,0.0,0
2390,2019-09-12,0.0,0.0,0
2391,2019-09-16,0.0,0.0,0
2392,2019-09-17,0.0,0.0,0
2393,2019-09-18,0.0,0.0,0
2394,2019-09-19,0.0,0.0,0
2395,2019-09-20,0.0,0.0,0
2396,2019-09-23,0.0,0.0,0
2397,2019-09-24,0.0,0.0,0
2398,2019-09-25,0.0,0.0,0
2399,2019-09-26,0.0,0.0,0
2400,2019-09-27,0.0,0.0,0
2401,2019-10-01,0.0,0.0,0
2402,2019-10-02,0.0,0.0,0
2403,2019-10-03,0.0,0.0,0
2404,2019-10-04,0.0,0.0,0
2405,2019-10-07,0.0,0.0,0
2406,2019-10-08,0.0,0.0,0
2407,2019-10-09,0.0,0.0,0
2408,2019-10-14,0.0,0.0,0
2409,2019-10-15,0.0,0.0,0
2410,2019-10-16,0.0,0.0,0
2411,2019-10-17,0.0,0.0,0
2412,2019-10-18,0.0,0.0,0
2413,2019-10-21,0.0,0.0,0
2414,2019-10-22,0.0,0.0,0
2415,2019-10-23,0.0,0.0,0
2416,2019-10-24,0.0,0.0,0
2417,2019-10-25,1.9349041764066897,0.050349839130878524,1
2418,2019-10-28,0.0,0.0,0
2419,2019-10-29,0.0,0.0,0
2420,2019-10-30,0.0,0.0,0
2421,2019-10-31,0.0,0.14686592230329357,3
2422,2019-11-01,0.0,0.0,0
2423,2019-11-04,0.0,0.0,0
2424,2019-11-05,0.0,0.0,0
2425,2019-11-06,0.0,0.0,0
2426,2019-11-07,0.0,0.0,0
2427,2019-11-08,0.0,0.0,0
2428,2019-11-11,0.0,0.0,0
2429,2019-11-12,0.0,0.0,0
2430,2019-11-13,0.0,0.0,0
2431,2019-11-14,0.0,0.0,0
2432,2019-11-15,0.0,0.0,0
2433,2019-11-18,0.0,0.0,0
2434,2019-11-19,0.0,0.0,0
2435,2019-11-20,0.0,0.0,0
2436,2019-11-21,0.0,0.0,0
2437,2019-11-22,0.0,0.0,0
2438,2019-11-25,0.0,0.0,0
2439,2019-11-26,0.0,0.0,0
2440,2019-11-27,0.0,0.0,0
2441,2019-11-28,0.0,0.0,0
2442,2019-11-29,0.43559677311969125,0.03848106595162533,-1
2443,2019-12-02,0.0,0.0,0
2444,2019-12-03,0.0,0.0,0
2445,2019-12-04,0.0,0.0,0
2446,2019-12-05,0.0,0.0,0
2447,2019-12-06,0.0,0.0,0
2448,2019-12-09,0.0,0.0,0
2449,2019-12-10,0.0,0.0,0
2450,2019-12-11,0.0,0.0,0
2451,2019-12-12,0.0,0.0,0
2452,2019-12-13,0.0,0.0,0
2453,2019-12-16,0.0,0.0,0
2454,2019-12-17,0.0,0.0,0
2455,2019-12-18,0.0,0.0,0
2456,2019-12-19,0.0,0.0,0
2457,2019-12-20,0.0,0.0,0
2458,2019-12-23,0.0,0.0,0
2459,2019-12-24,0.0,0.0,0
2460,2019-12-25,0.0,0.0,0
2461,2019-12-26,0.0,0.0,0
2462,2019-12-27,0.0,0.0,0
2463,2019-12-30,0.0,0.0,0
2464,2019-12-31,0.0,0.0,0
2465,2020-01-02,0.0,0.0,0
2466,2020-01-03,0.0,0.0,0
2467,2020-01-06,0.0,0.0,0
2468,2020-01-07,0.0,0.0,0
2469,2020-01-08,3.9956841676399044,0.10317357541090863,-2
2470,2020-01-09,0.0,0.0,0
2471,2020-01-10,0.0,0.0,0
2472,2020-01-13,0.0,0.0,0
2473,2020-01-14,0.0,0.0,0
2474,2020-01-15,0.0,0.0,0
2475,2020-01-16,0.0,0.0,0
2476,2020-01-17,0.0,0.0,0
2477,2020-01-20,0.0,0.0,0
2478,2020-01-30,0.0,0.0,0
2479,2020-01-31,0.0,0.0,0
2480,2020-02-03,0.0,0.0,0
2481,2020-02-04,0.0,0.0,0
2482,2020-02-05,0.0,0.0,0
2483,2020-02-06,0.0,0.0,0
2484,2020-02-07,0.0,0.0,0
2485,2020-02-10,0.0,0.0,0
2486,2020-02-11,0.0,0.0,0
2487,2020-02-12,0.0,0.0,0
2488,2020-02-13,0.0,0.0,0
2489,2020-02-14,0.0,0.0,0
2490,2020-02-17,0.0,0.0,0
2491,2020-02-18,0.0,0.0,0
2492,2020-02-19,0.0,0.0,0
2493,2020-02-20,0.0,0.0,0
2494,2020-02-21,0.0,0.0,0
2495,2020-02-24,0.0,0.0,0
2496,2020-02-25,0.0,0.0,0
2497,2020-02-26,0.0,0.0,0
2498,2020-02-27,0.0,0.0,0
2499,2020-03-02,0.0,0.0,0
2500,2020-03-03,0.0,0.0,0
2501,2020-03-04,0.0,0.0,0
2502,2020-03-05,0.0,0.0,0
2503,2020-03-06,0.0,0.0,0
2504,2020-03-09,0.0,0.0,0
2505,2020-03-10,0.0,0.0,0
2506,2020-03-11,0.0,0.10342162838268983,2
2507,2020-03-12,0.0,0.0,0
2508,2020-03-13,0.0,1.0586142324936778,32
2509,2020-03-16,0.0,0.11460190143882244,4
2510,2020-03-17,9.075488021369246,0.1758197157722292,-4
2511,2020-03-18,0.0,0.0,0
2512,2020-03-19,-36.88037107772318,0.8982229295993149,-34
2513,2020-03-20,0.0,0.0,0
2514,2020-03-23,0.0,0.9167142054765283,34
2515,2020-03-24,0.0,0.0,0
2516,2020-03-25,0.0,0.0,0
2517,2020-03-26,0.0,0.0,0
2518,2020-03-27,0.0,0.0,0
2519,2020-03-30,0.0,0.0,0
2520,2020-03-31,0.0,0.0,0
2521,2020-04-01,0.0,0.0,0
2522,2020-04-06,0.0,0.0,0
2523,2020-04-07,0.0,0.0,0
2524,2020-04-08,0.0,0.0,0
2525,2020-04-09,0.0,0.0,0
2526,2020-04-10,0.0,0.0,0
2527,2020-04-13,0.0,0.0,0
2528,2020-04-14,0.0,0.0,0
2529,2020-04-15,0.0,0.0,0
2530,2020-04-16,0.0,0.0,0
2531,2020-04-17,0.0,0.0,0
2532,2020-04-20,0.0,0.0,0
2533,2020-04-21,0.0,0.0,0
2534,2020-04-22,0.0,0.0,0
2535,2020-04-23,0.0,0.0,0
2536,2020-04-24,0.0,0.0,0
2537,2020-04-27,0.0,0.0,0
2538,2020-04-28,0.0,0.0,0
2539,2020-04-29,0.0,0.0,0
2540,2020-04-30,0.0,0.0,0
2541,2020-05-04,0.0,0.0,0
2542,2020-05-05,14.291364051722448,0.2704523357450152,-9
2543,2020-05-06,0.0,0.0,0
2544,2020-05-07,0.0,0.0,0
2545,2020-05-08,0.0,0.0,0
2546,2020-05-11,42.54411197238632,0.735346393707404,-25
2547,2020-05-12,0.0,0.0,0
2548,2020-05-13,0.0,0.0,0
2549,2020-05-14,0.0,0.0,0
2550,2020-05-15,0.0,0.0,0
2551,2020-05-18,0.0,0.0,0
2552,2020-05-19,0.0,0.0,0
2553,2020-05-20,0.0,0.0,0
2554,2020-05-21,0.0,0.0,0
2555,2020-05-22,0.0,0.0,0
2556,2020-05-25,0.0,0.0,0
2557,2020-05-26,0.0,0.0,0
2558,2020-05-27,0.0,0.0,0
2559,2020-05-28,0.0,0.0,0
2560,2020-05-29,0.0,0.0,0
2561,2020-06-01,0.0,0.0,0
2562,2020-06-02,0.0,0.0,0
2563,2020-06-03,0.0,0.0,0
2564,2020-06-04,0.0,0.0,0
2565,2020-06-05,0.0,0.0,0
2566,2020-06-08,0.0,0.0,0
2567,2020-06-09,0.0,0.0,0
2568,2020-06-10,0.0,0.0,0
2569,2020-06-11,0.0,0.0,0
2570,2020-06-12,0.0,0.0,0
2571,2020-06-15,0.0,0.0,0
2572,2020-06-16,0.0,0.0,0
2573,2020-06-17,0.0,0.0,0
2574,2020-06-18,0.0,0.0,0
2575,2020-06-19,0.0,0.0,0
2576,2020-06-22,0.0,0.0,0
2577,2020-06-23,0.0,0.0,0
2578,2020-06-24,0.0,0.0,0
2579,2020-06-29,0.0,0.0,0
2580,2020-06-30,0.0,0.0,0
2581,2020-07-01,0.0,0.0,0
2582,2020-07-02,0.0,0.0,0
2583,2020-07-03,0.0,0.0,0
2584,2020-07-06,0.0,0.0,0
2585,2020-07-07,0.0,0.0,0
2586,2020-07-08,0.0,0.0,0
2587,2020-07-09,0.0,0.0,0
2588,2020-07-10,0.0,0.0,0
2589,2020-07-13,0.0,0.0,0
2590,2020-07-14,0.0,0.0,0
2591,2020-07-15,0.0,0.0,0
2592,2020-07-16,0.0,0.0,0
2593,2020-07-17,0.0,0.0,0
2594,2020-07-20,0.0,0.0,0
2595,2020-07-21,0.0,0.0,0
2596,2020-07-22,0.0,0.0,0
2597,2020-07-23,0.0,0.0,0
2598,2020-07-24,0.0,0.0,0
2599,2020-07-27,0.0,0.0,0
2600,2020-07-28,0.0,0.0,0
2601,2020-07-29,0.0,0.0,0
2602,2020-07-30,0.0,0.0,0
2603,2020-07-31,0.0,0.0,0
2604,2020-08-03,0.0,0.0,0
2605,2020-08-04,0.0,0.0,0
2606,2020-08-05,0.0,0.0,0
2607,2020-08-06,0.0,0.15802780232679567,-5
2608,2020-08-07,0.0,0.08214643406572274,-3
2609,2020-08-10,0.0,0.0,0
2610,2020-08-11,0.0,0.0,0
2611,2020-08-12,0.0,0.0,0
2612,2020-08-13,0.0,0.0,0
2613,2020-08-14,0.0,0.0,0
2614,2020-08-17,0.0,0.0,0
2615,2020-08-18,0.0,0.0,0
2616,2020-08-19,0.0,0.0,0
2617,2020-08-20,0.0,0.0,0
2618,2020-08-21,0.0,0.0,0
2619,2020-08-24,3.5739968361365086,0.15240179916293217,5
2620,2020-08-25,2.5313875382479214,0.07945782160397066,3
2621,2020-08-26,0.0,0.0,0
2622,2020-08-27,0.0,0.0,0
2623,2020-08-28,0.0,0.0,0
2624,2020-08-31,0.0,0.0,0
2625,2020-09-01,0.0,0.0,0
2626,2020-09-02,0.0,0.0,0
2627,2020-09-03,0.0,0.0,0
2628,2020-09-04,0.0,0.0,0
2629,2020-09-07,0.0,0.0,0
2630,2020-09-08,0.0,0.0,0
2631,2020-09-09,0.0,0.0,0
2632,2020-09-10,0.0,0.0,0
2633,2020-09-11,0.0,0.0,0
2634,2020-09-14,0.0,0.0,0
2635,2020-09-15,0.0,0.0,0
2636,2020-09-16,0.0,0.0,0
2637,2020-09-17,0.0,0.0,0
2638,2020-09-18,0.0,0.0,0
2639,2020-09-21,0.0,0.0,0
2640,2020-09-22,0.0,0.0,0
2641,2020-09-23,0.0,0.0,0
2642,2020-09-24,0.0,0.0,0
2643,2020-09-25,0.0,0.0,0
2644,2020-09-28,0.0,0.0,0
2645,2020-09-29,0.0,0.0,0
2646,2020-09-30,0.0,0.0,0
2647,2020-10-05,0.0,0.0,0
2648,2020-10-06,0.0,0.0,0
2649,2020-10-07,0.0,0.0,0
2650,2020-10-08,0.0,0.0,0
2651,2020-10-12,0.0,0.0,0
2652,2020-10-13,0.0,0.0,0
2653,2020-10-14,0.0,0.0,0
2654,2020-10-15,0.0,0.0,0
2655,2020-10-16,0.0,0.0,0
2656,2020-10-19,0.0,0.0,0
2657,2020-10-20,0.0,0.0,0
2658,2020-10-21,0.0,0.0,0
2659,2020-10-22,0.0,0.0,0
2660,2020-10-23,0.0,0.0,0
2661,2020-10-26,0.0,0.0,0
2662,2020-10-27,0.0,0.0,0
2663,2020-10-28,0.0,0.0,0
2664,2020-10-29,0.0,0.0,0
2665,2020-10-30,0.0,0.0,0
2666,2020-11-02,0.0,0.0,0
2667,2020-11-03,0.0,0.0,0
2668,2020-11-04,0.0,0.0,0
2669,2020-11-05,0.0,0.0,0
2670,2020-11-06,0.0,0.0,0
2671,2020-11-09,0.0,0.0,0
2672,2020-11-10,0.0,0.0,0
2673,2020-11-11,0.0,0.12873442839180946,-4
2674,2020-11-12,0.0,0.0,0
2675,2020-11-13,0.0,0.0,0
2676,2020-11-16,0.0,0.0,0
2677,2020-11-17,0.0,0.0,0
2678,2020-11-18,0.0,0.12873442839180946,-4
2679,2020-11-19,0.0,0.03149204601948046,-1
2680,2020-11-20,0.0,0.0,0
2681,2020-11-23,0.0,0.0,0
2682,2020-11-24,0.0,0.0,0
2683,2020-11-25,0.0,0.0,0
2684,2020-11-26,0.0,0.0,0
2685,2020-11-27,0.0,0.0,0
2686,2020-11-30,2.610884440705645,0.284471787243805,9
