secID,ticker,exchangeCD,secShortName,secShortNameEN,tradeDate,contractObject,contractMark,preSettlePrice,preClosePrice,openPrice,highestPrice,lowestPrice,settlePrice,closePrice,turnoverVol,turnoverValue,openInt,chg,chg1,chgPct,mainCon,smainCon
CJ912.XZCE,CJ912,XZCE,郑红枣912,Chinese Jujube 912,2019-04-30,CJ,L3,8600.0,8600.0,8900.0,9020.0,8720.0,8830.0,8840.0,735428.0,32471400000.0,41118.0,240.0,230.0,0.027906999999999998,1.0,0.0
CJ912.XZCE,CJ912,XZCE,郑红枣912,Chinese Jujube 912,2019-05-06,CJ,L3,8830.0,8840.0,8820.0,8900.0,8620.0,8745.0,8665.0,349204.0,15270700000.0,57284.0,-165.0,-85.0,-0.0186863,1.0,0.0
CJ912.XZCE,CJ912,XZCE,郑红枣912,Chinese Jujube 912,2019-05-07,CJ,L3,8745.0,8665.0,8710.0,8720.0,8545.0,8620.0,8615.0,301676.0,12998500000.0,70904.0,-130.0,-125.0,-0.014865600000000001,1.0,0.0
CJ912.XZCE,CJ912,XZCE,郑红枣912,Chinese Jujube 912,2019-05-08,CJ,L3,8620.0,8615.0,8620.0,8710.0,8595.0,8650.0,8635.0,234442.0,10140400000.0,71964.0,15.0,30.0,0.00174014,1.0,0.0
CJ912.XZCE,CJ912,XZCE,郑红枣912,Chinese Jujube 912,2019-05-09,CJ,L3,8650.0,8635.0,8635.0,8690.0,8580.0,8640.0,8620.0,203022.0,8771270000.0,70710.0,-30.0,-10.0,-0.00346821,1.0,0.0
CJ912.XZCE,CJ912,XZCE,郑红枣912,Chinese Jujube 912,2019-05-10,CJ,L3,8640.0,8620.0,8655.0,8750.0,8620.0,8680.0,8670.0,188466.0,8179070000.0,65566.0,30.0,40.0,0.00347222,1.0,0.0
CJ912.XZCE,CJ912,XZCE,郑红枣912,Chinese Jujube 912,2019-05-13,CJ,L3,8680.0,8670.0,8690.0,9115.0,8670.0,8985.0,9115.0,617472.0,27745700000.0,103862.0,435.0,305.0,0.0501152,1.0,0.0
CJ912.XZCE,CJ912,XZCE,郑红枣912,Chinese Jujube 912,2019-05-14,CJ,L3,8985.0,9115.0,9125.0,9575.0,9125.0,9425.0,9505.0,1242360.0,58548900000.0,88938.0,520.0,440.0,0.057874199999999994,1.0,0.0
CJ912.XZCE,CJ912,XZCE,郑红枣912,Chinese Jujube 912,2019-05-15,CJ,L3,9425.0,9505.0,9505.0,9865.0,9385.0,9585.0,9660.0,1200250.0,57523400000.0,111642.0,235.0,160.0,0.024933700000000003,1.0,0.0
CJ912.XZCE,CJ912,XZCE,郑红枣912,Chinese Jujube 912,2019-05-16,CJ,L3,9585.0,9660.0,9680.0,9890.0,9620.0,9750.0,9715.0,1310600.0,63906700000.0,128334.0,130.0,165.0,0.0135629,1.0,0.0
CJ912.XZCE,CJ912,XZCE,郑红枣912,Chinese Jujube 912,2019-05-17,CJ,L3,9750.0,9715.0,9750.0,9795.0,9625.0,9715.0,9755.0,832474.0,40430400000.0,120310.0,5.0,-35.0,0.00051282,1.0,0.0
CJ912.XZCE,CJ912,XZCE,郑红枣912,Chinese Jujube 912,2019-05-20,CJ,L3,9715.0,9755.0,9790.0,9915.0,9655.0,9775.0,9755.0,846002.0,41353200000.0,121602.0,40.0,60.0,0.00411734,1.0,0.0
CJ912.XZCE,CJ912,XZCE,郑红枣912,Chinese Jujube 912,2019-05-21,CJ,L3,9775.0,9755.0,9775.0,9905.0,9700.0,9810.0,9840.0,755190.0,37049700000.0,121068.0,65.0,35.0,0.00664962,1.0,0.0
CJ912.XZCE,CJ912,XZCE,郑红枣912,Chinese Jujube 912,2019-05-22,CJ,L3,9810.0,9840.0,9835.0,10305.0,9790.0,10125.0,10305.0,1762680.0,89239900000.0,148766.0,495.0,315.0,0.0504587,1.0,0.0
CJ912.XZCE,CJ912,XZCE,郑红枣912,Chinese Jujube 912,2019-05-23,CJ,L3,10125.0,10305.0,10335.0,10415.0,10255.0,10340.0,10350.0,1183050.0,61152000000.0,158296.0,225.0,215.0,0.0222222,1.0,0.0
CJ912.XZCE,CJ912,XZCE,郑红枣912,Chinese Jujube 912,2019-05-24,CJ,L3,10340.0,10350.0,10280.0,10730.0,10230.0,10490.0,10720.0,1283540.0,67314900000.0,178858.0,380.0,150.0,0.0367505,1.0,0.0
CJ912.XZCE,CJ912,XZCE,郑红枣912,Chinese Jujube 912,2019-05-27,CJ,L3,10490.0,10720.0,10600.0,10935.0,10480.0,10755.0,10560.0,1777010.0,95542300000.0,155792.0,70.0,265.0,0.00667302,1.0,0.0
CJ912.XZCE,CJ912,XZCE,郑红枣912,Chinese Jujube 912,2019-05-28,CJ,L3,10755.0,10560.0,10605.0,10690.0,10295.0,10470.0,10405.0,2051420.0,107387000000.0,142748.0,-350.0,-285.0,-0.032543,1.0,0.0
CJ912.XZCE,CJ912,XZCE,郑红枣912,Chinese Jujube 912,2019-05-29,CJ,L3,10470.0,10405.0,10460.0,10645.0,10395.0,10510.0,10550.0,1087780.0,57175000000.0,168440.0,80.0,40.0,0.00764088,1.0,0.0
CJ912.XZCE,CJ912,XZCE,郑红枣912,Chinese Jujube 912,2019-05-30,CJ,L3,10510.0,10550.0,10555.0,10745.0,10370.0,10565.0,10530.0,1243230.0,65668100000.0,159160.0,20.0,55.0,0.00190295,1.0,0.0
CJ912.XZCE,CJ912,XZCE,郑红枣912,Chinese Jujube 912,2019-05-31,CJ,L3,10565.0,10530.0,10520.0,10590.0,10340.0,10440.0,10485.0,908096.0,47407400000.0,151478.0,-80.0,-125.0,-0.00757217,1.0,0.0
CJ912.XZCE,CJ912,XZCE,郑红枣912,Chinese Jujube 912,2019-06-03,CJ,L3,10440.0,10485.0,10435.0,10560.0,10000.0,10230.0,10095.0,1052630.0,53838600000.0,140692.0,-345.0,-210.0,-0.033046,1.0,0.0
CJ912.XZCE,CJ912,XZCE,郑红枣912,Chinese Jujube 912,2019-06-04,CJ,L3,10230.0,10095.0,10145.0,10190.0,9955.0,10055.0,10150.0,780736.0,39259200000.0,138258.0,-80.0,-175.0,-0.00782014,1.0,0.0
CJ912.XZCE,CJ912,XZCE,郑红枣912,Chinese Jujube 912,2019-06-05,CJ,L0,10055.0,10150.0,10175.0,10210.0,10015.0,10100.0,10100.0,284690.0,14376900000.0,68235.0,45.0,45.0,0.00447539,1.0,0.0
CJ912.XZCE,CJ912,XZCE,郑红枣912,Chinese Jujube 912,2019-06-06,CJ,L0,10100.0,10100.0,10030.0,10030.0,9625.0,9770.0,9750.0,437535.0,21378800000.0,59805.0,-350.0,-330.0,-0.034653500000000004,1.0,0.0
CJ912.XZCE,CJ912,XZCE,郑红枣912,Chinese Jujube 912,2019-06-10,CJ,L0,9770.0,9750.0,9655.0,9890.0,9605.0,9775.0,9815.0,285546.0,13958600000.0,64344.0,45.0,5.0,0.00460594,1.0,0.0
CJ912.XZCE,CJ912,XZCE,郑红枣912,Chinese Jujube 912,2019-06-11,CJ,L0,9775.0,9815.0,9850.0,9995.0,9810.0,9900.0,9960.0,268211.0,13273900000.0,62568.0,185.0,125.0,0.0189258,1.0,0.0
CJ912.XZCE,CJ912,XZCE,郑红枣912,Chinese Jujube 912,2019-06-12,CJ,L0,9900.0,9960.0,9915.0,9925.0,9740.0,9810.0,9815.0,234236.0,11489600000.0,60347.0,-85.0,-90.0,-0.00858586,1.0,0.0
CJ912.XZCE,CJ912,XZCE,郑红枣912,Chinese Jujube 912,2019-06-13,CJ,L0,9810.0,9815.0,9850.0,10305.0,9850.0,10185.0,10305.0,486332.0,24760500000.0,78327.0,495.0,375.0,0.0504587,1.0,0.0
CJ912.XZCE,CJ912,XZCE,郑红枣912,Chinese Jujube 912,2019-06-14,CJ,L0,10185.0,10305.0,10340.0,10550.0,10140.0,10340.0,10230.0,477548.0,24692400000.0,60642.0,45.0,155.0,0.00441826,1.0,0.0
CJ912.XZCE,CJ912,XZCE,郑红枣912,Chinese Jujube 912,2019-06-17,CJ,L0,10340.0,10230.0,10260.0,10445.0,10130.0,10280.0,10440.0,272052.0,13981100000.0,70973.0,100.0,-60.0,0.00967118,1.0,0.0
CJ912.XZCE,CJ912,XZCE,郑红枣912,Chinese Jujube 912,2019-06-18,CJ,L0,10280.0,10440.0,10390.0,10450.0,10075.0,10230.0,10120.0,423765.0,21676500000.0,64013.0,-160.0,-50.0,-0.0155642,1.0,0.0
CJ912.XZCE,CJ912,XZCE,郑红枣912,Chinese Jujube 912,2019-06-19,CJ,L0,10230.0,10120.0,10180.0,10310.0,10110.0,10210.0,10225.0,298842.0,15257100000.0,60695.0,-5.0,-20.0,-0.00048876,1.0,0.0
CJ912.XZCE,CJ912,XZCE,郑红枣912,Chinese Jujube 912,2019-06-20,CJ,L0,10210.0,10225.0,10285.0,10370.0,10180.0,10265.0,10270.0,191635.0,9834340000.0,56244.0,60.0,55.0,0.00587659,1.0,0.0
CJ912.XZCE,CJ912,XZCE,郑红枣912,Chinese Jujube 912,2019-06-21,CJ,L0,10265.0,10270.0,10360.0,10515.0,10285.0,10400.0,10475.0,276191.0,14360600000.0,67492.0,210.0,135.0,0.0204579,1.0,0.0
CJ912.XZCE,CJ912,XZCE,郑红枣912,Chinese Jujube 912,2019-06-24,CJ,L0,10400.0,10475.0,10485.0,10580.0,10360.0,10440.0,10440.0,170307.0,8891360000.0,62309.0,40.0,40.0,0.00384615,1.0,0.0
CJ912.XZCE,CJ912,XZCE,郑红枣912,Chinese Jujube 912,2019-06-25,CJ,L0,10440.0,10440.0,10430.0,10475.0,10310.0,10385.0,10395.0,131894.0,6848490000.0,58199.0,-45.0,-55.0,-0.00431034,1.0,0.0
CJ912.XZCE,CJ912,XZCE,郑红枣912,Chinese Jujube 912,2019-06-26,CJ,L0,10385.0,10395.0,10410.0,10445.0,10320.0,10385.0,10415.0,99408.0,5162960000.0,57568.0,30.0,0.0,0.00288878,1.0,0.0
CJ912.XZCE,CJ912,XZCE,郑红枣912,Chinese Jujube 912,2019-06-27,CJ,L0,10385.0,10415.0,10415.0,10675.0,10365.0,10560.0,10505.0,244186.0,12895000000.0,63213.0,120.0,175.0,0.0115551,1.0,0.0
CJ912.XZCE,CJ912,XZCE,郑红枣912,Chinese Jujube 912,2019-06-28,CJ,L0,10560.0,10505.0,10535.0,10610.0,10300.0,10445.0,10335.0,153056.0,7992450000.0,53274.0,-225.0,-115.0,-0.021306799999999997,1.0,0.0
CJ912.XZCE,CJ912,XZCE,郑红枣912,Chinese Jujube 912,2019-07-01,CJ,L0,10445.0,10335.0,10380.0,10380.0,10185.0,10260.0,10285.0,109195.0,5602940000.0,53700.0,-160.0,-185.0,-0.0153183,1.0,0.0
CJ912.XZCE,CJ912,XZCE,郑红枣912,Chinese Jujube 912,2019-07-02,CJ,L0,10260.0,10285.0,10270.0,10365.0,10155.0,10275.0,10340.0,121140.0,6223130000.0,51102.0,80.0,15.0,0.00779727,1.0,0.0
CJ912.XZCE,CJ912,XZCE,郑红枣912,Chinese Jujube 912,2019-07-03,CJ,L0,10275.0,10340.0,10305.0,10440.0,10230.0,10310.0,10330.0,117728.0,6069880000.0,49476.0,55.0,35.0,0.0053528,1.0,0.0
CJ912.XZCE,CJ912,XZCE,郑红枣912,Chinese Jujube 912,2019-07-04,CJ,L0,10310.0,10330.0,10365.0,10430.0,10310.0,10370.0,10380.0,109522.0,5680060000.0,50048.0,70.0,60.0,0.00678952,1.0,0.0
CJ912.XZCE,CJ912,XZCE,郑红枣912,Chinese Jujube 912,2019-07-05,CJ,L0,10370.0,10380.0,10395.0,10415.0,10220.0,10310.0,10315.0,93380.0,4814030000.0,46586.0,-55.0,-60.0,-0.00530376,1.0,0.0
CJ912.XZCE,CJ912,XZCE,郑红枣912,Chinese Jujube 912,2019-07-08,CJ,L0,10310.0,10315.0,10325.0,10565.0,10325.0,10480.0,10555.0,131861.0,6908740000.0,55071.0,245.0,170.0,0.023763299999999998,1.0,0.0
CJ912.XZCE,CJ912,XZCE,郑红枣912,Chinese Jujube 912,2019-07-09,CJ,L0,10480.0,10555.0,10625.0,10645.0,10425.0,10515.0,10490.0,112056.0,5891360000.0,49857.0,10.0,35.0,0.0009542,1.0,0.0
CJ912.XZCE,CJ912,XZCE,郑红枣912,Chinese Jujube 912,2019-07-10,CJ,L0,10515.0,10490.0,10510.0,10510.0,10255.0,10350.0,10405.0,128083.0,6626770000.0,48075.0,-110.0,-165.0,-0.0104613,1.0,0.0
CJ912.XZCE,CJ912,XZCE,郑红枣912,Chinese Jujube 912,2019-07-11,CJ,L0,10350.0,10405.0,10430.0,10460.0,10285.0,10375.0,10415.0,86241.0,4473880000.0,46587.0,65.0,25.0,0.00628019,1.0,0.0
CJ912.XZCE,CJ912,XZCE,郑红枣912,Chinese Jujube 912,2019-07-12,CJ,L0,10375.0,10415.0,10430.0,10535.0,10335.0,10445.0,10485.0,111228.0,5807950000.0,49057.0,110.0,70.0,0.0106024,1.0,0.0
CJ912.XZCE,CJ912,XZCE,郑红枣912,Chinese Jujube 912,2019-07-15,CJ,L0,10445.0,10485.0,10485.0,10615.0,10405.0,10490.0,10470.0,107047.0,5614270000.0,47342.0,25.0,45.0,0.00239349,1.0,0.0
CJ912.XZCE,CJ912,XZCE,郑红枣912,Chinese Jujube 912,2019-07-16,CJ,L0,10490.0,10470.0,10420.0,10545.0,10365.0,10490.0,10540.0,66290.0,3477140000.0,48735.0,50.0,0.0,0.00476644,1.0,0.0
CJ912.XZCE,CJ912,XZCE,郑红枣912,Chinese Jujube 912,2019-07-17,CJ,L0,10490.0,10540.0,10550.0,10695.0,10430.0,10540.0,10470.0,115561.0,6091260000.0,49647.0,-20.0,50.0,-0.00190658,1.0,0.0
CJ912.XZCE,CJ912,XZCE,郑红枣912,Chinese Jujube 912,2019-07-18,CJ,L0,10540.0,10470.0,10435.0,10480.0,10335.0,10395.0,10360.0,77413.0,4023580000.0,46406.0,-180.0,-145.0,-0.0170778,1.0,0.0
CJ912.XZCE,CJ912,XZCE,郑红枣912,Chinese Jujube 912,2019-07-19,CJ,L0,10395.0,10360.0,10330.0,10385.0,10220.0,10315.0,10345.0,81951.0,4225970000.0,44163.0,-50.0,-80.0,-0.00481,1.0,0.0
CJ912.XZCE,CJ912,XZCE,郑红枣912,Chinese Jujube 912,2019-07-22,CJ,L0,10315.0,10345.0,10380.0,10380.0,10185.0,10285.0,10315.0,67302.0,3460290000.0,44401.0,0.0,-30.0,0.0,1.0,0.0
CJ912.XZCE,CJ912,XZCE,郑红枣912,Chinese Jujube 912,2019-07-23,CJ,L0,10285.0,10315.0,10265.0,10315.0,10170.0,10245.0,10215.0,80072.0,4100760000.0,48082.0,-70.0,-40.0,-0.00680603,1.0,0.0
CJ912.XZCE,CJ912,XZCE,郑红枣912,Chinese Jujube 912,2019-07-24,CJ,L0,10245.0,10215.0,10150.0,10215.0,9995.0,10090.0,10135.0,108772.0,5487840000.0,48739.0,-110.0,-155.0,-0.0107369,1.0,0.0
CJ912.XZCE,CJ912,XZCE,郑红枣912,Chinese Jujube 912,2019-07-25,CJ,L0,10090.0,10135.0,10130.0,10150.0,10065.0,10100.0,10100.0,43597.0,2201430000.0,46986.0,10.0,10.0,0.00099108,1.0,0.0
CJ912.XZCE,CJ912,XZCE,郑红枣912,Chinese Jujube 912,2019-07-26,CJ,L0,10100.0,10100.0,10080.0,10235.0,10025.0,10130.0,10230.0,73762.0,3736260000.0,44213.0,130.0,30.0,0.012871299999999999,1.0,0.0
CJ912.XZCE,CJ912,XZCE,郑红枣912,Chinese Jujube 912,2019-07-29,CJ,L0,10130.0,10230.0,10225.0,10265.0,10150.0,10200.0,10205.0,40643.0,2072470000.0,42407.0,75.0,70.0,0.00740375,1.0,0.0
CJ912.XZCE,CJ912,XZCE,郑红枣912,Chinese Jujube 912,2019-07-30,CJ,L0,10200.0,10205.0,10230.0,10325.0,10180.0,10255.0,10280.0,52823.0,2708590000.0,41651.0,80.0,55.0,0.00784314,1.0,0.0
CJ912.XZCE,CJ912,XZCE,郑红枣912,Chinese Jujube 912,2019-07-31,CJ,L0,10255.0,10280.0,10290.0,10340.0,10240.0,10280.0,10275.0,33722.0,1733520000.0,38975.0,20.0,25.0,0.00195027,1.0,0.0
CJ912.XZCE,CJ912,XZCE,郑红枣912,Chinese Jujube 912,2019-08-01,CJ,L0,10280.0,10275.0,10235.0,10285.0,10120.0,10195.0,10130.0,52557.0,2678440000.0,40819.0,-150.0,-85.0,-0.0145914,1.0,0.0
CJ912.XZCE,CJ912,XZCE,郑红枣912,Chinese Jujube 912,2019-08-02,CJ,L0,10195.0,10130.0,10065.0,10210.0,10055.0,10140.0,10185.0,48916.0,2480430000.0,38376.0,-10.0,-55.0,-0.00098087,1.0,0.0
CJ912.XZCE,CJ912,XZCE,郑红枣912,Chinese Jujube 912,2019-08-05,CJ,L0,10140.0,10185.0,10225.0,10270.0,10030.0,10150.0,10125.0,62564.0,3174490000.0,39762.0,-15.0,10.0,-0.00147929,1.0,0.0
CJ912.XZCE,CJ912,XZCE,郑红枣912,Chinese Jujube 912,2019-08-06,CJ,L0,10150.0,10125.0,10195.0,10660.0,10165.0,10495.0,10660.0,191613.0,10055500000.0,63578.0,510.0,345.0,0.0502463,1.0,0.0
CJ912.XZCE,CJ912,XZCE,郑红枣912,Chinese Jujube 912,2019-08-07,CJ,L0,10495.0,10660.0,10750.0,10825.0,10545.0,10695.0,10695.0,194308.0,10388900000.0,56767.0,200.0,200.0,0.0190567,1.0,0.0
CJ912.XZCE,CJ912,XZCE,郑红枣912,Chinese Jujube 912,2019-08-08,CJ,L0,10695.0,10695.0,10755.0,10945.0,10635.0,10760.0,10780.0,182783.0,9831480000.0,62416.0,85.0,65.0,0.00794764,1.0,0.0
CJ912.XZCE,CJ912,XZCE,郑红枣912,Chinese Jujube 912,2019-08-09,CJ,L0,10760.0,10780.0,10805.0,10870.0,10580.0,10735.0,10785.0,142975.0,7675780000.0,58899.0,25.0,-25.0,0.00232342,1.0,0.0
CJ912.XZCE,CJ912,XZCE,郑红枣912,Chinese Jujube 912,2019-08-12,CJ,L0,10735.0,10785.0,10840.0,11000.0,10705.0,10840.0,10730.0,150106.0,8134180000.0,62591.0,-5.0,105.0,-0.00046577,1.0,0.0
CJ912.XZCE,CJ912,XZCE,郑红枣912,Chinese Jujube 912,2019-08-13,CJ,L0,10840.0,10730.0,10770.0,10770.0,10610.0,10670.0,10645.0,95440.0,5092110000.0,57768.0,-195.0,-170.0,-0.017988900000000002,1.0,0.0
CJ912.XZCE,CJ912,XZCE,郑红枣912,Chinese Jujube 912,2019-08-14,CJ,L0,10670.0,10645.0,10625.0,10645.0,10505.0,10575.0,10570.0,84374.0,4461300000.0,52547.0,-100.0,-95.0,-0.00937207,1.0,0.0
CJ912.XZCE,CJ912,XZCE,郑红枣912,Chinese Jujube 912,2019-08-15,CJ,L0,10575.0,10570.0,10550.0,10660.0,10525.0,10590.0,10650.0,50572.0,2677720000.0,50063.0,75.0,15.0,0.0070922,1.0,0.0
CJ912.XZCE,CJ912,XZCE,郑红枣912,Chinese Jujube 912,2019-08-16,CJ,L0,10590.0,10650.0,10755.0,10850.0,10695.0,10760.0,10745.0,117107.0,6300020000.0,55056.0,155.0,170.0,0.0146365,1.0,0.0
CJ912.XZCE,CJ912,XZCE,郑红枣912,Chinese Jujube 912,2019-08-19,CJ,L0,10760.0,10745.0,10840.0,10840.0,10735.0,10785.0,10750.0,57738.0,3113090000.0,57306.0,-10.0,25.0,-0.00092937,1.0,0.0
CJ912.XZCE,CJ912,XZCE,郑红枣912,Chinese Jujube 912,2019-08-20,CJ,L0,10785.0,10750.0,10750.0,10810.0,10600.0,10710.0,10635.0,74950.0,4013140000.0,51581.0,-150.0,-75.0,-0.013908199999999999,1.0,0.0
CJ912.XZCE,CJ912,XZCE,郑红枣912,Chinese Jujube 912,2019-08-21,CJ,L0,10710.0,10635.0,10635.0,10750.0,10545.0,10635.0,10745.0,56037.0,2980190000.0,50000.0,35.0,-75.0,0.00326797,1.0,0.0
CJ912.XZCE,CJ912,XZCE,郑红枣912,Chinese Jujube 912,2019-08-22,CJ,L0,10635.0,10745.0,10760.0,10775.0,10655.0,10715.0,10715.0,45699.0,2448450000.0,51353.0,80.0,80.0,0.00752233,1.0,0.0
CJ912.XZCE,CJ912,XZCE,郑红枣912,Chinese Jujube 912,2019-08-23,CJ,L0,10715.0,10715.0,10700.0,10750.0,10635.0,10700.0,10705.0,51378.0,2749250000.0,50518.0,-10.0,-15.0,-0.00093327,1.0,0.0
CJ912.XZCE,CJ912,XZCE,郑红枣912,Chinese Jujube 912,2019-08-26,CJ,L0,10700.0,10705.0,10700.0,10840.0,10565.0,10660.0,10595.0,71227.0,3796610000.0,47495.0,-105.0,-40.0,-0.00981308,1.0,0.0
CJ912.XZCE,CJ912,XZCE,郑红枣912,Chinese Jujube 912,2019-08-27,CJ,L0,10660.0,10595.0,10555.0,10700.0,10525.0,10625.0,10695.0,48716.0,2588110000.0,45051.0,35.0,-35.0,0.0032833,1.0,0.0
CJ912.XZCE,CJ912,XZCE,郑红枣912,Chinese Jujube 912,2019-08-28,CJ,L0,10625.0,10695.0,10690.0,10725.0,10595.0,10655.0,10630.0,39014.0,2078560000.0,42728.0,5.0,30.0,0.00047059,1.0,0.0
CJ912.XZCE,CJ912,XZCE,郑红枣912,Chinese Jujube 912,2019-08-29,CJ,L0,10655.0,10630.0,10655.0,10820.0,10645.0,10755.0,10760.0,74494.0,4005730000.0,49274.0,105.0,100.0,0.00985453,1.0,0.0
CJ912.XZCE,CJ912,XZCE,郑红枣912,Chinese Jujube 912,2019-08-30,CJ,L0,10755.0,10760.0,10750.0,10880.0,10700.0,10785.0,10730.0,59651.0,3217340000.0,46578.0,-25.0,30.0,-0.0023245,1.0,0.0
CJ912.XZCE,CJ912,XZCE,郑红枣912,Chinese Jujube 912,2019-09-02,CJ,L0,10785.0,10730.0,10735.0,10760.0,10615.0,10685.0,10695.0,41512.0,2217680000.0,42800.0,-90.0,-100.0,-0.00834492,1.0,0.0
CJ912.XZCE,CJ912,XZCE,郑红枣912,Chinese Jujube 912,2019-09-03,CJ,L0,10685.0,10695.0,10715.0,11220.0,10690.0,10965.0,11220.0,134758.0,7387060000.0,68786.0,535.0,280.0,0.0500702,1.0,0.0
CJ912.XZCE,CJ912,XZCE,郑红枣912,Chinese Jujube 912,2019-09-04,CJ,L0,10965.0,11220.0,11310.0,11555.0,11300.0,11440.0,11475.0,205425.0,11750000000.0,70023.0,510.0,475.0,0.0465116,1.0,0.0
CJ912.XZCE,CJ912,XZCE,郑红枣912,Chinese Jujube 912,2019-09-05,CJ,L0,11440.0,11475.0,11490.0,11520.0,11105.0,11390.0,11215.0,158357.0,9017020000.0,61625.0,-225.0,-50.0,-0.0196678,1.0,0.0
CJ912.XZCE,CJ912,XZCE,郑红枣912,Chinese Jujube 912,2019-09-06,CJ,L0,11390.0,11215.0,11170.0,11255.0,10820.0,11060.0,10820.0,155219.0,8585490000.0,47376.0,-570.0,-330.0,-0.0500439,1.0,0.0
CJ912.XZCE,CJ912,XZCE,郑红枣912,Chinese Jujube 912,2019-09-09,CJ,L0,11060.0,10820.0,10800.0,10850.0,10665.0,10755.0,10725.0,110892.0,5963500000.0,45435.0,-335.0,-305.0,-0.030289299999999998,1.0,0.0
CJ912.XZCE,CJ912,XZCE,郑红枣912,Chinese Jujube 912,2019-09-10,CJ,L0,10755.0,10725.0,10695.0,10815.0,10690.0,10750.0,10725.0,61998.0,3333040000.0,44278.0,-30.0,-5.0,-0.0027894,1.0,0.0
CJ912.XZCE,CJ912,XZCE,郑红枣912,Chinese Jujube 912,2019-09-11,CJ,L0,10750.0,10725.0,10680.0,10780.0,10335.0,10545.0,10430.0,169825.0,8953460000.0,45890.0,-320.0,-205.0,-0.029767400000000003,1.0,0.0
CJ912.XZCE,CJ912,XZCE,郑红枣912,Chinese Jujube 912,2019-09-12,CJ,L0,10545.0,10430.0,10450.0,10480.0,10305.0,10385.0,10370.0,117436.0,6097840000.0,42648.0,-175.0,-160.0,-0.016595500000000003,1.0,0.0
CJ912.XZCE,CJ912,XZCE,郑红枣912,Chinese Jujube 912,2019-09-16,CJ,L0,10385.0,10370.0,10400.0,10530.0,10230.0,10385.0,10420.0,103454.0,5372360000.0,41276.0,35.0,0.0,0.00337025,1.0,0.0
CJ912.XZCE,CJ912,XZCE,郑红枣912,Chinese Jujube 912,2019-09-17,CJ,L0,10385.0,10420.0,10425.0,10505.0,10365.0,10445.0,10490.0,55244.0,2884880000.0,38822.0,105.0,60.0,0.010110700000000002,1.0,0.0
CJ912.XZCE,CJ912,XZCE,郑红枣912,Chinese Jujube 912,2019-09-18,CJ,L0,10445.0,10490.0,10475.0,10575.0,10400.0,10505.0,10505.0,82187.0,4317700000.0,38092.0,60.0,60.0,0.00574438,1.0,0.0
CJ912.XZCE,CJ912,XZCE,郑红枣912,Chinese Jujube 912,2019-09-19,CJ,L0,10505.0,10505.0,10510.0,10520.0,10250.0,10370.0,10505.0,137435.0,7125630000.0,39775.0,0.0,-135.0,0.0,1.0,0.0
CJ912.XZCE,CJ912,XZCE,郑红枣912,Chinese Jujube 912,2019-09-20,CJ,L0,10370.0,10505.0,10495.0,10495.0,10355.0,10435.0,10425.0,66162.0,3451510000.0,37222.0,55.0,65.0,0.00530376,1.0,0.0
CJ912.XZCE,CJ912,XZCE,郑红枣912,Chinese Jujube 912,2019-09-23,CJ,L0,10435.0,10425.0,10400.0,10415.0,10060.0,10230.0,10255.0,169281.0,8657830000.0,44154.0,-180.0,-205.0,-0.017249599999999997,1.0,0.0
CJ912.XZCE,CJ912,XZCE,郑红枣912,Chinese Jujube 912,2019-09-24,CJ,L0,10230.0,10255.0,10280.0,10330.0,10190.0,10255.0,10290.0,75230.0,3857170000.0,41925.0,60.0,25.0,0.005865100000000001,1.0,0.0
CJ912.XZCE,CJ912,XZCE,郑红枣912,Chinese Jujube 912,2019-09-25,CJ,L0,10255.0,10290.0,10305.0,10320.0,10170.0,10245.0,10290.0,63174.0,3235360000.0,40783.0,35.0,-10.0,0.00341297,1.0,0.0
CJ912.XZCE,CJ912,XZCE,郑红枣912,Chinese Jujube 912,2019-09-26,CJ,L0,10245.0,10290.0,10280.0,10450.0,10250.0,10335.0,10335.0,70018.0,3618570000.0,38731.0,90.0,90.0,0.00878477,1.0,0.0
CJ912.XZCE,CJ912,XZCE,郑红枣912,Chinese Jujube 912,2019-09-27,CJ,L0,10335.0,10335.0,10275.0,10340.0,10150.0,10255.0,10320.0,80516.0,4128670000.0,34371.0,-15.0,-80.0,-0.00145138,1.0,0.0
CJ912.XZCE,CJ912,XZCE,郑红枣912,Chinese Jujube 912,2019-09-30,CJ,L0,10255.0,10320.0,10350.0,10395.0,10155.0,10245.0,10250.0,68822.0,3525200000.0,32656.0,-5.0,-10.0,-0.00048757,1.0,0.0
CJ912.XZCE,CJ912,XZCE,郑红枣912,Chinese Jujube 912,2019-10-08,CJ,L0,10245.0,10250.0,10255.0,10545.0,10180.0,10395.0,10385.0,82373.0,4280790000.0,32538.0,140.0,150.0,0.013665200000000002,1.0,0.0
CJ912.XZCE,CJ912,XZCE,郑红枣912,Chinese Jujube 912,2019-10-09,CJ,L0,10395.0,10385.0,10390.0,10430.0,10320.0,10375.0,10385.0,39601.0,2053860000.0,32642.0,-10.0,-20.0,-0.000962,1.0,0.0
CJ912.XZCE,CJ912,XZCE,郑红枣912,Chinese Jujube 912,2019-10-10,CJ,L0,10375.0,10385.0,10405.0,10450.0,10340.0,10405.0,10385.0,40933.0,2129200000.0,33484.0,10.0,30.0,0.00096386,1.0,0.0
CJ912.XZCE,CJ912,XZCE,郑红枣912,Chinese Jujube 912,2019-10-11,CJ,L0,10405.0,10385.0,10385.0,10420.0,10260.0,10345.0,10400.0,62684.0,3242740000.0,32798.0,-5.0,-60.0,-0.00048054,1.0,0.0
CJ912.XZCE,CJ912,XZCE,郑红枣912,Chinese Jujube 912,2019-10-14,CJ,L0,10345.0,10400.0,10415.0,10525.0,10340.0,10435.0,10490.0,70729.0,3691130000.0,36374.0,145.0,90.0,0.014016399999999998,1.0,0.0
CJ912.XZCE,CJ912,XZCE,郑红枣912,Chinese Jujube 912,2019-10-15,CJ,L0,10435.0,10490.0,10455.0,10580.0,10400.0,10460.0,10500.0,56066.0,2931930000.0,34613.0,65.0,25.0,0.00622904,1.0,0.0
CJ912.XZCE,CJ912,XZCE,郑红枣912,Chinese Jujube 912,2019-10-16,CJ,L0,10460.0,10500.0,10505.0,10525.0,10410.0,10455.0,10460.0,38731.0,2024730000.0,33341.0,0.0,-5.0,0.0,1.0,0.0
CJ912.XZCE,CJ912,XZCE,郑红枣912,Chinese Jujube 912,2019-10-17,CJ,L0,10455.0,10460.0,10465.0,10490.0,9930.0,10130.0,9930.0,196579.0,9957910000.0,54158.0,-525.0,-325.0,-0.0502152,1.0,0.0
CJ912.XZCE,CJ912,XZCE,郑红枣912,Chinese Jujube 912,2019-10-18,CJ,L0,10130.0,9930.0,9925.0,10070.0,9770.0,9885.0,10010.0,205493.0,10155900000.0,51431.0,-120.0,-245.0,-0.011845999999999999,1.0,0.0
CJ912.XZCE,CJ912,XZCE,郑红枣912,Chinese Jujube 912,2019-10-21,CJ,L0,9885.0,10010.0,10000.0,10100.0,9895.0,9985.0,10000.0,114119.0,5697820000.0,48783.0,115.0,100.0,0.0116338,1.0,0.0
CJ912.XZCE,CJ912,XZCE,郑红枣912,Chinese Jujube 912,2019-10-22,CJ,L0,9985.0,10000.0,9985.0,10030.0,9940.0,9985.0,10000.0,58196.0,2905020000.0,48182.0,15.0,0.0,0.00150225,1.0,0.0
CJ912.XZCE,CJ912,XZCE,郑红枣912,Chinese Jujube 912,2019-10-23,CJ,L0,9985.0,10000.0,10025.0,10485.0,9955.0,10305.0,10485.0,152083.0,7835720000.0,55525.0,500.0,320.0,0.0500751,1.0,0.0
CJ912.XZCE,CJ912,XZCE,郑红枣912,Chinese Jujube 912,2019-10-24,CJ,L0,10305.0,10485.0,10600.0,10670.0,10515.0,10585.0,10625.0,163995.0,8679820000.0,43375.0,320.0,280.0,0.0310529,1.0,0.0
CJ912.XZCE,CJ912,XZCE,郑红枣912,Chinese Jujube 912,2019-10-25,CJ,L0,10585.0,10625.0,10645.0,10685.0,10525.0,10600.0,10665.0,96054.0,5090910000.0,43154.0,80.0,15.0,0.00755786,1.0,0.0
CJ912.XZCE,CJ912,XZCE,郑红枣912,Chinese Jujube 912,2019-10-28,CJ,L0,10600.0,10665.0,10720.0,10750.0,10450.0,10600.0,10680.0,91043.0,4824390000.0,41585.0,80.0,0.0,0.00754717,1.0,0.0
CJ912.XZCE,CJ912,XZCE,郑红枣912,Chinese Jujube 912,2019-10-29,CJ,L0,10600.0,10680.0,10660.0,10780.0,10595.0,10670.0,10665.0,90108.0,4806490000.0,40500.0,65.0,70.0,0.00613208,1.0,0.0
CJ912.XZCE,CJ912,XZCE,郑红枣912,Chinese Jujube 912,2019-10-30,CJ,L0,10670.0,10665.0,10650.0,10690.0,10585.0,10645.0,10670.0,46418.0,2470410000.0,35029.0,0.0,-25.0,0.0,1.0,0.0
CJ912.XZCE,CJ912,XZCE,郑红枣912,Chinese Jujube 912,2019-10-31,CJ,L0,10645.0,10670.0,10680.0,10730.0,10580.0,10640.0,10650.0,53618.0,2852840000.0,28157.0,5.0,-5.0,0.00046970000000000003,1.0,0.0
CJ912.XZCE,CJ912,XZCE,郑红枣912,Chinese Jujube 912,2019-11-01,CJ,L0,10640.0,10650.0,10655.0,10760.0,10580.0,10650.0,10730.0,40428.0,2152720000.0,25248.0,90.0,10.0,0.00845865,1.0,0.0
CJ912.XZCE,CJ912,XZCE,郑红枣912,Chinese Jujube 912,2019-11-04,CJ,L0,10650.0,10730.0,10805.0,11185.0,10755.0,11020.0,11000.0,115395.0,6357250000.0,26106.0,350.0,370.0,0.0328639,1.0,0.0
CJ912.XZCE,CJ912,XZCE,郑红枣912,Chinese Jujube 912,2019-11-05,CJ,L0,11020.0,11000.0,11015.0,11075.0,10870.0,10975.0,10955.0,39389.0,2161210000.0,22775.0,-65.0,-45.0,-0.00589837,1.0,0.0
CJ001.XZCE,CJ001,XZCE,郑红枣001,Chinese Jujube 001,2019-11-06,CJ,L1,10960.0,10965.0,10950.0,10970.0,10755.0,10850.0,10780.0,33953.0,1841950000.0,21683.0,-180.0,-110.0,-0.0164234,1.0,0.0
CJ001.XZCE,CJ001,XZCE,郑红枣001,Chinese Jujube 001,2019-11-07,CJ,L1,10850.0,10780.0,10785.0,10925.0,10740.0,10845.0,10880.0,31762.0,1722490000.0,24555.0,30.0,-5.0,0.00276498,1.0,0.0
CJ001.XZCE,CJ001,XZCE,郑红枣001,Chinese Jujube 001,2019-11-08,CJ,L1,10845.0,10880.0,10915.0,11080.0,10870.0,10980.0,11045.0,72625.0,3986450000.0,32798.0,200.0,135.0,0.018441700000000002,1.0,0.0
CJ001.XZCE,CJ001,XZCE,郑红枣001,Chinese Jujube 001,2019-11-11,CJ,L1,10980.0,11045.0,11010.0,11050.0,10870.0,10960.0,10990.0,61270.0,3356970000.0,33171.0,10.0,-20.0,0.00091075,1.0,0.0
CJ001.XZCE,CJ001,XZCE,郑红枣001,Chinese Jujube 001,2019-11-12,CJ,L1,10960.0,10990.0,10980.0,11030.0,10905.0,10970.0,10980.0,43869.0,2406280000.0,33090.0,20.0,10.0,0.00182482,1.0,0.0
CJ001.XZCE,CJ001,XZCE,郑红枣001,Chinese Jujube 001,2019-11-13,CJ,L1,10970.0,10980.0,10960.0,11115.0,10890.0,10980.0,11045.0,48764.0,2676890000.0,34442.0,75.0,10.0,0.00683683,1.0,0.0
CJ001.XZCE,CJ001,XZCE,郑红枣001,Chinese Jujube 001,2019-11-14,CJ,L1,10980.0,11045.0,11050.0,11260.0,11015.0,11145.0,11120.0,137893.0,7684560000.0,43163.0,140.0,165.0,0.0127505,1.0,0.0
CJ001.XZCE,CJ001,XZCE,郑红枣001,Chinese Jujube 001,2019-11-15,CJ,L1,11145.0,11120.0,11075.0,11195.0,11020.0,11100.0,11185.0,56683.0,3145300000.0,42610.0,40.0,-45.0,0.00358905,1.0,0.0
CJ001.XZCE,CJ001,XZCE,郑红枣001,Chinese Jujube 001,2019-11-18,CJ,L1,11100.0,11185.0,11160.0,11175.0,11010.0,11090.0,11105.0,61728.0,3422580000.0,42547.0,5.0,-10.0,0.00045045,1.0,0.0
CJ001.XZCE,CJ001,XZCE,郑红枣001,Chinese Jujube 001,2019-11-19,CJ,L1,11090.0,11105.0,11110.0,11110.0,10790.0,10905.0,10930.0,96052.0,5236780000.0,38864.0,-160.0,-185.0,-0.0144274,1.0,0.0
CJ001.XZCE,CJ001,XZCE,郑红枣001,Chinese Jujube 001,2019-11-20,CJ,L1,10905.0,10930.0,10930.0,11080.0,10850.0,10990.0,11065.0,58728.0,3226740000.0,39727.0,160.0,85.0,0.014672200000000002,1.0,0.0
CJ001.XZCE,CJ001,XZCE,郑红枣001,Chinese Jujube 001,2019-11-21,CJ,L1,10990.0,11065.0,11050.0,11050.0,10910.0,10960.0,10960.0,49782.0,2728280000.0,36250.0,-30.0,-30.0,-0.00272975,1.0,0.0
CJ001.XZCE,CJ001,XZCE,郑红枣001,Chinese Jujube 001,2019-11-22,CJ,L1,10960.0,10960.0,10930.0,10955.0,10765.0,10860.0,10885.0,62430.0,3390390000.0,36099.0,-75.0,-100.0,-0.00684307,1.0,0.0
CJ001.XZCE,CJ001,XZCE,郑红枣001,Chinese Jujube 001,2019-11-25,CJ,L1,10860.0,10885.0,10860.0,10915.0,10765.0,10850.0,10915.0,49534.0,2687130000.0,31344.0,55.0,-10.0,0.00506446,1.0,0.0
CJ001.XZCE,CJ001,XZCE,郑红枣001,Chinese Jujube 001,2019-11-26,CJ,L1,10850.0,10915.0,10875.0,10925.0,10825.0,10860.0,10870.0,40642.0,2207190000.0,30961.0,20.0,10.0,0.00184332,1.0,0.0
CJ001.XZCE,CJ001,XZCE,郑红枣001,Chinese Jujube 001,2019-11-27,CJ,L1,10860.0,10870.0,10870.0,10965.0,10755.0,10855.0,10805.0,58615.0,3181380000.0,29609.0,-55.0,-5.0,-0.00506446,1.0,0.0
CJ001.XZCE,CJ001,XZCE,郑红枣001,Chinese Jujube 001,2019-11-28,CJ,L1,10855.0,10805.0,10800.0,10890.0,10795.0,10850.0,10875.0,35833.0,1943890000.0,25923.0,20.0,-5.0,0.00184247,1.0,0.0
CJ001.XZCE,CJ001,XZCE,郑红枣001,Chinese Jujube 001,2019-11-29,CJ,L1,10850.0,10875.0,10885.0,11110.0,10810.0,10925.0,11070.0,70420.0,3846090000.0,23414.0,220.0,75.0,0.0202765,1.0,0.0
CJ001.XZCE,CJ001,XZCE,郑红枣001,Chinese Jujube 001,2019-12-02,CJ,L1,10925.0,11070.0,11045.0,11090.0,10925.0,11005.0,10930.0,37329.0,2053610000.0,17177.0,5.0,80.0,0.00045767,1.0,0.0
CJ005.XZCE,CJ005,XZCE,郑红枣005,Chinese Jujube 005,2019-12-03,CJ,L3,10960.0,10905.0,10890.0,10935.0,10880.0,10905.0,10900.0,11503.0,627335000.0,23002.0,-60.0,-55.0,-0.00547445,1.0,0.0
CJ005.XZCE,CJ005,XZCE,郑红枣005,Chinese Jujube 005,2019-12-04,CJ,L3,10905.0,10900.0,10890.0,10960.0,10800.0,10875.0,10885.0,24843.0,1350940000.0,24615.0,-20.0,-30.0,-0.00183402,1.0,0.0
CJ005.XZCE,CJ005,XZCE,郑红枣005,Chinese Jujube 005,2019-12-05,CJ,L3,10875.0,10885.0,10855.0,10875.0,10785.0,10825.0,10795.0,20345.0,1101340000.0,25675.0,-80.0,-50.0,-0.00735632,1.0,0.0
CJ005.XZCE,CJ005,XZCE,郑红枣005,Chinese Jujube 005,2019-12-06,CJ,L3,10825.0,10795.0,10780.0,10870.0,10580.0,10740.0,10840.0,61063.0,3278920000.0,29132.0,15.0,-85.0,0.00138568,1.0,0.0
CJ005.XZCE,CJ005,XZCE,郑红枣005,Chinese Jujube 005,2019-12-09,CJ,L3,10740.0,10840.0,10850.0,11045.0,10770.0,10890.0,10855.0,55535.0,3024570000.0,29269.0,115.0,150.0,0.010707600000000001,1.0,0.0
CJ005.XZCE,CJ005,XZCE,郑红枣005,Chinese Jujube 005,2019-12-10,CJ,L3,10890.0,10855.0,10890.0,10910.0,10805.0,10860.0,10805.0,29403.0,1596820000.0,28283.0,-85.0,-30.0,-0.00780533,1.0,0.0
CJ005.XZCE,CJ005,XZCE,郑红枣005,Chinese Jujube 005,2019-12-11,CJ,L3,10860.0,10805.0,10800.0,10920.0,10780.0,10855.0,10810.0,40541.0,2200370000.0,29640.0,-50.0,-5.0,-0.00460405,1.0,0.0
CJ005.XZCE,CJ005,XZCE,郑红枣005,Chinese Jujube 005,2019-12-12,CJ,L3,10855.0,10810.0,10810.0,10890.0,10805.0,10855.0,10875.0,29293.0,1589560000.0,29199.0,20.0,0.0,0.00184247,1.0,0.0
CJ005.XZCE,CJ005,XZCE,郑红枣005,Chinese Jujube 005,2019-12-13,CJ,L3,10855.0,10875.0,10870.0,10895.0,10770.0,10850.0,10870.0,39356.0,2134570000.0,29166.0,15.0,-5.0,0.00138185,1.0,0.0
CJ005.XZCE,CJ005,XZCE,郑红枣005,Chinese Jujube 005,2019-12-16,CJ,L2,10850.0,10870.0,10910.0,10980.0,10835.0,10905.0,10895.0,39225.0,2138860000.0,30011.0,45.0,55.0,0.00414747,1.0,0.0
CJ005.XZCE,CJ005,XZCE,郑红枣005,Chinese Jujube 005,2019-12-17,CJ,L2,10905.0,10895.0,10890.0,10930.0,10860.0,10895.0,10860.0,25812.0,1406230000.0,28890.0,-45.0,-10.0,-0.00412655,1.0,0.0
CJ005.XZCE,CJ005,XZCE,郑红枣005,Chinese Jujube 005,2019-12-18,CJ,L2,10895.0,10860.0,10860.0,10880.0,10740.0,10820.0,10835.0,49637.0,2685520000.0,32201.0,-60.0,-75.0,-0.00550711,1.0,0.0
CJ005.XZCE,CJ005,XZCE,郑红枣005,Chinese Jujube 005,2019-12-19,CJ,L2,10820.0,10835.0,10855.0,10870.0,10790.0,10825.0,10860.0,27863.0,1508300000.0,31476.0,40.0,5.0,0.00369686,1.0,0.0
CJ005.XZCE,CJ005,XZCE,郑红枣005,Chinese Jujube 005,2019-12-20,CJ,L2,10825.0,10860.0,10865.0,10925.0,10840.0,10890.0,10905.0,37243.0,2027430000.0,31254.0,80.0,65.0,0.007390300000000001,1.0,0.0
CJ005.XZCE,CJ005,XZCE,郑红枣005,Chinese Jujube 005,2019-12-23,CJ,L2,10890.0,10905.0,10910.0,10950.0,10810.0,10865.0,10810.0,37873.0,2057880000.0,31262.0,-80.0,-25.0,-0.00734619,1.0,0.0
CJ005.XZCE,CJ005,XZCE,郑红枣005,Chinese Jujube 005,2019-12-24,CJ,L2,10865.0,10810.0,10810.0,10830.0,10720.0,10770.0,10775.0,38891.0,2094580000.0,32480.0,-90.0,-95.0,-0.00828348,1.0,0.0
CJ005.XZCE,CJ005,XZCE,郑红枣005,Chinese Jujube 005,2019-12-25,CJ,L2,10770.0,10775.0,10785.0,10825.0,10710.0,10775.0,10800.0,23328.0,1256580000.0,31548.0,30.0,5.0,0.00278552,1.0,0.0
CJ005.XZCE,CJ005,XZCE,郑红枣005,Chinese Jujube 005,2019-12-26,CJ,L2,10775.0,10800.0,10830.0,10875.0,10775.0,10825.0,10835.0,24880.0,1346400000.0,30380.0,60.0,50.0,0.00556845,1.0,0.0
CJ005.XZCE,CJ005,XZCE,郑红枣005,Chinese Jujube 005,2019-12-27,CJ,L2,10825.0,10835.0,10830.0,10890.0,10800.0,10865.0,10875.0,22747.0,1235490000.0,29695.0,50.0,40.0,0.00461894,1.0,0.0
CJ005.XZCE,CJ005,XZCE,郑红枣005,Chinese Jujube 005,2019-12-30,CJ,L2,10865.0,10875.0,10875.0,11015.0,10800.0,10875.0,10900.0,54241.0,2949400000.0,29033.0,35.0,10.0,0.00322135,1.0,0.0
CJ005.XZCE,CJ005,XZCE,郑红枣005,Chinese Jujube 005,2019-12-31,CJ,L2,10875.0,10900.0,10880.0,10960.0,10840.0,10895.0,10915.0,43767.0,2384580000.0,29786.0,40.0,20.0,0.00367816,1.0,0.0
CJ005.XZCE,CJ005,XZCE,郑红枣005,Chinese Jujube 005,2020-01-02,CJ,L2,10895.0,10915.0,10940.0,10960.0,10880.0,10925.0,10930.0,25280.0,1380770000.0,31370.0,35.0,30.0,0.00321248,1.0,0.0
CJ005.XZCE,CJ005,XZCE,郑红枣005,Chinese Jujube 005,2020-01-03,CJ,L2,10925.0,10930.0,10930.0,10970.0,10860.0,10915.0,10905.0,32463.0,1772010000.0,30415.0,-20.0,-10.0,-0.00183066,1.0,0.0
CJ005.XZCE,CJ005,XZCE,郑红枣005,Chinese Jujube 005,2020-01-06,CJ,L2,10915.0,10905.0,10880.0,10935.0,10745.0,10835.0,10800.0,62479.0,3384610000.0,31723.0,-115.0,-80.0,-0.010536,1.0,0.0
CJ005.XZCE,CJ005,XZCE,郑红枣005,Chinese Jujube 005,2020-01-07,CJ,L2,10835.0,10800.0,10815.0,10830.0,10420.0,10585.0,10480.0,130976.0,6933410000.0,45142.0,-355.0,-250.0,-0.0327642,1.0,0.0
CJ005.XZCE,CJ005,XZCE,郑红枣005,Chinese Jujube 005,2020-01-08,CJ,L2,10585.0,10480.0,10490.0,10530.0,10335.0,10420.0,10440.0,72014.0,3752450000.0,45842.0,-145.0,-165.0,-0.013698599999999998,1.0,0.0
CJ005.XZCE,CJ005,XZCE,郑红枣005,Chinese Jujube 005,2020-01-09,CJ,L2,10420.0,10440.0,10435.0,10490.0,10370.0,10435.0,10405.0,43553.0,2271890000.0,45150.0,-15.0,15.0,-0.00143954,1.0,0.0
CJ005.XZCE,CJ005,XZCE,郑红枣005,Chinese Jujube 005,2020-01-10,CJ,L2,10435.0,10405.0,10300.0,10490.0,10115.0,10320.0,10475.0,138615.0,7152690000.0,45564.0,40.0,-115.0,0.00383325,1.0,0.0
CJ005.XZCE,CJ005,XZCE,郑红枣005,Chinese Jujube 005,2020-01-13,CJ,L2,10320.0,10475.0,10515.0,10585.0,10360.0,10440.0,10425.0,48800.0,2547720000.0,42507.0,105.0,120.0,0.0101744,1.0,0.0
CJ005.XZCE,CJ005,XZCE,郑红枣005,Chinese Jujube 005,2020-01-14,CJ,L2,10440.0,10425.0,10425.0,10555.0,10355.0,10460.0,10480.0,49596.0,2594210000.0,40457.0,40.0,20.0,0.00383142,1.0,0.0
CJ005.XZCE,CJ005,XZCE,郑红枣005,Chinese Jujube 005,2020-01-15,CJ,L2,10460.0,10480.0,10520.0,10545.0,10405.0,10490.0,10510.0,44648.0,2341870000.0,39172.0,50.0,30.0,0.00478011,1.0,0.0
CJ005.XZCE,CJ005,XZCE,郑红枣005,Chinese Jujube 005,2020-01-16,CJ,L1,10490.0,10510.0,10520.0,10585.0,10440.0,10505.0,10510.0,41662.0,2187970000.0,37875.0,20.0,15.0,0.00190658,1.0,0.0
CJ005.XZCE,CJ005,XZCE,郑红枣005,Chinese Jujube 005,2020-01-17,CJ,L1,10505.0,10510.0,10510.0,10575.0,10470.0,10525.0,10575.0,30365.0,1598270000.0,36609.0,70.0,20.0,0.00666349,1.0,0.0
CJ005.XZCE,CJ005,XZCE,郑红枣005,Chinese Jujube 005,2020-01-20,CJ,L1,10525.0,10575.0,10585.0,10665.0,10470.0,10540.0,10470.0,38211.0,2013660000.0,35502.0,-55.0,15.0,-0.00522565,1.0,0.0
CJ005.XZCE,CJ005,XZCE,郑红枣005,Chinese Jujube 005,2020-01-21,CJ,L1,10540.0,10470.0,10495.0,10545.0,10450.0,10500.0,10515.0,31349.0,1646190000.0,34424.0,-25.0,-40.0,-0.00237192,1.0,0.0
CJ005.XZCE,CJ005,XZCE,郑红枣005,Chinese Jujube 005,2020-01-22,CJ,L1,10500.0,10515.0,10515.0,10640.0,10425.0,10530.0,10600.0,43738.0,2303030000.0,32049.0,100.0,30.0,0.00952381,1.0,0.0
CJ005.XZCE,CJ005,XZCE,郑红枣005,Chinese Jujube 005,2020-01-23,CJ,L1,10530.0,10600.0,10575.0,10620.0,10520.0,10570.0,10610.0,20706.0,1094540000.0,29564.0,80.0,40.0,0.00759734,1.0,0.0
CJ005.XZCE,CJ005,XZCE,郑红枣005,Chinese Jujube 005,2020-02-03,CJ,L1,10570.0,10610.0,10150.0,10360.0,9910.0,10125.0,10105.0,89416.0,4526280000.0,31495.0,-465.0,-445.0,-0.0439924,1.0,0.0
CJ005.XZCE,CJ005,XZCE,郑红枣005,Chinese Jujube 005,2020-02-04,CJ,L1,10125.0,10105.0,10085.0,10260.0,9890.0,10175.0,10240.0,38655.0,1966190000.0,29416.0,115.0,50.0,0.011358,1.0,0.0
CJ005.XZCE,CJ005,XZCE,郑红枣005,Chinese Jujube 005,2020-02-05,CJ,L1,10175.0,10240.0,10225.0,10320.0,10190.0,10250.0,10235.0,29758.0,1524880000.0,28416.0,60.0,75.0,0.00589681,1.0,0.0
CJ005.XZCE,CJ005,XZCE,郑红枣005,Chinese Jujube 005,2020-02-06,CJ,L1,10250.0,10235.0,10240.0,10290.0,10205.0,10250.0,10280.0,21874.0,1121090000.0,28323.0,30.0,0.0,0.00292683,1.0,0.0
CJ005.XZCE,CJ005,XZCE,郑红枣005,Chinese Jujube 005,2020-02-07,CJ,L1,10250.0,10280.0,10290.0,10335.0,10260.0,10300.0,10330.0,26660.0,1373240000.0,28926.0,80.0,50.0,0.00780488,1.0,0.0
CJ005.XZCE,CJ005,XZCE,郑红枣005,Chinese Jujube 005,2020-02-10,CJ,L1,10300.0,10330.0,10260.0,10360.0,10230.0,10310.0,10325.0,25715.0,1325910000.0,29139.0,25.0,10.0,0.00242718,1.0,0.0
CJ005.XZCE,CJ005,XZCE,郑红枣005,Chinese Jujube 005,2020-02-11,CJ,L1,10310.0,10325.0,10350.0,10400.0,10310.0,10365.0,10385.0,24902.0,1290280000.0,28447.0,75.0,55.0,0.00727449,1.0,0.0
CJ005.XZCE,CJ005,XZCE,郑红枣005,Chinese Jujube 005,2020-02-12,CJ,L1,10365.0,10385.0,10380.0,10485.0,10370.0,10420.0,10435.0,26864.0,1399720000.0,28738.0,70.0,55.0,0.0067535,1.0,0.0
CJ005.XZCE,CJ005,XZCE,郑红枣005,Chinese Jujube 005,2020-02-13,CJ,L1,10420.0,10435.0,10435.0,10460.0,10390.0,10420.0,10450.0,15470.0,806101000.0,27637.0,30.0,0.0,0.00287908,1.0,0.0
CJ005.XZCE,CJ005,XZCE,郑红枣005,Chinese Jujube 005,2020-02-14,CJ,L1,10420.0,10450.0,10430.0,10460.0,10350.0,10405.0,10420.0,25899.0,1347540000.0,28876.0,0.0,-15.0,0.0,1.0,0.0
CJ005.XZCE,CJ005,XZCE,郑红枣005,Chinese Jujube 005,2020-02-17,CJ,L1,10405.0,10420.0,10440.0,10555.0,10400.0,10490.0,10535.0,29563.0,1550580000.0,30150.0,130.0,85.0,0.012494,1.0,0.0
CJ005.XZCE,CJ005,XZCE,郑红枣005,Chinese Jujube 005,2020-02-18,CJ,L1,10490.0,10535.0,10495.0,10560.0,10490.0,10520.0,10510.0,14819.0,779335000.0,29462.0,20.0,30.0,0.00190658,1.0,0.0
CJ005.XZCE,CJ005,XZCE,郑红枣005,Chinese Jujube 005,2020-02-19,CJ,L1,10520.0,10510.0,10490.0,10550.0,10490.0,10520.0,10500.0,11612.0,610860000.0,29217.0,-20.0,0.0,-0.00190114,1.0,0.0
CJ005.XZCE,CJ005,XZCE,郑红枣005,Chinese Jujube 005,2020-02-20,CJ,L1,10520.0,10500.0,10535.0,10665.0,10475.0,10580.0,10580.0,34779.0,1839500000.0,29460.0,60.0,60.0,0.00570342,1.0,0.0
CJ005.XZCE,CJ005,XZCE,郑红枣005,Chinese Jujube 005,2020-02-21,CJ,L1,10580.0,10580.0,10575.0,10595.0,10530.0,10570.0,10555.0,15003.0,792806000.0,28302.0,-25.0,-10.0,-0.00236295,1.0,0.0
CJ005.XZCE,CJ005,XZCE,郑红枣005,Chinese Jujube 005,2020-02-24,CJ,L1,10570.0,10555.0,10580.0,10585.0,10440.0,10495.0,10465.0,24534.0,1287330000.0,27159.0,-105.0,-75.0,-0.00993377,1.0,0.0
CJ005.XZCE,CJ005,XZCE,郑红枣005,Chinese Jujube 005,2020-02-25,CJ,L1,10495.0,10465.0,10425.0,10620.0,10425.0,10545.0,10565.0,31902.0,1681740000.0,26844.0,70.0,50.0,0.00666984,1.0,0.0
CJ005.XZCE,CJ005,XZCE,郑红枣005,Chinese Jujube 005,2020-02-26,CJ,L1,10545.0,10565.0,10545.0,10570.0,10465.0,10520.0,10510.0,17395.0,915005000.0,26362.0,-35.0,-25.0,-0.00331911,1.0,0.0
CJ005.XZCE,CJ005,XZCE,郑红枣005,Chinese Jujube 005,2020-02-27,CJ,L1,10520.0,10510.0,10520.0,10535.0,10275.0,10385.0,10385.0,59886.0,3110060000.0,29645.0,-135.0,-135.0,-0.012832699999999999,1.0,0.0
CJ005.XZCE,CJ005,XZCE,郑红枣005,Chinese Jujube 005,2020-02-28,CJ,L1,10385.0,10385.0,10340.0,10495.0,10320.0,10405.0,10430.0,56167.0,2922140000.0,28812.0,45.0,20.0,0.00433317,1.0,0.0
CJ005.XZCE,CJ005,XZCE,郑红枣005,Chinese Jujube 005,2020-03-02,CJ,L1,10405.0,10430.0,10405.0,10710.0,10345.0,10555.0,10580.0,52321.0,2760620000.0,26018.0,175.0,150.0,0.0168188,1.0,0.0
CJ005.XZCE,CJ005,XZCE,郑红枣005,Chinese Jujube 005,2020-03-03,CJ,L1,10555.0,10580.0,10555.0,10600.0,10460.0,10520.0,10520.0,27770.0,1460980000.0,24589.0,-35.0,-35.0,-0.00331596,1.0,0.0
CJ005.XZCE,CJ005,XZCE,郑红枣005,Chinese Jujube 005,2020-03-04,CJ,L1,10520.0,10520.0,10535.0,10565.0,10470.0,10515.0,10525.0,18351.0,964598000.0,23623.0,5.0,-5.0,0.00047529,1.0,0.0
CJ005.XZCE,CJ005,XZCE,郑红枣005,Chinese Jujube 005,2020-03-05,CJ,L1,10515.0,10525.0,10530.0,10545.0,10470.0,10505.0,10480.0,19016.0,998601000.0,21857.0,-35.0,-10.0,-0.00332858,1.0,0.0
CJ005.XZCE,CJ005,XZCE,郑红枣005,Chinese Jujube 005,2020-03-06,CJ,L1,10505.0,10480.0,10450.0,10465.0,10350.0,10405.0,10395.0,34130.0,1775450000.0,22246.0,-110.0,-100.0,-0.0104712,1.0,0.0
CJ005.XZCE,CJ005,XZCE,郑红枣005,Chinese Jujube 005,2020-03-09,CJ,L1,10405.0,10395.0,10345.0,10535.0,10245.0,10390.0,10415.0,33736.0,1752460000.0,20972.0,10.0,-15.0,0.00096108,1.0,0.0
CJ005.XZCE,CJ005,XZCE,郑红枣005,Chinese Jujube 005,2020-03-10,CJ,L1,10390.0,10415.0,10415.0,10465.0,10385.0,10420.0,10400.0,17138.0,893074000.0,19234.0,10.0,30.0,0.00096246,1.0,0.0
CJ005.XZCE,CJ005,XZCE,郑红枣005,Chinese Jujube 005,2020-03-11,CJ,L1,10420.0,10400.0,10390.0,10450.0,10270.0,10350.0,10315.0,40026.0,2070900000.0,21991.0,-105.0,-70.0,-0.010076799999999999,1.0,0.0
CJ005.XZCE,CJ005,XZCE,郑红枣005,Chinese Jujube 005,2020-03-12,CJ,L1,10350.0,10315.0,10305.0,10390.0,10200.0,10305.0,10375.0,32455.0,1672070000.0,21180.0,25.0,-45.0,0.00241546,1.0,0.0
CJ005.XZCE,CJ005,XZCE,郑红枣005,Chinese Jujube 005,2020-03-13,CJ,L1,10305.0,10375.0,10330.0,10390.0,10250.0,10325.0,10360.0,25384.0,1310750000.0,19677.0,55.0,20.0,0.00533721,1.0,0.0
CJ005.XZCE,CJ005,XZCE,郑红枣005,Chinese Jujube 005,2020-03-16,CJ,L0,10325.0,10360.0,10355.0,10410.0,10290.0,10345.0,10300.0,20987.0,1085450000.0,19217.0,-25.0,20.0,-0.00242131,1.0,0.0
CJ005.XZCE,CJ005,XZCE,郑红枣005,Chinese Jujube 005,2020-03-17,CJ,L0,10345.0,10300.0,10275.0,10360.0,10230.0,10300.0,10335.0,20317.0,1046510000.0,17398.0,-10.0,-45.0,-0.00096665,1.0,0.0
CJ005.XZCE,CJ005,XZCE,郑红枣005,Chinese Jujube 005,2020-03-18,CJ,L0,10300.0,10335.0,10310.0,10340.0,10260.0,10290.0,10295.0,16362.0,841946000.0,17161.0,-5.0,-10.0,-0.00048544,1.0,0.0
CJ005.XZCE,CJ005,XZCE,郑红枣005,Chinese Jujube 005,2020-03-19,CJ,L0,10290.0,10295.0,10265.0,10290.0,10020.0,10150.0,10215.0,39403.0,1999950000.0,18627.0,-75.0,-140.0,-0.00728863,1.0,0.0
CJ005.XZCE,CJ005,XZCE,郑红枣005,Chinese Jujube 005,2020-03-20,CJ,L0,10150.0,10215.0,10240.0,10580.0,10200.0,10320.0,10265.0,31758.0,1638430000.0,13135.0,115.0,170.0,0.011330100000000001,1.0,0.0
CJ005.XZCE,CJ005,XZCE,郑红枣005,Chinese Jujube 005,2020-03-23,CJ,L0,10320.0,10265.0,10220.0,10220.0,10100.0,10155.0,10125.0,21344.0,1083910000.0,13801.0,-195.0,-165.0,-0.0188954,1.0,0.0
CJ005.XZCE,CJ005,XZCE,郑红枣005,Chinese Jujube 005,2020-03-24,CJ,L0,10155.0,10125.0,10120.0,10205.0,9810.0,10000.0,9980.0,54998.0,2750410000.0,17692.0,-175.0,-155.0,-0.017232900000000002,1.0,0.0
CJ005.XZCE,CJ005,XZCE,郑红枣005,Chinese Jujube 005,2020-03-25,CJ,L0,10000.0,9980.0,9965.0,10065.0,9715.0,9850.0,9790.0,51426.0,2532850000.0,21328.0,-210.0,-150.0,-0.021,1.0,0.0
CJ005.XZCE,CJ005,XZCE,郑红枣005,Chinese Jujube 005,2020-03-26,CJ,L0,9850.0,9790.0,9750.0,10020.0,9670.0,9860.0,10010.0,48610.0,2396830000.0,16005.0,160.0,10.0,0.0162436,1.0,0.0
CJ005.XZCE,CJ005,XZCE,郑红枣005,Chinese Jujube 005,2020-03-27,CJ,L0,9860.0,10010.0,10000.0,10215.0,9985.0,10130.0,10190.0,36833.0,1865280000.0,13310.0,330.0,270.0,0.0334686,1.0,0.0
CJ005.XZCE,CJ005,XZCE,郑红枣005,Chinese Jujube 005,2020-03-30,CJ,L0,10130.0,10190.0,10195.0,10300.0,10030.0,10125.0,10095.0,21389.0,1082610000.0,11969.0,-35.0,-5.0,-0.00345508,1.0,0.0
CJ005.XZCE,CJ005,XZCE,郑红枣005,Chinese Jujube 005,2020-03-31,CJ,L0,10125.0,10095.0,10085.0,10175.0,10070.0,10130.0,10120.0,16316.0,826228000.0,9319.0,-5.0,5.0,-0.00049383,1.0,0.0
CJ005.XZCE,CJ005,XZCE,郑红枣005,Chinese Jujube 005,2020-04-01,CJ,L0,10130.0,10120.0,10150.0,10235.0,9965.0,10085.0,10070.0,15295.0,771085000.0,7581.0,-60.0,-45.0,-0.0059229999999999994,1.0,0.0
CJ005.XZCE,CJ005,XZCE,郑红枣005,Chinese Jujube 005,2020-04-02,CJ,L0,10085.0,10070.0,10070.0,10140.0,10030.0,10100.0,10125.0,7692.0,388385000.0,6536.0,40.0,15.0,0.00396629,1.0,0.0
CJ009.XZCE,CJ009,XZCE,郑红枣009,Chinese Jujube 009,2020-04-03,CJ,L2,10365.0,10390.0,10390.0,10395.0,10210.0,10280.0,10275.0,7122.0,366126000.0,8081.0,-90.0,-85.0,-0.00868307,1.0,0.0
CJ009.XZCE,CJ009,XZCE,郑红枣009,Chinese Jujube 009,2020-04-07,CJ,L2,10280.0,10275.0,10275.0,10340.0,10200.0,10280.0,10220.0,6669.0,342721000.0,9616.0,-60.0,0.0,-0.00583658,1.0,0.0
CJ009.XZCE,CJ009,XZCE,郑红枣009,Chinese Jujube 009,2020-04-08,CJ,L2,10280.0,10220.0,10160.0,10285.0,10050.0,10185.0,10235.0,10727.0,546177000.0,10716.0,-45.0,-95.0,-0.00437743,1.0,0.0
CJ009.XZCE,CJ009,XZCE,郑红枣009,Chinese Jujube 009,2020-04-09,CJ,L2,10185.0,10235.0,10270.0,10270.0,10140.0,10195.0,10220.0,15388.0,784344000.0,12219.0,35.0,10.0,0.00343643,1.0,0.0
CJ009.XZCE,CJ009,XZCE,郑红枣009,Chinese Jujube 009,2020-04-10,CJ,L2,10195.0,10220.0,10175.0,10205.0,9980.0,10075.0,10030.0,32546.0,1639640000.0,17918.0,-165.0,-120.0,-0.016184399999999998,1.0,0.0
CJ009.XZCE,CJ009,XZCE,郑红枣009,Chinese Jujube 009,2020-04-13,CJ,L2,10075.0,10030.0,10020.0,10130.0,9950.0,10055.0,10100.0,28291.0,1422350000.0,17589.0,25.0,-20.0,0.00248139,1.0,0.0
CJ009.XZCE,CJ009,XZCE,郑红枣009,Chinese Jujube 009,2020-04-14,CJ,L2,10055.0,10100.0,10100.0,10150.0,10060.0,10105.0,10120.0,15493.0,782744000.0,16047.0,65.0,50.0,0.00646445,1.0,0.0
CJ009.XZCE,CJ009,XZCE,郑红枣009,Chinese Jujube 009,2020-04-15,CJ,L2,10105.0,10120.0,10095.0,10140.0,9990.0,10060.0,10010.0,22510.0,1132530000.0,17572.0,-95.0,-45.0,-0.00940129,1.0,0.0
CJ009.XZCE,CJ009,XZCE,郑红枣009,Chinese Jujube 009,2020-04-16,CJ,L2,10060.0,10010.0,10000.0,10065.0,9930.0,10015.0,10060.0,19973.0,1000340000.0,16417.0,0.0,-45.0,0.0,1.0,0.0
CJ009.XZCE,CJ009,XZCE,郑红枣009,Chinese Jujube 009,2020-04-17,CJ,L2,10015.0,10060.0,10070.0,10150.0,10055.0,10105.0,10140.0,15441.0,780128000.0,15650.0,125.0,90.0,0.012481299999999999,1.0,0.0
CJ009.XZCE,CJ009,XZCE,郑红枣009,Chinese Jujube 009,2020-04-20,CJ,L2,10105.0,10140.0,10115.0,10180.0,10035.0,10110.0,10050.0,14555.0,735583000.0,15433.0,-55.0,5.0,-0.00544285,1.0,0.0
CJ009.XZCE,CJ009,XZCE,郑红枣009,Chinese Jujube 009,2020-04-21,CJ,L2,10110.0,10050.0,10045.0,10070.0,9960.0,10010.0,9995.0,19131.0,957526000.0,15689.0,-115.0,-100.0,-0.0113749,1.0,0.0
CJ009.XZCE,CJ009,XZCE,郑红枣009,Chinese Jujube 009,2020-04-22,CJ,L2,10010.0,9995.0,10005.0,10140.0,9945.0,10060.0,10125.0,25917.0,1303660000.0,15765.0,115.0,50.0,0.0114885,1.0,0.0
CJ009.XZCE,CJ009,XZCE,郑红枣009,Chinese Jujube 009,2020-04-23,CJ,L2,10060.0,10125.0,10090.0,10135.0,10070.0,10100.0,10095.0,13821.0,697936000.0,16180.0,35.0,40.0,0.00347913,1.0,0.0
CJ009.XZCE,CJ009,XZCE,郑红枣009,Chinese Jujube 009,2020-04-24,CJ,L2,10100.0,10095.0,10105.0,10390.0,10090.0,10235.0,10110.0,88154.0,4511660000.0,17821.0,10.0,135.0,0.0009901,1.0,0.0
CJ009.XZCE,CJ009,XZCE,郑红枣009,Chinese Jujube 009,2020-04-27,CJ,L2,10235.0,10110.0,10145.0,10465.0,10115.0,10290.0,10185.0,80795.0,4155930000.0,19199.0,-50.0,55.0,-0.004885199999999999,1.0,0.0
CJ009.XZCE,CJ009,XZCE,郑红枣009,Chinese Jujube 009,2020-04-28,CJ,L2,10290.0,10185.0,10200.0,10240.0,10135.0,10180.0,10185.0,21277.0,1083080000.0,17128.0,-105.0,-110.0,-0.010204099999999999,1.0,0.0
CJ009.XZCE,CJ009,XZCE,郑红枣009,Chinese Jujube 009,2020-04-29,CJ,L2,10180.0,10185.0,10200.0,10205.0,10000.0,10095.0,10015.0,21543.0,1087330000.0,15474.0,-165.0,-85.0,-0.0162083,1.0,0.0
CJ009.XZCE,CJ009,XZCE,郑红枣009,Chinese Jujube 009,2020-04-30,CJ,L2,10095.0,10015.0,10070.0,10095.0,10025.0,10055.0,10050.0,13916.0,699623000.0,15159.0,-45.0,-40.0,-0.00445765,1.0,0.0
CJ009.XZCE,CJ009,XZCE,郑红枣009,Chinese Jujube 009,2020-05-06,CJ,L2,10055.0,10050.0,10025.0,10165.0,10005.0,10115.0,10110.0,16086.0,813623000.0,12857.0,55.0,60.0,0.00546992,1.0,0.0
CJ009.XZCE,CJ009,XZCE,郑红枣009,Chinese Jujube 009,2020-05-07,CJ,L2,10115.0,10110.0,10115.0,10165.0,10105.0,10145.0,10155.0,12721.0,645151000.0,13417.0,40.0,30.0,0.00395452,1.0,0.0
CJ009.XZCE,CJ009,XZCE,郑红枣009,Chinese Jujube 009,2020-05-08,CJ,L2,10145.0,10155.0,10145.0,10220.0,10070.0,10150.0,10120.0,17551.0,890668000.0,12665.0,-25.0,5.0,-0.00246427,1.0,0.0
CJ009.XZCE,CJ009,XZCE,郑红枣009,Chinese Jujube 009,2020-05-11,CJ,L2,10150.0,10120.0,10140.0,10195.0,10125.0,10165.0,10175.0,14841.0,754369000.0,14496.0,25.0,15.0,0.00246305,1.0,0.0
CJ009.XZCE,CJ009,XZCE,郑红枣009,Chinese Jujube 009,2020-05-12,CJ,L2,10165.0,10175.0,10160.0,10220.0,10140.0,10175.0,10155.0,15446.0,785657000.0,13874.0,-10.0,10.0,-0.00098377,1.0,0.0
CJ009.XZCE,CJ009,XZCE,郑红枣009,Chinese Jujube 009,2020-05-13,CJ,L2,10175.0,10155.0,10170.0,10260.0,10105.0,10205.0,10255.0,29940.0,1527790000.0,15186.0,80.0,30.0,0.00786241,1.0,0.0
CJ009.XZCE,CJ009,XZCE,郑红枣009,Chinese Jujube 009,2020-05-14,CJ,L2,10205.0,10255.0,10230.0,10280.0,10195.0,10225.0,10205.0,15359.0,785242000.0,14190.0,0.0,20.0,0.0,1.0,0.0
CJ009.XZCE,CJ009,XZCE,郑红枣009,Chinese Jujube 009,2020-05-15,CJ,L2,10225.0,10205.0,10220.0,10265.0,10195.0,10230.0,10215.0,14319.0,732239000.0,13760.0,-10.0,5.0,-0.000978,1.0,0.0
CJ009.XZCE,CJ009,XZCE,郑红枣009,Chinese Jujube 009,2020-05-18,CJ,L2,10230.0,10215.0,10255.0,10295.0,10195.0,10245.0,10230.0,17401.0,891295000.0,13053.0,0.0,15.0,0.0,1.0,0.0
CJ009.XZCE,CJ009,XZCE,郑红枣009,Chinese Jujube 009,2020-05-19,CJ,L2,10245.0,10230.0,10240.0,10265.0,10190.0,10225.0,10200.0,13788.0,704847000.0,12546.0,-45.0,-20.0,-0.00439239,1.0,0.0
CJ009.XZCE,CJ009,XZCE,郑红枣009,Chinese Jujube 009,2020-05-20,CJ,L1,10225.0,10200.0,10195.0,10220.0,10150.0,10195.0,10190.0,10149.0,517274000.0,11774.0,-35.0,-30.0,-0.00342298,1.0,0.0
CJ009.XZCE,CJ009,XZCE,郑红枣009,Chinese Jujube 009,2020-05-21,CJ,L1,10195.0,10190.0,10195.0,10275.0,10180.0,10235.0,10225.0,16246.0,831428000.0,13258.0,30.0,40.0,0.00294262,1.0,0.0
CJ009.XZCE,CJ009,XZCE,郑红枣009,Chinese Jujube 009,2020-05-22,CJ,L1,10235.0,10225.0,10205.0,10235.0,10040.0,10135.0,10050.0,21860.0,1107680000.0,12882.0,-185.0,-100.0,-0.0180752,1.0,0.0
CJ009.XZCE,CJ009,XZCE,郑红枣009,Chinese Jujube 009,2020-05-25,CJ,L1,10135.0,10050.0,10070.0,10110.0,10050.0,10085.0,10065.0,10419.0,525353000.0,12891.0,-70.0,-50.0,-0.00690676,1.0,0.0
CJ009.XZCE,CJ009,XZCE,郑红枣009,Chinese Jujube 009,2020-05-26,CJ,L1,10085.0,10065.0,10060.0,10115.0,10035.0,10090.0,10110.0,9687.0,488686000.0,12243.0,25.0,5.0,0.00247893,1.0,0.0
CJ009.XZCE,CJ009,XZCE,郑红枣009,Chinese Jujube 009,2020-05-27,CJ,L1,10090.0,10110.0,10110.0,10130.0,10080.0,10105.0,10105.0,7255.0,366567000.0,11639.0,15.0,15.0,0.00148662,1.0,0.0
CJ009.XZCE,CJ009,XZCE,郑红枣009,Chinese Jujube 009,2020-05-28,CJ,L1,10105.0,10105.0,10105.0,10130.0,9985.0,10060.0,10020.0,18012.0,906159000.0,13788.0,-85.0,-45.0,-0.00841168,1.0,0.0
CJ009.XZCE,CJ009,XZCE,郑红枣009,Chinese Jujube 009,2020-05-29,CJ,L1,10060.0,10020.0,10040.0,10055.0,9880.0,9980.0,9885.0,19727.0,984199000.0,17476.0,-175.0,-80.0,-0.017395599999999997,1.0,0.0
CJ009.XZCE,CJ009,XZCE,郑红枣009,Chinese Jujube 009,2020-06-01,CJ,L1,9980.0,9885.0,9865.0,9975.0,9845.0,9910.0,9955.0,23210.0,1150150000.0,17464.0,-25.0,-70.0,-0.00250501,1.0,0.0
CJ009.XZCE,CJ009,XZCE,郑红枣009,Chinese Jujube 009,2020-06-02,CJ,L1,9910.0,9955.0,9950.0,9990.0,9880.0,9930.0,9920.0,15559.0,772627000.0,17033.0,10.0,20.0,0.00100908,1.0,0.0
CJ009.XZCE,CJ009,XZCE,郑红枣009,Chinese Jujube 009,2020-06-03,CJ,L1,9930.0,9920.0,9950.0,9970.0,9930.0,9950.0,9960.0,9852.0,490086000.0,16635.0,30.0,20.0,0.00302115,1.0,0.0
CJ009.XZCE,CJ009,XZCE,郑红枣009,Chinese Jujube 009,2020-06-04,CJ,L1,9950.0,9960.0,9960.0,9985.0,9875.0,9935.0,9980.0,18116.0,900115000.0,16724.0,30.0,-15.0,0.00301508,1.0,0.0
CJ009.XZCE,CJ009,XZCE,郑红枣009,Chinese Jujube 009,2020-06-05,CJ,L1,9935.0,9980.0,9980.0,10035.0,9960.0,9990.0,9995.0,13586.0,678480000.0,15938.0,60.0,55.0,0.00603926,1.0,0.0
CJ009.XZCE,CJ009,XZCE,郑红枣009,Chinese Jujube 009,2020-06-08,CJ,L1,9990.0,9995.0,10000.0,10065.0,9990.0,10015.0,10015.0,11130.0,557396000.0,15350.0,25.0,25.0,0.0025025,1.0,0.0
CJ009.XZCE,CJ009,XZCE,郑红枣009,Chinese Jujube 009,2020-06-09,CJ,L1,10015.0,10015.0,10030.0,10035.0,9910.0,9970.0,9930.0,11223.0,559368000.0,15201.0,-85.0,-45.0,-0.00848727,1.0,0.0
CJ009.XZCE,CJ009,XZCE,郑红枣009,Chinese Jujube 009,2020-06-10,CJ,L1,9970.0,9930.0,9945.0,10045.0,9900.0,9975.0,10045.0,17563.0,875827000.0,15947.0,75.0,5.0,0.00752257,1.0,0.0
CJ009.XZCE,CJ009,XZCE,郑红枣009,Chinese Jujube 009,2020-06-11,CJ,L1,9975.0,10045.0,10050.0,10170.0,10025.0,10090.0,10070.0,29711.0,1498680000.0,15664.0,95.0,115.0,0.00952381,1.0,0.0
CJ009.XZCE,CJ009,XZCE,郑红枣009,Chinese Jujube 009,2020-06-12,CJ,L1,10090.0,10070.0,10010.0,10070.0,10010.0,10045.0,10060.0,9940.0,499182000.0,14535.0,-30.0,-45.0,-0.00297324,1.0,0.0
CJ009.XZCE,CJ009,XZCE,郑红枣009,Chinese Jujube 009,2020-06-15,CJ,L1,10045.0,10060.0,10055.0,10080.0,10020.0,10050.0,10045.0,15225.0,765007000.0,14032.0,0.0,5.0,0.0,1.0,0.0
CJ009.XZCE,CJ009,XZCE,郑红枣009,Chinese Jujube 009,2020-06-16,CJ,L1,10050.0,10045.0,10065.0,10095.0,9950.0,10045.0,10035.0,17167.0,862196000.0,13839.0,-15.0,-5.0,-0.00149254,1.0,0.0
CJ009.XZCE,CJ009,XZCE,郑红枣009,Chinese Jujube 009,2020-06-17,CJ,L1,10045.0,10035.0,10040.0,10050.0,9990.0,10030.0,10035.0,9809.0,491906000.0,13060.0,-10.0,-15.0,-0.00099552,1.0,0.0
CJ009.XZCE,CJ009,XZCE,郑红枣009,Chinese Jujube 009,2020-06-18,CJ,L1,10030.0,10035.0,10035.0,10070.0,9985.0,10020.0,10040.0,14854.0,744064000.0,13691.0,10.0,-10.0,0.00099701,1.0,0.0
CJ009.XZCE,CJ009,XZCE,郑红枣009,Chinese Jujube 009,2020-06-19,CJ,L1,10020.0,10040.0,10050.0,10080.0,10015.0,10050.0,10035.0,12863.0,646300000.0,13204.0,15.0,30.0,0.00149701,1.0,0.0
CJ009.XZCE,CJ009,XZCE,郑红枣009,Chinese Jujube 009,2020-06-22,CJ,L1,10050.0,10035.0,10030.0,10080.0,9885.0,9995.0,9890.0,23144.0,1156650000.0,14645.0,-160.0,-55.0,-0.0159204,1.0,0.0
CJ009.XZCE,CJ009,XZCE,郑红枣009,Chinese Jujube 009,2020-06-23,CJ,L1,9995.0,9890.0,9915.0,9955.0,9850.0,9915.0,9895.0,15543.0,770569000.0,15490.0,-100.0,-80.0,-0.010005,1.0,0.0
CJ009.XZCE,CJ009,XZCE,郑红枣009,Chinese Jujube 009,2020-06-24,CJ,L1,9915.0,9895.0,9880.0,9905.0,9595.0,9710.0,9660.0,57905.0,2810770000.0,25475.0,-255.0,-205.0,-0.025718599999999998,1.0,0.0
CJ009.XZCE,CJ009,XZCE,郑红枣009,Chinese Jujube 009,2020-06-29,CJ,L1,9710.0,9660.0,9640.0,9680.0,9555.0,9630.0,9670.0,28696.0,1381610000.0,25072.0,-40.0,-80.0,-0.00411946,1.0,0.0
CJ009.XZCE,CJ009,XZCE,郑红枣009,Chinese Jujube 009,2020-06-30,CJ,L1,9630.0,9670.0,9685.0,9740.0,9620.0,9670.0,9650.0,18106.0,875358000.0,23885.0,20.0,40.0,0.00207684,1.0,0.0
CJ009.XZCE,CJ009,XZCE,郑红枣009,Chinese Jujube 009,2020-07-01,CJ,L1,9670.0,9650.0,9655.0,9720.0,9635.0,9675.0,9670.0,10634.0,514415000.0,22620.0,0.0,5.0,0.0,1.0,0.0
CJ009.XZCE,CJ009,XZCE,郑红枣009,Chinese Jujube 009,2020-07-02,CJ,L1,9675.0,9670.0,9670.0,9795.0,9635.0,9730.0,9765.0,21333.0,1038070000.0,18763.0,90.0,55.0,0.00930233,1.0,0.0
CJ009.XZCE,CJ009,XZCE,郑红枣009,Chinese Jujube 009,2020-07-03,CJ,L1,9730.0,9765.0,9765.0,9855.0,9765.0,9805.0,9805.0,12810.0,628163000.0,16734.0,75.0,75.0,0.00770812,1.0,0.0
CJ009.XZCE,CJ009,XZCE,郑红枣009,Chinese Jujube 009,2020-07-06,CJ,L1,9805.0,9805.0,9825.0,9835.0,9785.0,9805.0,9810.0,8294.0,406661000.0,16314.0,5.0,0.0,0.00050994,1.0,0.0
CJ009.XZCE,CJ009,XZCE,郑红枣009,Chinese Jujube 009,2020-07-07,CJ,L1,9805.0,9810.0,9800.0,9845.0,9770.0,9810.0,9810.0,10513.0,515574000.0,15733.0,5.0,5.0,0.00050994,1.0,0.0
CJ009.XZCE,CJ009,XZCE,郑红枣009,Chinese Jujube 009,2020-07-08,CJ,L1,9810.0,9810.0,9820.0,9830.0,9725.0,9795.0,9800.0,11446.0,560574000.0,15519.0,-10.0,-15.0,-0.00101937,1.0,0.0
CJ009.XZCE,CJ009,XZCE,郑红枣009,Chinese Jujube 009,2020-07-09,CJ,L1,9795.0,9800.0,9805.0,9835.0,9780.0,9810.0,9795.0,10628.0,521191000.0,15436.0,0.0,15.0,0.0,1.0,0.0
CJ009.XZCE,CJ009,XZCE,郑红枣009,Chinese Jujube 009,2020-07-10,CJ,L1,9810.0,9795.0,9770.0,9785.0,9585.0,9655.0,9645.0,23601.0,1139580000.0,17211.0,-165.0,-155.0,-0.0168196,1.0,0.0
CJ009.XZCE,CJ009,XZCE,郑红枣009,Chinese Jujube 009,2020-07-13,CJ,L1,9655.0,9645.0,9650.0,9700.0,9635.0,9665.0,9670.0,15663.0,756878000.0,16351.0,15.0,10.0,0.0015536,1.0,0.0
CJ009.XZCE,CJ009,XZCE,郑红枣009,Chinese Jujube 009,2020-07-14,CJ,L1,9665.0,9670.0,9655.0,9715.0,9620.0,9675.0,9675.0,14754.0,713841000.0,16030.0,10.0,10.0,0.00103466,1.0,0.0
CJ009.XZCE,CJ009,XZCE,郑红枣009,Chinese Jujube 009,2020-07-15,CJ,L0,9675.0,9675.0,9680.0,9835.0,9670.0,9770.0,9785.0,21490.0,1049960000.0,15725.0,110.0,95.0,0.0113695,1.0,0.0
CJ009.XZCE,CJ009,XZCE,郑红枣009,Chinese Jujube 009,2020-07-16,CJ,L0,9770.0,9785.0,9760.0,9810.0,9735.0,9770.0,9755.0,9199.0,449477000.0,15079.0,-15.0,0.0,-0.00153531,1.0,0.0
CJ009.XZCE,CJ009,XZCE,郑红枣009,Chinese Jujube 009,2020-07-17,CJ,L0,9770.0,9755.0,9765.0,9780.0,9300.0,9535.0,9360.0,36349.0,1733060000.0,18337.0,-410.0,-235.0,-0.0419652,1.0,0.0
CJ009.XZCE,CJ009,XZCE,郑红枣009,Chinese Jujube 009,2020-07-20,CJ,L0,9535.0,9360.0,9395.0,9395.0,9170.0,9270.0,9255.0,37718.0,1748300000.0,20172.0,-280.0,-265.0,-0.029365499999999996,1.0,0.0
CJ009.XZCE,CJ009,XZCE,郑红枣009,Chinese Jujube 009,2020-07-21,CJ,L0,9270.0,9255.0,9240.0,9330.0,9240.0,9275.0,9275.0,18125.0,840695000.0,19389.0,5.0,5.0,0.00053937,1.0,0.0
CJ009.XZCE,CJ009,XZCE,郑红枣009,Chinese Jujube 009,2020-07-22,CJ,L0,9275.0,9275.0,9280.0,9335.0,9100.0,9245.0,9140.0,22489.0,1039670000.0,19763.0,-135.0,-30.0,-0.0145553,1.0,0.0
CJ009.XZCE,CJ009,XZCE,郑红枣009,Chinese Jujube 009,2020-07-23,CJ,L0,9245.0,9140.0,9155.0,9220.0,9015.0,9105.0,9145.0,30938.0,1408360000.0,20212.0,-100.0,-140.0,-0.0108167,1.0,0.0
CJ009.XZCE,CJ009,XZCE,郑红枣009,Chinese Jujube 009,2020-07-24,CJ,L0,9105.0,9145.0,9130.0,9280.0,8980.0,9145.0,9185.0,34484.0,1576930000.0,17772.0,80.0,40.0,0.00878638,1.0,0.0
CJ009.XZCE,CJ009,XZCE,郑红枣009,Chinese Jujube 009,2020-07-27,CJ,L0,9145.0,9185.0,9180.0,9325.0,9145.0,9230.0,9180.0,23861.0,1101330000.0,17382.0,35.0,85.0,0.00382723,1.0,0.0
CJ009.XZCE,CJ009,XZCE,郑红枣009,Chinese Jujube 009,2020-07-28,CJ,L0,9230.0,9180.0,9180.0,9260.0,9135.0,9205.0,9170.0,13640.0,627666000.0,16764.0,-60.0,-25.0,-0.00650054,1.0,0.0
CJ009.XZCE,CJ009,XZCE,郑红枣009,Chinese Jujube 009,2020-07-29,CJ,L0,9205.0,9170.0,9175.0,9230.0,9050.0,9140.0,9170.0,20203.0,923465000.0,16785.0,-35.0,-65.0,-0.00380228,1.0,0.0
CJ009.XZCE,CJ009,XZCE,郑红枣009,Chinese Jujube 009,2020-07-30,CJ,L0,9140.0,9170.0,9165.0,9280.0,9140.0,9210.0,9225.0,20086.0,924868000.0,14938.0,85.0,70.0,0.00929978,1.0,0.0
CJ009.XZCE,CJ009,XZCE,郑红枣009,Chinese Jujube 009,2020-07-31,CJ,L0,9210.0,9225.0,9230.0,9365.0,9230.0,9290.0,9260.0,24659.0,1145510000.0,12406.0,50.0,80.0,0.00542888,1.0,0.0
CJ009.XZCE,CJ009,XZCE,郑红枣009,Chinese Jujube 009,2020-08-03,CJ,L0,9290.0,9260.0,9250.0,9275.0,9120.0,9185.0,9190.0,12239.0,561988000.0,11163.0,-100.0,-105.0,-0.0107643,1.0,0.0
CJ009.XZCE,CJ009,XZCE,郑红枣009,Chinese Jujube 009,2020-08-04,CJ,L0,9185.0,9190.0,9185.0,9215.0,9130.0,9180.0,9160.0,7961.0,365334000.0,11283.0,-25.0,-5.0,-0.00272183,1.0,0.0
CJ009.XZCE,CJ009,XZCE,郑红枣009,Chinese Jujube 009,2020-08-05,CJ,L0,9180.0,9160.0,9155.0,9350.0,9125.0,9240.0,9190.0,16305.0,753470000.0,10573.0,10.0,60.0,0.00108932,1.0,0.0
CJ009.XZCE,CJ009,XZCE,郑红枣009,Chinese Jujube 009,2020-08-06,CJ,L0,9240.0,9190.0,9185.0,9295.0,8880.0,9040.0,8895.0,30544.0,1380690000.0,11647.0,-345.0,-200.0,-0.037337699999999995,1.0,0.0
CJ009.XZCE,CJ009,XZCE,郑红枣009,Chinese Jujube 009,2020-08-07,CJ,L0,9040.0,8895.0,8925.0,8955.0,8755.0,8875.0,8890.0,20009.0,887778000.0,10024.0,-150.0,-165.0,-0.0165929,1.0,0.0
CJ009.XZCE,CJ009,XZCE,郑红枣009,Chinese Jujube 009,2020-08-10,CJ,L0,8875.0,8890.0,8875.0,9320.0,8855.0,9110.0,9300.0,29714.0,1353140000.0,9336.0,425.0,235.0,0.04788730000000001,1.0,0.0
CJ009.XZCE,CJ009,XZCE,郑红枣009,Chinese Jujube 009,2020-08-11,CJ,L0,9110.0,9300.0,9290.0,9530.0,9280.0,9410.0,9350.0,42983.0,2021920000.0,8476.0,240.0,300.0,0.0263447,1.0,0.0
CJ009.XZCE,CJ009,XZCE,郑红枣009,Chinese Jujube 009,2020-08-12,CJ,L0,9410.0,9350.0,9315.0,9375.0,9150.0,9230.0,9180.0,24011.0,1108050000.0,7454.0,-230.0,-180.0,-0.024442099999999998,1.0,0.0
CJ009.XZCE,CJ009,XZCE,郑红枣009,Chinese Jujube 009,2020-08-13,CJ,L0,9230.0,9180.0,9220.0,9330.0,9205.0,9260.0,9230.0,14936.0,691398000.0,6281.0,0.0,30.0,0.0,1.0,0.0
CJ101.XZCE,CJ101,XZCE,郑红枣101,Chinese Jujube 101,2020-08-14,CJ,L2,9840.0,9880.0,9885.0,9900.0,9805.0,9850.0,9850.0,3561.0,175421000.0,6590.0,10.0,10.0,0.00101626,1.0,0.0
CJ101.XZCE,CJ101,XZCE,郑红枣101,Chinese Jujube 101,2020-08-17,CJ,L2,9850.0,9850.0,9860.0,9880.0,9775.0,9810.0,9805.0,4289.0,210374000.0,6779.0,-45.0,-40.0,-0.00456853,1.0,0.0
CJ101.XZCE,CJ101,XZCE,郑红枣101,Chinese Jujube 101,2020-08-18,CJ,L2,9810.0,9805.0,9800.0,9850.0,9770.0,9815.0,9800.0,3227.0,158402000.0,7038.0,-10.0,5.0,-0.00101937,1.0,0.0
CJ101.XZCE,CJ101,XZCE,郑红枣101,Chinese Jujube 101,2020-08-19,CJ,L2,9815.0,9800.0,9820.0,9825.0,9750.0,9790.0,9825.0,3222.0,157727000.0,7355.0,10.0,-25.0,0.00101885,1.0,0.0
CJ101.XZCE,CJ101,XZCE,郑红枣101,Chinese Jujube 101,2020-08-20,CJ,L2,9790.0,9825.0,9825.0,9840.0,9620.0,9750.0,9690.0,5403.0,263344000.0,8279.0,-100.0,-40.0,-0.0102145,1.0,0.0
CJ101.XZCE,CJ101,XZCE,郑红枣101,Chinese Jujube 101,2020-08-21,CJ,L2,9750.0,9690.0,9660.0,9715.0,9520.0,9580.0,9550.0,20628.0,988279000.0,12215.0,-200.0,-170.0,-0.020512799999999998,1.0,0.0
CJ101.XZCE,CJ101,XZCE,郑红枣101,Chinese Jujube 101,2020-08-24,CJ,L2,9580.0,9550.0,9550.0,9730.0,9520.0,9635.0,9705.0,23292.0,1122130000.0,11408.0,125.0,55.0,0.013047999999999999,1.0,0.0
CJ101.XZCE,CJ101,XZCE,郑红枣101,Chinese Jujube 101,2020-08-25,CJ,L2,9635.0,9705.0,9675.0,9780.0,9665.0,9720.0,9710.0,22617.0,1099370000.0,10538.0,75.0,85.0,0.00778412,1.0,0.0
CJ101.XZCE,CJ101,XZCE,郑红枣101,Chinese Jujube 101,2020-08-26,CJ,L2,9720.0,9710.0,9690.0,9730.0,9630.0,9670.0,9680.0,17124.0,827842000.0,11168.0,-40.0,-50.0,-0.00411523,1.0,0.0
CJ101.XZCE,CJ101,XZCE,郑红枣101,Chinese Jujube 101,2020-08-27,CJ,L2,9670.0,9680.0,9715.0,9730.0,9660.0,9695.0,9675.0,11655.0,565106000.0,11728.0,5.0,25.0,0.00051706,1.0,0.0
CJ101.XZCE,CJ101,XZCE,郑红枣101,Chinese Jujube 101,2020-08-28,CJ,L2,9695.0,9675.0,9665.0,9730.0,9600.0,9675.0,9670.0,18467.0,893506000.0,11492.0,-25.0,-20.0,-0.00257865,1.0,0.0
CJ101.XZCE,CJ101,XZCE,郑红枣101,Chinese Jujube 101,2020-08-31,CJ,L2,9675.0,9670.0,9695.0,9835.0,9675.0,9780.0,9800.0,21047.0,1029370000.0,12586.0,125.0,105.0,0.012919899999999998,1.0,0.0
CJ101.XZCE,CJ101,XZCE,郑红枣101,Chinese Jujube 101,2020-09-01,CJ,L2,9780.0,9800.0,9785.0,9910.0,9785.0,9830.0,9795.0,21097.0,1037080000.0,14422.0,15.0,50.0,0.00153374,1.0,0.0
CJ101.XZCE,CJ101,XZCE,郑红枣101,Chinese Jujube 101,2020-09-02,CJ,L2,9830.0,9795.0,9800.0,9825.0,9725.0,9775.0,9805.0,15109.0,738354000.0,14607.0,-25.0,-55.0,-0.00254323,1.0,0.0
CJ101.XZCE,CJ101,XZCE,郑红枣101,Chinese Jujube 101,2020-09-03,CJ,L2,9775.0,9805.0,9820.0,10135.0,9810.0,10015.0,10015.0,62488.0,3128380000.0,16895.0,240.0,240.0,0.0245524,1.0,0.0
CJ101.XZCE,CJ101,XZCE,郑红枣101,Chinese Jujube 101,2020-09-04,CJ,L2,10015.0,10015.0,9980.0,10185.0,9975.0,10090.0,10070.0,37482.0,1891220000.0,16837.0,55.0,75.0,0.00549176,1.0,0.0
CJ101.XZCE,CJ101,XZCE,郑红枣101,Chinese Jujube 101,2020-09-07,CJ,L2,10090.0,10070.0,10070.0,10270.0,10060.0,10195.0,10250.0,34982.0,1783210000.0,19039.0,160.0,105.0,0.015857299999999998,1.0,0.0
CJ101.XZCE,CJ101,XZCE,郑红枣101,Chinese Jujube 101,2020-09-08,CJ,L2,10195.0,10250.0,10250.0,10250.0,10135.0,10195.0,10210.0,29278.0,1492430000.0,18762.0,15.0,0.0,0.00147131,1.0,0.0
CJ101.XZCE,CJ101,XZCE,郑红枣101,Chinese Jujube 101,2020-09-09,CJ,L2,10195.0,10210.0,10190.0,10335.0,9940.0,10130.0,10005.0,47943.0,2428580000.0,16505.0,-190.0,-65.0,-0.0186366,1.0,0.0
CJ101.XZCE,CJ101,XZCE,郑红枣101,Chinese Jujube 101,2020-09-10,CJ,L2,10130.0,10005.0,10035.0,10055.0,9920.0,9990.0,9930.0,19716.0,984578000.0,16562.0,-200.0,-140.0,-0.0197433,1.0,0.0
CJ101.XZCE,CJ101,XZCE,郑红枣101,Chinese Jujube 101,2020-09-11,CJ,L2,9990.0,9930.0,9940.0,10060.0,9925.0,10005.0,9975.0,20940.0,1047270000.0,16519.0,-15.0,15.0,-0.0015015,1.0,0.0
CJ101.XZCE,CJ101,XZCE,郑红枣101,Chinese Jujube 101,2020-09-14,CJ,L2,10005.0,9975.0,9985.0,10100.0,9940.0,10025.0,10025.0,18203.0,912291000.0,16696.0,20.0,20.0,0.001999,1.0,0.0
CJ101.XZCE,CJ101,XZCE,郑红枣101,Chinese Jujube 101,2020-09-15,CJ,L1,10025.0,10025.0,10030.0,10110.0,9940.0,10010.0,10005.0,21933.0,1097700000.0,16319.0,-20.0,-15.0,-0.00199501,1.0,0.0
CJ101.XZCE,CJ101,XZCE,郑红枣101,Chinese Jujube 101,2020-09-16,CJ,L1,10010.0,10005.0,10025.0,10065.0,9965.0,10000.0,9995.0,12003.0,600256000.0,15687.0,-15.0,-10.0,-0.0014985,1.0,0.0
CJ101.XZCE,CJ101,XZCE,郑红枣101,Chinese Jujube 101,2020-09-17,CJ,L1,10000.0,9995.0,10000.0,10190.0,10000.0,10110.0,10115.0,30665.0,1549800000.0,17487.0,115.0,110.0,0.0115,1.0,0.0
CJ101.XZCE,CJ101,XZCE,郑红枣101,Chinese Jujube 101,2020-09-18,CJ,L1,10110.0,10115.0,10130.0,10195.0,10050.0,10125.0,10150.0,21397.0,1083370000.0,17946.0,40.0,15.0,0.00395648,1.0,0.0
CJ101.XZCE,CJ101,XZCE,郑红枣101,Chinese Jujube 101,2020-09-21,CJ,L1,10125.0,10150.0,10175.0,10235.0,10125.0,10170.0,10135.0,17792.0,904807000.0,17950.0,10.0,45.0,0.00098765,1.0,0.0
CJ101.XZCE,CJ101,XZCE,郑红枣101,Chinese Jujube 101,2020-09-22,CJ,L1,10170.0,10135.0,10125.0,10135.0,9980.0,10055.0,10040.0,23351.0,1173940000.0,16230.0,-130.0,-115.0,-0.012782700000000001,1.0,0.0
CJ101.XZCE,CJ101,XZCE,郑红枣101,Chinese Jujube 101,2020-09-23,CJ,L1,10055.0,10040.0,10060.0,10095.0,9950.0,10010.0,9995.0,15863.0,793876000.0,15685.0,-60.0,-45.0,-0.00596718,1.0,0.0
CJ101.XZCE,CJ101,XZCE,郑红枣101,Chinese Jujube 101,2020-09-24,CJ,L1,10010.0,9995.0,10000.0,10050.0,9785.0,9905.0,9825.0,33160.0,1641920000.0,15128.0,-185.0,-105.0,-0.0184815,1.0,0.0
CJ101.XZCE,CJ101,XZCE,郑红枣101,Chinese Jujube 101,2020-09-25,CJ,L1,9905.0,9825.0,9850.0,9950.0,9780.0,9885.0,9890.0,26872.0,1328420000.0,13647.0,-15.0,-20.0,-0.00151439,1.0,0.0
CJ101.XZCE,CJ101,XZCE,郑红枣101,Chinese Jujube 101,2020-09-28,CJ,L1,9885.0,9890.0,9910.0,9945.0,9805.0,9880.0,9835.0,19531.0,964775000.0,13162.0,-50.0,-5.0,-0.00505817,1.0,0.0
CJ101.XZCE,CJ101,XZCE,郑红枣101,Chinese Jujube 101,2020-09-29,CJ,L1,9880.0,9835.0,9835.0,9860.0,9705.0,9770.0,9710.0,16533.0,807598000.0,13849.0,-170.0,-110.0,-0.0172065,1.0,0.0
CJ101.XZCE,CJ101,XZCE,郑红枣101,Chinese Jujube 101,2020-09-30,CJ,L1,9770.0,9710.0,9690.0,9825.0,9680.0,9750.0,9730.0,16503.0,804602000.0,11961.0,-40.0,-20.0,-0.00409417,1.0,0.0
CJ101.XZCE,CJ101,XZCE,郑红枣101,Chinese Jujube 101,2020-10-09,CJ,L1,9750.0,9730.0,9800.0,10050.0,9755.0,9915.0,9950.0,39166.0,1941400000.0,12521.0,200.0,165.0,0.020512799999999998,1.0,0.0
CJ101.XZCE,CJ101,XZCE,郑红枣101,Chinese Jujube 101,2020-10-12,CJ,L1,9915.0,9950.0,9930.0,10035.0,9865.0,9965.0,9900.0,29742.0,1481580000.0,13300.0,-15.0,50.0,-0.00151286,1.0,0.0
CJ101.XZCE,CJ101,XZCE,郑红枣101,Chinese Jujube 101,2020-10-13,CJ,L1,9965.0,9900.0,9905.0,9995.0,9840.0,9920.0,9960.0,23062.0,1143780000.0,13698.0,-5.0,-45.0,-0.00050176,1.0,0.0
CJ101.XZCE,CJ101,XZCE,郑红枣101,Chinese Jujube 101,2020-10-14,CJ,L1,9920.0,9960.0,9945.0,10250.0,9900.0,10135.0,10095.0,74834.0,3791930000.0,17432.0,175.0,215.0,0.017641099999999996,1.0,0.0
CJ101.XZCE,CJ101,XZCE,郑红枣101,Chinese Jujube 101,2020-10-15,CJ,L1,10135.0,10095.0,10100.0,10245.0,10055.0,10160.0,10085.0,45082.0,2289870000.0,17804.0,-50.0,25.0,-0.004933399999999999,1.0,0.0
CJ101.XZCE,CJ101,XZCE,郑红枣101,Chinese Jujube 101,2020-10-16,CJ,L1,10160.0,10085.0,10120.0,10180.0,10000.0,10095.0,10075.0,27114.0,1368450000.0,18413.0,-85.0,-65.0,-0.00836614,1.0,0.0
CJ101.XZCE,CJ101,XZCE,郑红枣101,Chinese Jujube 101,2020-10-19,CJ,L1,10095.0,10075.0,10095.0,10190.0,10085.0,10135.0,10140.0,35215.0,1784140000.0,19252.0,45.0,40.0,0.00445765,1.0,0.0
CJ101.XZCE,CJ101,XZCE,郑红枣101,Chinese Jujube 101,2020-10-20,CJ,L1,10135.0,10140.0,10135.0,10165.0,10060.0,10115.0,10095.0,20979.0,1060780000.0,19711.0,-40.0,-20.0,-0.00394672,1.0,0.0
CJ101.XZCE,CJ101,XZCE,郑红枣101,Chinese Jujube 101,2020-10-21,CJ,L1,10115.0,10095.0,10100.0,10160.0,10045.0,10110.0,10060.0,20369.0,1029810000.0,18585.0,-55.0,-5.0,-0.00543747,1.0,0.0
CJ101.XZCE,CJ101,XZCE,郑红枣101,Chinese Jujube 101,2020-10-22,CJ,L1,10110.0,10060.0,10050.0,10115.0,10005.0,10065.0,10060.0,15186.0,764277000.0,18072.0,-50.0,-45.0,-0.0049456000000000005,1.0,0.0
CJ101.XZCE,CJ101,XZCE,郑红枣101,Chinese Jujube 101,2020-10-23,CJ,L1,10065.0,10060.0,10070.0,10115.0,10020.0,10070.0,10055.0,17436.0,877812000.0,17663.0,-10.0,5.0,-0.00099354,1.0,0.0
CJ101.XZCE,CJ101,XZCE,郑红枣101,Chinese Jujube 101,2020-10-26,CJ,L1,10070.0,10055.0,10000.0,10210.0,9950.0,10085.0,10055.0,35230.0,1776510000.0,17713.0,-15.0,15.0,-0.00148957,1.0,0.0
CJ101.XZCE,CJ101,XZCE,郑红枣101,Chinese Jujube 101,2020-10-27,CJ,L1,10085.0,10055.0,10075.0,10125.0,10030.0,10080.0,10045.0,14268.0,719167000.0,17371.0,-40.0,-5.0,-0.00396629,1.0,0.0
CJ101.XZCE,CJ101,XZCE,郑红枣101,Chinese Jujube 101,2020-10-28,CJ,L1,10080.0,10045.0,10065.0,10090.0,9790.0,9910.0,9805.0,33041.0,1637360000.0,18149.0,-275.0,-170.0,-0.0272817,1.0,0.0
CJ101.XZCE,CJ101,XZCE,郑红枣101,Chinese Jujube 101,2020-10-29,CJ,L1,9910.0,9805.0,9770.0,9835.0,9715.0,9780.0,9775.0,23629.0,1155750000.0,17942.0,-135.0,-130.0,-0.0136226,1.0,0.0
CJ101.XZCE,CJ101,XZCE,郑红枣101,Chinese Jujube 101,2020-10-30,CJ,L1,9780.0,9775.0,9800.0,10015.0,9785.0,9890.0,9865.0,33627.0,1662970000.0,16276.0,85.0,110.0,0.00869121,1.0,0.0
CJ101.XZCE,CJ101,XZCE,郑红枣101,Chinese Jujube 101,2020-11-02,CJ,L1,9890.0,9865.0,9900.0,9995.0,9875.0,9930.0,9900.0,16573.0,822723000.0,15494.0,10.0,40.0,0.00101112,1.0,0.0
CJ101.XZCE,CJ101,XZCE,郑红枣101,Chinese Jujube 101,2020-11-03,CJ,L1,9930.0,9900.0,9910.0,9960.0,9855.0,9900.0,9905.0,12749.0,631124000.0,15435.0,-25.0,-30.0,-0.00251762,1.0,0.0
CJ101.XZCE,CJ101,XZCE,郑红枣101,Chinese Jujube 101,2020-11-04,CJ,L1,9900.0,9905.0,9905.0,10005.0,9880.0,9930.0,9895.0,15453.0,767194000.0,14643.0,-5.0,30.0,-0.00050505,1.0,0.0
CJ101.XZCE,CJ101,XZCE,郑红枣101,Chinese Jujube 101,2020-11-05,CJ,L1,9930.0,9895.0,9910.0,9930.0,9770.0,9830.0,9835.0,20648.0,1014640000.0,15245.0,-95.0,-100.0,-0.00956697,1.0,0.0
CJ101.XZCE,CJ101,XZCE,郑红枣101,Chinese Jujube 101,2020-11-06,CJ,L1,9830.0,9835.0,9835.0,9905.0,9800.0,9845.0,9820.0,12363.0,608545000.0,15306.0,-10.0,15.0,-0.00101729,1.0,0.0
CJ101.XZCE,CJ101,XZCE,郑红枣101,Chinese Jujube 101,2020-11-09,CJ,L1,9845.0,9820.0,9835.0,9945.0,9735.0,9840.0,9900.0,19348.0,951946000.0,14973.0,55.0,-5.0,0.00558659,1.0,0.0
CJ101.XZCE,CJ101,XZCE,郑红枣101,Chinese Jujube 101,2020-11-10,CJ,L1,9840.0,9900.0,9920.0,10000.0,9870.0,9930.0,9925.0,23525.0,1168270000.0,15916.0,85.0,90.0,0.00863821,1.0,0.0
CJ101.XZCE,CJ101,XZCE,郑红枣101,Chinese Jujube 101,2020-11-11,CJ,L1,9930.0,9925.0,9930.0,10030.0,9915.0,9970.0,9980.0,18322.0,913199000.0,16083.0,50.0,40.0,0.00503525,1.0,0.0
CJ101.XZCE,CJ101,XZCE,郑红枣101,Chinese Jujube 101,2020-11-12,CJ,L1,9970.0,9980.0,9990.0,10025.0,9925.0,9970.0,9970.0,14918.0,743661000.0,16321.0,0.0,0.0,0.0,1.0,0.0
CJ101.XZCE,CJ101,XZCE,郑红枣101,Chinese Jujube 101,2020-11-13,CJ,L1,9970.0,9970.0,9985.0,10030.0,9915.0,9975.0,9955.0,21435.0,1069130000.0,16506.0,-15.0,5.0,-0.00150451,1.0,0.0
CJ101.XZCE,CJ101,XZCE,郑红枣101,Chinese Jujube 101,2020-11-16,CJ,L1,9975.0,9955.0,9930.0,9945.0,9770.0,9850.0,9775.0,24479.0,1205330000.0,16553.0,-200.0,-125.0,-0.020050099999999998,1.0,0.0
CJ101.XZCE,CJ101,XZCE,郑红枣101,Chinese Jujube 101,2020-11-17,CJ,L1,9850.0,9775.0,9785.0,9795.0,9595.0,9695.0,9635.0,33373.0,1617840000.0,18750.0,-215.0,-155.0,-0.0218274,1.0,0.0
CJ101.XZCE,CJ101,XZCE,郑红枣101,Chinese Jujube 101,2020-11-18,CJ,L1,9695.0,9635.0,9635.0,9725.0,9620.0,9675.0,9725.0,15366.0,743155000.0,18243.0,30.0,-20.0,0.00309438,1.0,0.0
CJ101.XZCE,CJ101,XZCE,郑红枣101,Chinese Jujube 101,2020-11-19,CJ,L1,9675.0,9725.0,9730.0,9895.0,9725.0,9805.0,9820.0,20618.0,1010850000.0,16173.0,145.0,130.0,0.014987100000000001,1.0,0.0
CJ101.XZCE,CJ101,XZCE,郑红枣101,Chinese Jujube 101,2020-11-20,CJ,L1,9805.0,9820.0,9830.0,9980.0,9765.0,9895.0,9970.0,27876.0,1379170000.0,18396.0,165.0,90.0,0.0168281,1.0,0.0
CJ101.XZCE,CJ101,XZCE,郑红枣101,Chinese Jujube 101,2020-11-23,CJ,L1,9895.0,9970.0,9990.0,10075.0,9950.0,10015.0,10010.0,24141.0,1208570000.0,20181.0,115.0,120.0,0.011622,1.0,0.0
CJ101.XZCE,CJ101,XZCE,郑红枣101,Chinese Jujube 101,2020-11-24,CJ,L1,10015.0,10010.0,10000.0,10020.0,9815.0,9905.0,9860.0,24986.0,1237640000.0,17026.0,-155.0,-110.0,-0.0154768,1.0,0.0
CJ101.XZCE,CJ101,XZCE,郑红枣101,Chinese Jujube 101,2020-11-25,CJ,L1,9905.0,9860.0,9880.0,9960.0,9865.0,9915.0,9945.0,13290.0,658828000.0,15121.0,40.0,10.0,0.00403836,1.0,0.0
CJ101.XZCE,CJ101,XZCE,郑红枣101,Chinese Jujube 101,2020-11-26,CJ,L1,9915.0,9945.0,9955.0,10000.0,9910.0,9955.0,9915.0,14593.0,726252000.0,15500.0,0.0,40.0,0.0,1.0,0.0
CJ101.XZCE,CJ101,XZCE,郑红枣101,Chinese Jujube 101,2020-11-27,CJ,L1,9955.0,9915.0,9935.0,9980.0,9850.0,9930.0,9975.0,14145.0,702359000.0,14264.0,20.0,-25.0,0.00200904,1.0,0.0
CJ101.XZCE,CJ101,XZCE,郑红枣101,Chinese Jujube 101,2020-11-30,CJ,L1,9930.0,9975.0,9985.0,10015.0,9685.0,9840.0,9690.0,32559.0,1601940000.0,14375.0,-240.0,-90.0,-0.024169200000000002,1.0,0.0
CJ101.XZCE,CJ101,XZCE,郑红枣101,Chinese Jujube 101,2020-12-01,CJ,L1,9840.0,9690.0,9690.0,9740.0,9515.0,9610.0,9550.0,29650.0,1425000000.0,16186.0,-290.0,-230.0,-0.029471499999999998,1.0,0.0
CJ101.XZCE,CJ101,XZCE,郑红枣101,Chinese Jujube 101,2020-12-02,CJ,L1,9610.0,9550.0,9580.0,9695.0,9530.0,9635.0,9630.0,17205.0,828716000.0,15295.0,20.0,25.0,0.00208117,1.0,0.0
CJ101.XZCE,CJ101,XZCE,郑红枣101,Chinese Jujube 101,2020-12-03,CJ,L1,9635.0,9630.0,9650.0,9795.0,9635.0,9720.0,9720.0,18274.0,887900000.0,13145.0,85.0,85.0,0.008822,1.0,0.0
CJ101.XZCE,CJ101,XZCE,郑红枣101,Chinese Jujube 101,2020-12-04,CJ,L1,9720.0,9720.0,9740.0,9750.0,9660.0,9705.0,9680.0,9594.0,465453000.0,12203.0,-40.0,-15.0,-0.00411523,1.0,0.0
CJ101.XZCE,CJ101,XZCE,郑红枣101,Chinese Jujube 101,2020-12-07,CJ,L1,9705.0,9680.0,9705.0,9730.0,9620.0,9675.0,9650.0,10941.0,529149000.0,11830.0,-55.0,-30.0,-0.00566718,1.0,0.0
CJ101.XZCE,CJ101,XZCE,郑红枣101,Chinese Jujube 101,2020-12-08,CJ,L1,9675.0,9650.0,9660.0,9720.0,9645.0,9685.0,9700.0,9565.0,463160000.0,11325.0,25.0,10.0,0.00258398,1.0,0.0
CJ101.XZCE,CJ101,XZCE,郑红枣101,Chinese Jujube 101,2020-12-09,CJ,L1,9685.0,9700.0,9720.0,9735.0,9560.0,9635.0,9600.0,16315.0,786072000.0,11972.0,-85.0,-50.0,-0.00877646,1.0,0.0
CJ101.XZCE,CJ101,XZCE,郑红枣101,Chinese Jujube 101,2020-12-10,CJ,L1,9635.0,9600.0,9615.0,9650.0,9165.0,9340.0,9240.0,34796.0,1625150000.0,13961.0,-395.0,-295.0,-0.0409964,1.0,0.0
CJ101.XZCE,CJ101,XZCE,郑红枣101,Chinese Jujube 101,2020-12-11,CJ,L1,9340.0,9240.0,9260.0,9775.0,9215.0,9530.0,9690.0,36072.0,1718790000.0,9721.0,350.0,190.0,0.0374732,1.0,0.0
CJ101.XZCE,CJ101,XZCE,郑红枣101,Chinese Jujube 101,2020-12-14,CJ,L1,9530.0,9690.0,9745.0,9990.0,9745.0,9895.0,9915.0,23047.0,1140260000.0,6763.0,385.0,365.0,0.040398699999999996,1.0,0.0
CJ101.XZCE,CJ101,XZCE,郑红枣101,Chinese Jujube 101,2020-12-15,CJ,L0,9895.0,9915.0,9950.0,9995.0,9870.0,9925.0,9950.0,13613.0,675602000.0,4661.0,55.0,30.0,0.00555836,1.0,0.0
CJ105.XZCE,CJ105,XZCE,郑红枣105,Chinese Jujube 105,2020-12-16,CJ,L2,9880.0,9895.0,9915.0,9915.0,9815.0,9850.0,9860.0,5200.0,256131000.0,7301.0,-20.0,-30.0,-0.00202429,1.0,0.0
CJ105.XZCE,CJ105,XZCE,郑红枣105,Chinese Jujube 105,2020-12-17,CJ,L2,9850.0,9860.0,9860.0,9900.0,9685.0,9800.0,9765.0,8455.0,414244000.0,8256.0,-85.0,-50.0,-0.00862944,1.0,0.0
CJ105.XZCE,CJ105,XZCE,郑红枣105,Chinese Jujube 105,2020-12-18,CJ,L2,9800.0,9765.0,9780.0,9840.0,9735.0,9790.0,9770.0,7204.0,352592000.0,8097.0,-30.0,-10.0,-0.00306122,1.0,0.0
CJ105.XZCE,CJ105,XZCE,郑红枣105,Chinese Jujube 105,2020-12-21,CJ,L2,9790.0,9770.0,9770.0,9955.0,9770.0,9885.0,9870.0,22281.0,1101170000.0,10778.0,80.0,95.0,0.008171600000000001,1.0,0.0
CJ105.XZCE,CJ105,XZCE,郑红枣105,Chinese Jujube 105,2020-12-22,CJ,L2,9885.0,9870.0,9875.0,9880.0,9705.0,9795.0,9840.0,29783.0,1458260000.0,9478.0,-45.0,-90.0,-0.00455235,1.0,0.0
CJ105.XZCE,CJ105,XZCE,郑红枣105,Chinese Jujube 105,2020-12-23,CJ,L2,9795.0,9840.0,9850.0,9955.0,9720.0,9845.0,9750.0,29367.0,1445710000.0,10740.0,-45.0,50.0,-0.00459418,1.0,0.0
CJ105.XZCE,CJ105,XZCE,郑红枣105,Chinese Jujube 105,2020-12-24,CJ,L2,9845.0,9750.0,9775.0,9860.0,9715.0,9795.0,9825.0,21972.0,1075930000.0,12492.0,-20.0,-50.0,-0.00203149,1.0,0.0
CJ105.XZCE,CJ105,XZCE,郑红枣105,Chinese Jujube 105,2020-12-25,CJ,L2,9795.0,9825.0,9850.0,9910.0,9810.0,9865.0,9900.0,23690.0,1168590000.0,15023.0,105.0,70.0,0.0107198,1.0,0.0
CJ105.XZCE,CJ105,XZCE,郑红枣105,Chinese Jujube 105,2020-12-28,CJ,L2,9865.0,9900.0,9900.0,10160.0,9840.0,10025.0,10120.0,55536.0,2783160000.0,21225.0,255.0,160.0,0.025849,1.0,0.0
CJ105.XZCE,CJ105,XZCE,郑红枣105,Chinese Jujube 105,2020-12-29,CJ,L2,10025.0,10120.0,10105.0,10180.0,9975.0,10070.0,10100.0,31648.0,1593860000.0,21777.0,75.0,45.0,0.007481300000000001,1.0,0.0
CJ105.XZCE,CJ105,XZCE,郑红枣105,Chinese Jujube 105,2020-12-30,CJ,L2,10070.0,10100.0,10100.0,10220.0,10085.0,10145.0,10145.0,30648.0,1554930000.0,22752.0,75.0,75.0,0.00744786,1.0,0.0
CJ105.XZCE,CJ105,XZCE,郑红枣105,Chinese Jujube 105,2020-12-31,CJ,L2,10145.0,10145.0,10145.0,10270.0,10145.0,10205.0,10170.0,27076.0,1381820000.0,22707.0,25.0,60.0,0.00246427,1.0,0.0
CJ105.XZCE,CJ105,XZCE,郑红枣105,Chinese Jujube 105,2021-01-04,CJ,L2,10205.0,10170.0,10190.0,10195.0,10050.0,10125.0,10150.0,18990.0,961318000.0,21856.0,-55.0,-80.0,-0.00538951,1.0,0.0
CJ105.XZCE,CJ105,XZCE,郑红枣105,Chinese Jujube 105,2021-01-05,CJ,L2,10125.0,10150.0,10160.0,10210.0,10085.0,10135.0,10145.0,15957.0,808731000.0,22073.0,20.0,10.0,0.00197531,1.0,0.0
CJ105.XZCE,CJ105,XZCE,郑红枣105,Chinese Jujube 105,2021-01-06,CJ,L2,10135.0,10145.0,10175.0,10195.0,10085.0,10120.0,10105.0,12977.0,656740000.0,21598.0,-30.0,-15.0,-0.00296004,1.0,0.0
CJ105.XZCE,CJ105,XZCE,郑红枣105,Chinese Jujube 105,2021-01-07,CJ,L2,10120.0,10105.0,10125.0,10185.0,10010.0,10110.0,10180.0,23558.0,1190820000.0,23258.0,60.0,-10.0,0.00592885,1.0,0.0
CJ105.XZCE,CJ105,XZCE,郑红枣105,Chinese Jujube 105,2021-01-08,CJ,L2,10110.0,10180.0,10200.0,10445.0,10160.0,10310.0,10315.0,57666.0,2973000000.0,27708.0,205.0,200.0,0.020277,1.0,0.0
CJ105.XZCE,CJ105,XZCE,郑红枣105,Chinese Jujube 105,2021-01-11,CJ,L2,10310.0,10315.0,10290.0,10425.0,10170.0,10300.0,10315.0,39209.0,2019650000.0,25941.0,5.0,-10.0,0.00048497,1.0,0.0
CJ105.XZCE,CJ105,XZCE,郑红枣105,Chinese Jujube 105,2021-01-12,CJ,L2,10300.0,10315.0,10340.0,10380.0,10255.0,10320.0,10305.0,24132.0,1245420000.0,28824.0,5.0,20.0,0.00048544,1.0,0.0
CJ105.XZCE,CJ105,XZCE,郑红枣105,Chinese Jujube 105,2021-01-13,CJ,L2,10320.0,10305.0,10280.0,10325.0,10200.0,10265.0,10295.0,21133.0,1084540000.0,27462.0,-25.0,-55.0,-0.00242248,1.0,0.0
CJ105.XZCE,CJ105,XZCE,郑红枣105,Chinese Jujube 105,2021-01-14,CJ,L2,10265.0,10295.0,10305.0,10320.0,10170.0,10250.0,10200.0,25340.0,1298870000.0,24698.0,-65.0,-15.0,-0.0063322,1.0,0.0
CJ105.XZCE,CJ105,XZCE,郑红枣105,Chinese Jujube 105,2021-01-15,CJ,L2,10250.0,10200.0,10210.0,10285.0,10165.0,10230.0,10255.0,21142.0,1081250000.0,25257.0,5.0,-20.0,0.0004878,1.0,0.0
CJ105.XZCE,CJ105,XZCE,郑红枣105,Chinese Jujube 105,2021-01-18,CJ,L1,10230.0,10255.0,10275.0,10420.0,10270.0,10355.0,10350.0,34431.0,1782360000.0,29438.0,120.0,125.0,0.011730200000000001,1.0,0.0
CJ105.XZCE,CJ105,XZCE,郑红枣105,Chinese Jujube 105,2021-01-19,CJ,L1,10355.0,10350.0,10335.0,10390.0,10250.0,10310.0,10255.0,19877.0,1024670000.0,25993.0,-100.0,-45.0,-0.00965717,1.0,0.0
CJ105.XZCE,CJ105,XZCE,郑红枣105,Chinese Jujube 105,2021-01-20,CJ,L1,10310.0,10255.0,10285.0,10325.0,10235.0,10270.0,10250.0,13443.0,690390000.0,25523.0,-60.0,-40.0,-0.00581959,1.0,0.0
CJ105.XZCE,CJ105,XZCE,郑红枣105,Chinese Jujube 105,2021-01-21,CJ,L1,10270.0,10250.0,10240.0,10270.0,10200.0,10235.0,10205.0,14350.0,734353000.0,24437.0,-65.0,-35.0,-0.00632911,1.0,0.0
CJ105.XZCE,CJ105,XZCE,郑红枣105,Chinese Jujube 105,2021-01-22,CJ,L1,10235.0,10205.0,10225.0,10340.0,10190.0,10285.0,10330.0,24825.0,1276710000.0,26402.0,95.0,50.0,0.00928188,1.0,0.0
CJ105.XZCE,CJ105,XZCE,郑红枣105,Chinese Jujube 105,2021-01-25,CJ,L1,10285.0,10330.0,10325.0,10330.0,10200.0,10250.0,10255.0,17902.0,917441000.0,23832.0,-30.0,-35.0,-0.00291687,1.0,0.0
CJ105.XZCE,CJ105,XZCE,郑红枣105,Chinese Jujube 105,2021-01-26,CJ,L1,10250.0,10255.0,10250.0,10295.0,10205.0,10250.0,10250.0,12159.0,623124000.0,24085.0,0.0,0.0,0.0,1.0,0.0
CJ105.XZCE,CJ105,XZCE,郑红枣105,Chinese Jujube 105,2021-01-27,CJ,L1,10250.0,10250.0,10280.0,10370.0,10260.0,10315.0,10315.0,22114.0,1140500000.0,24806.0,65.0,65.0,0.00634146,1.0,0.0
CJ105.XZCE,CJ105,XZCE,郑红枣105,Chinese Jujube 105,2021-01-28,CJ,L1,10315.0,10315.0,10295.0,10355.0,10275.0,10315.0,10310.0,14262.0,735475000.0,24909.0,-5.0,0.0,-0.00048473,1.0,0.0
CJ105.XZCE,CJ105,XZCE,郑红枣105,Chinese Jujube 105,2021-01-29,CJ,L1,10315.0,10310.0,10310.0,10350.0,10245.0,10305.0,10285.0,16942.0,872924000.0,23505.0,-30.0,-10.0,-0.00290839,1.0,0.0
CJ105.XZCE,CJ105,XZCE,郑红枣105,Chinese Jujube 105,2021-02-01,CJ,L1,10305.0,10285.0,10260.0,10265.0,10095.0,10200.0,10150.0,32035.0,1633460000.0,19219.0,-155.0,-105.0,-0.015041200000000001,1.0,0.0
CJ105.XZCE,CJ105,XZCE,郑红枣105,Chinese Jujube 105,2021-02-02,CJ,L1,10200.0,10150.0,10160.0,10215.0,10125.0,10175.0,10200.0,10280.0,523116000.0,18092.0,0.0,-25.0,0.0,1.0,0.0
CJ105.XZCE,CJ105,XZCE,郑红枣105,Chinese Jujube 105,2021-02-03,CJ,L1,10175.0,10200.0,10205.0,10250.0,10170.0,10220.0,10240.0,12683.0,648200000.0,18162.0,65.0,45.0,0.00638821,1.0,0.0
CJ105.XZCE,CJ105,XZCE,郑红枣105,Chinese Jujube 105,2021-02-04,CJ,L1,10220.0,10240.0,10245.0,10300.0,10205.0,10245.0,10255.0,9720.0,497989000.0,17983.0,35.0,25.0,0.00342466,1.0,0.0
CJ105.XZCE,CJ105,XZCE,郑红枣105,Chinese Jujube 105,2021-02-05,CJ,L1,10245.0,10255.0,10255.0,10290.0,10110.0,10190.0,10125.0,16160.0,823380000.0,16870.0,-120.0,-55.0,-0.011713,1.0,0.0
CJ105.XZCE,CJ105,XZCE,郑红枣105,Chinese Jujube 105,2021-02-08,CJ,L1,10190.0,10125.0,10135.0,10150.0,10050.0,10105.0,10135.0,13857.0,700049000.0,15887.0,-55.0,-85.0,-0.00539745,1.0,0.0
CJ105.XZCE,CJ105,XZCE,郑红枣105,Chinese Jujube 105,2021-02-09,CJ,L1,10105.0,10135.0,10135.0,10150.0,9950.0,10065.0,9975.0,9424.0,474173000.0,16403.0,-130.0,-40.0,-0.0128649,1.0,0.0
CJ105.XZCE,CJ105,XZCE,郑红枣105,Chinese Jujube 105,2021-02-10,CJ,L1,10065.0,9975.0,9975.0,10040.0,9915.0,9985.0,10010.0,12576.0,627777000.0,15249.0,-55.0,-80.0,-0.00546448,1.0,0.0
CJ105.XZCE,CJ105,XZCE,郑红枣105,Chinese Jujube 105,2021-02-18,CJ,L1,9985.0,10010.0,10065.0,10095.0,9965.0,10015.0,10015.0,7935.0,397312000.0,16229.0,30.0,30.0,0.00300451,1.0,0.0
CJ105.XZCE,CJ105,XZCE,郑红枣105,Chinese Jujube 105,2021-02-19,CJ,L1,10015.0,10015.0,10040.0,10150.0,10015.0,10100.0,10125.0,15798.0,797685000.0,16303.0,110.0,85.0,0.0109835,1.0,0.0
CJ105.XZCE,CJ105,XZCE,郑红枣105,Chinese Jujube 105,2021-02-22,CJ,L1,10100.0,10125.0,10145.0,10400.0,10130.0,10290.0,10395.0,23792.0,1224140000.0,18211.0,295.0,190.0,0.029207900000000002,1.0,0.0
CJ105.XZCE,CJ105,XZCE,郑红枣105,Chinese Jujube 105,2021-02-23,CJ,L1,10290.0,10395.0,10365.0,10510.0,10330.0,10425.0,10380.0,26808.0,1397500000.0,20855.0,90.0,135.0,0.00874636,1.0,0.0
CJ105.XZCE,CJ105,XZCE,郑红枣105,Chinese Jujube 105,2021-02-24,CJ,L1,10425.0,10380.0,10390.0,10450.0,10340.0,10385.0,10365.0,13933.0,723497000.0,21345.0,-60.0,-40.0,-0.0057554,1.0,0.0
CJ105.XZCE,CJ105,XZCE,郑红枣105,Chinese Jujube 105,2021-02-25,CJ,L1,10385.0,10365.0,10400.0,10475.0,10375.0,10430.0,10450.0,22787.0,1188080000.0,23500.0,65.0,45.0,0.00625903,1.0,0.0
