,real_return,return,pred
0,0.03884026,1.1273903014829587,0.3973407214459315
16,0.04342581,1.2948566641770385,0.41925356039357
61,0.03701528,1.060741205389918,0.39539121778149733
143,0.00221402,-0.21021657053030204,0.42315809001880345
148,0.05097087,1.570405672367679,0.45596502336551004
152,0.06018519,1.9069168117292197,0.38924919596817764
213,,-6.335288696053178e-17,0.38924919596817764
239,0.01923077,0.4112428459790545,0.3841872041024606
245,0.02885482,0.7627175104982412,0.4266044410131708
248,0.05008636,1.5381029665926815,0.5047591908684211
321,0.0,-0.2910735836109459,0.41047424867462345
369,0.01265823,0.17121070862119195,0.4342497935175573
380,-0.01280228,-0.7586186470801396,0.42646143150026383
421,0.00240385,-0.20328389296049754,0.42620936042953605
441,-0.06490179,-2.661316346994835,0.431233939010792
453,0.04761905,1.447995688002604,0.45554776678915854
472,0.05188285,1.6037115949832317,0.4472015990652054
578,0.00507614,-0.10569065193951598,0.4405154969718072
643,-0.05140759,-2.1685020517703903,0.5149128052348207
656,0.0067402,-0.04491842712358109,0.41894911579738586
668,0.01105845,0.11278601851624602,0.4205251964483566
774,0.02956522,0.7886616402226743,0.5060179023307463
865,-0.01439885,-0.8169261065313477,0.5124572188773989
869,-0.05081839,-2.146984200934754,0.46330014224349186
900,0.00254669,-0.19806731147142376,0.4569350020028192
920,0.0030581,-0.1793903866651564,0.4184343103165692
941,-0.00373483,-0.4274712666327708,0.41001504391324933
966,0.01379532,0.21273775038407994,0.4695958861784929
1011,-0.00143472,-0.34347020776387194,0.4537795934219419
1138,-0.01557093,-0.8597309989404321,0.5092004704627802
1203,-0.003156,-0.4063321328934781,0.4488608320238729
1211,0.0016190000000000002,-0.23194697040168746,0.428948593730583
1235,-0.00377358,-0.42888643418178796,0.41001504391324933
1248,-0.00358423,-0.4219712864293648,0.4450262600915435
1251,-0.008361200000000001,-0.5964283942133248,0.49264436904050574
1334,-0.00985222,-0.6508811198632745,0.3963971634084981
1360,0.00600601,-0.07173137842197852,0.4803313441839633
1365,0.01280992,0.17675049611823487,0.4941750301247484
1367,0.009000000000000001,0.03761049228981127,0.42546561039646186
1,0.05060241,1.0602827030973998,0.4162567939650676
17,0.01417004,0.3043778528544602,0.46631792284096196
27,0.0,0.010375514710209165,0.4731615884057119
71,-0.05945367,-1.2231790829660651,0.4559601119840155
96,0.07915458,1.6526878578529365,0.4789219069229059
108,0.04076087,0.8560888002615454,0.501046733507826
164,-0.01766784,-0.3561997574808731,0.428591519329365
188,0.15895544,3.308409325535598,0.4176479143405383
189,,-8.998082538420917e-18,0.38924919596817764
192,0.04408714,0.925102801442846,0.38924919596817764
195,0.06206267,1.29806207674356,0.4197998774110284
197,0.07753051,1.6189913843560415,0.4347851114312116
199,-0.077101,-1.5893288102782803,0.42036543927039965
218,0.0101626,0.22123082363133886,0.47764439153103955
222,-0.02555168,-0.5197749762914885,0.4466882856806016
229,-0.04918033,-1.0100261221733742,0.46627596048415726
243,0.004885199999999999,0.11173445387356333,0.4961796774684093
270,-0.00226757,-0.0366724034259259,0.4999770077953942
271,0.01815505,0.3870595007205369,0.387582266557031
274,0.08120869,1.695306872535004,0.5220005557070307
280,-0.00400855,-0.07279454497685857,0.4527295967885973
289,-0.03589965,-0.7344763726916795,0.47674417720479456
292,-0.1443747,-2.985134686310733,0.38213653744311776
328,0.01346154,0.28967777744357903,0.49502624014399943
342,-0.01704545,-0.3432863066199299,0.46615025576408897
379,-0.02026049,-0.409992489328468,0.46598721914999935
384,0.05052632,1.0587039751679521,0.42055263680844623
397,0.02051282,0.4359789034043946,0.4652804151902394
398,-0.00307692,-0.053464931349421485,0.4443145374683396
426,-0.01473684,-0.29538688376274674,0.4443145374683396
437,-0.01488006,-0.2983584360568136,0.39013962947238157
439,-0.00539957,-0.10165565845327898,0.4924264971472841
452,-0.00704225,-0.1357382553141769,0.3705077819151307
465,-0.00634921,-0.12135894654528905,0.5061467299022983
470,-0.05186972,-1.0658260315724843,0.41016363337022554
471,0.02328042,0.493401526844274,0.4664281609638678
480,-0.0442029,-0.9067535796858908,0.4006122600630236
482,,-8.998082538420917e-18,0.38924919596817764
484,,-8.998082538420917e-18,0.38924919596817764
502,-0.14978602,-3.0974096504214024,0.43883818189461943
525,0.04078303,0.8565485796138461,0.419860784103867
530,-0.0307971,-0.6286078197096171,0.4211507504396
575,-0.00282087,-0.048152363517443925,0.5070634039999647
582,-0.13636364,-2.818919885857532,0.4697020342305637
588,0.01620948,0.3466924919454515,0.4988908638042469
592,0.0,0.010375514710209165,0.47329443823600603
604,,-8.998082538420917e-18,0.38924919596817764
608,0.0,0.010375514710209165,0.4540071754740808
625,-0.02560455,-0.5208719318129751,0.43871879508435924
650,-0.03495763,-0.7149311856224374,0.4712892505998891
676,0.05190456,1.087299927086502,0.4386722244887649
680,0.02434457,0.5154806873926002,0.4484117877702837
682,0.01397787,0.3003906778485194,0.4527295967885973
686,-0.03448276,-0.7050785041681464,0.4170273408679337
687,-0.0113805,-0.22574898523831946,0.48239009042912423
691,-0.12609117,-2.6057849759690157,0.4972194848192423
731,-0.01220657,-0.2428884224926124,0.3637781762784836
741,0.04456522,0.9350220845090904,0.47371302511235935
744,-0.0509915,-1.0476045774760214,0.38924919596817764
753,-0.01234568,-0.2457746998255802,0.4903995393586296
760,-0.03453947,-0.7062551326459885,0.454112816691782
766,0.02470741,0.5230089518415545,0.4724227273296482
790,0.02087475,0.4434882870225459,0.44899604740024784
795,-0.0607751,-1.2505963315902011,0.4704565676337271
803,0.00350877,0.08317605613496191,0.4446684985842352
821,-0.08205591,-1.6921341040738047,0.3823859652430687
826,0.00135501,0.03848948673914074,0.41850193734743774
861,0.1007667,2.1010997051204194,0.43926670677169066
863,0.03561644,0.7493513140992318,0.39258581961974565
866,-0.01639344,-0.3297582950904329,0.43451145950260456
888,-0.03667275,-0.7505167796079141,0.4881667986310819
968,-0.01764706,-0.3557686105972625,0.47132083002571784
974,0.01802451,0.3843510351677685,0.46598721914999935
975,0.04142357,0.869838609682563,0.46598721914999935
976,-0.02187721,-0.4435364638073384,0.44907858078688867
978,0.02426372,0.5138031981943366,0.3958499604657121
979,0.01616628,0.3457961711864536,0.4527295967885973
984,0.06646526,1.3894077436499694,0.4443324449437871
988,0.03465127,0.7293258069936281,0.4318829788249454
1020,0.0,0.010375514710209165,0.38924919596817764
1035,-0.00776836,-0.15080370592334402,0.4697302660055692
1076,0.01191997,0.2576930276183821,0.46725751323085196
1079,0.04290822,0.900642373915117,0.43499965847001326
1117,-0.00692308,-0.13326569640561697,0.5070634039999647
1146,0.00858369,0.1884713372982489,0.40070119945516447
1153,-0.03231492,-0.6600998005990222,0.4197998774110284
1175,,-8.998082538420917e-18,0.38924919596817764
1256,0.06300268,1.3175655599997105,0.4588725616814859
1257,-0.02245509,-0.4555264138121937,0.42143780687938764
1272,0.07686703,1.6052253913657646,0.4527295967885973
1289,0.01262626,0.27234724958302753,0.43451145950260456
1327,0.00888325,0.19468665782059685,0.5025565424118755
1346,0.00650407,0.1453230369087265,0.4135016008567961
1347,-0.03349282,-0.6845390649977191,0.39787793765025353
1353,0.0306644,0.646605567539317,0.42646143150026383
1368,-0.03547897,-0.7257480343376226,0.4228548922986141
2,0.0,-0.31057911080646183,0.49401085510646386
3,0.00995025,-0.05496718903779865,0.5093076645080409
13,0.00777202,-0.11092372845682384,0.4540548776757146
36,0.00215517,-0.25521495961044466,0.4540548776757146
60,0.03084833,0.4818834820584314,0.418269052714731
65,-0.00957854,-0.5566421762709487,0.4347851114312116
70,-0.01006711,-0.5691930485222505,0.4045429017771688
77,0.0344425,0.5742140969538638,0.51788204890122
87,0.02808691,0.4109453776881471,0.4671494255090367
147,0.04428904,0.8271618130586865,0.4245137268331278
161,-0.03684938,-1.257202646675786,0.46917377035663627
202,0.09645453,2.16724082101366,0.47487793739307316
212,0.01369863,0.041324925765268736,0.4282598407353734
242,-0.03084223,-1.1028850008023028,0.4540548776757146
250,-0.00443459,-0.42449927081812944,0.4445693471117227
256,0.13496933,3.1566473228136864,0.37956430524709256
277,0.02692308,0.3810477547226917,0.5012125526507769
302,-0.01633606,-0.7302360732675244,0.5132276657682596
305,0.01055409,-0.03945514634130465,0.40650719010929215
306,0.0130814,0.025468907426707203,0.43756996988310914
312,-0.01705238,-0.7486376141133653,0.4168332687133476
320,0.00931966,-0.07116641234857993,0.4794780531967421
345,0.03945746,0.7030433789510976,0.4540548776757146
350,,-4.45633025734677e-17,0.38924919596817764
366,0.00181818,-0.2638718940107685,0.4208962744572611
377,0.01982161,0.19861812792110287,0.4143858114688713
391,0.03305785,0.5386438301287108,0.44576331758880994
400,-0.0006566,-0.32744650487528465,0.4245196892335335
420,0.03710938,0.6427235637437849,0.42997184879098493
428,0.00109051,-0.2825650049490266,0.4791905212643948
435,0.00813008,-0.10172552693339604,0.41484403625194094
444,-0.06485356,-1.9766018846201152,0.4195484201582713
447,,-4.45633025734677e-17,0.38924919596817764
508,0.00552147,-0.16873809598894265,0.4764863723218581
509,0.02432432,0.31428822226717235,0.4282598407353734
531,0.02976996,0.4541812405994055,0.4540548776757146
574,0.02660068,0.3727656227583474,0.4245196892335335
610,,-4.45633025734677e-17,0.38924919596817764
628,-0.00441501,-0.4239962802974661,0.43260741687119525
662,0.0,-0.31057911080646183,0.42134887722527586
696,0.0744382,1.6016634313407303,0.4403910067051159
700,-0.00178412,-0.3564113604349543,0.35778154723492966
712,-0.00530152,-0.4467698311898696,0.47970500683400963
722,-0.00383877,-0.40919325386094707,0.520838190431567
755,0.04192872,0.7665275645534722,0.4961796774684093
769,-0.03058824,-1.0963602529808891,0.4205251964483566
860,0.0440806,0.8218071989561805,0.42807331243128166
864,-0.00265957,-0.3789007910434693,0.45482597628262744
878,0.02545455,0.34332269500309315,0.4274868954759076
885,0.041019,0.7431577720888216,0.4704565676337271
959,0.08125577,1.7767999524826499,0.46587803505380376
1024,0.0,-0.31057911080646183,0.4882314987340879
1043,-0.01326053,-0.6512287987008374,0.4540548776757146
1102,0.0,-0.31057911080646183,0.48045743137186747
1107,0.01709402,0.1285490822491864,0.41925356039357
1123,-0.02564103,-0.969271400389934,0.412386367080769
1134,0.0,-0.31057911080646183,0.5129684102866967
1150,,-4.45633025734677e-17,0.38924919596817764
1152,-0.04720617,-1.5232581724419194,0.4498184416501315
1189,-0.14976,-4.157762991018013,0.4197998774110284
1199,0.01897533,0.1768780452945976,0.41316767109012204
1207,0.05183312,1.0209616459047497,0.4403910067051159
1249,0.0,-0.31057911080646183,0.3885851020634975
1266,0.00139276,-0.27480050623245383,0.45450688741089756
1299,0.00224719,-0.2528510582972965,0.4540548776757146
1306,0.10341151,2.345958644938301,0.4639826342417352
1312,0.08422665,1.8531188737302653,0.4639826342417352
1316,-0.01969561,-0.8165395361732717,0.4347851114312116
1366,0.00406504,-0.20615231886992896,0.4045429017771688
4,0.03970223,1.3944297098923188,0.44637516215130185
141,0.03542234,1.1558605728362794,0.452604447128983
157,0.01058201,-0.2287862503968513,0.45245223315663674
260,0.01192146,-0.15412278226339185,0.4618050398092446
261,0.0015674,-0.7312776061552335,0.3973407214459315
303,0.00461361,-0.5614761180348665,0.4471696292383481
304,-0.00898588,-1.319537328416964,0.4684792175327356
367,0.03195105,0.9623643241543608,0.41894911579738586
467,0.01644737,0.09815997338997742,0.40519010651959997
585,0.01507538,0.021682664312053616,0.42107874271990786
594,0.00136054,-0.7428083725280636,0.5120521501590475
665,-0.00309406,-0.9911161743476976,0.3962865850218602
667,0.01190476,-0.15505367174626075,0.4342497935175573
770,0.07369759,3.289395164403859,0.47546583160725114
964,0.01871658,0.22465001670859894,0.44744816039515656
1064,0.01490313,0.012081124586055404,0.5112687653601407
1069,0.01492537,0.013320824112941904,0.49247676831852394
1099,0.0,-0.8186474370204276,0.3958499604657121
1145,0.01351351,-0.065378913927975,0.4214279513571275
1246,0.00418994,-0.5850922825382842,0.43386508884929126
1359,0.0,-0.8186474370204276,0.5120521501590475
5,-0.00821693,-0.12062150616085796,0.4499962637759326
57,0.0,0.09626718513030573,0.44906981191878304
92,,2.289431116345569e-17,0.4018375119862699
124,-0.03333333,-0.7835775160021712,0.40650719010929215
133,-0.0125,-0.23367461078855276,0.43319553954978596
155,-0.08422072,-2.12676766370004,0.3841872041024606
170,0.07357974,2.038429709837719,0.5138253757376676
204,0.09540636,2.6145508459687967,0.41078054664853547
224,-0.01908397,-0.4074607616746236,0.48761853867792226
232,-0.08992506,-2.2773356784305823,0.46325339938282173
233,-0.03585147,-0.8500446867201804,0.45596502336551004
240,0.06568365,1.830009700610764,0.42487941531960827
249,-0.06406685,-1.5947993386988233,0.38924919596817764
262,0.0,0.09626718513030573,0.40650719010929215
285,0.00793651,0.30575409414854404,0.4720007307611942
324,,2.289431116345569e-17,0.38924919596817764
371,-0.00489396,-0.0329105709940988,0.46092069447864004
425,-0.02331962,-0.5192621991053206,0.501046733507826
436,-0.01631321,-0.33432559923781274,0.4540548776757146
462,0.03344262,0.9789966333728604,0.446494478987927
584,0.01186709,0.40950310408476376,0.41894911579738586
589,-0.023558900000000004,-0.525578076939518,0.45794088547898343
617,-0.00462428,-0.02579227471222697,0.38924919596817764
653,0.007795100000000002,0.3020215285996732,0.4865621206146835
663,-0.00504032,-0.03677379349415353,0.46369988258130734
670,-0.00652884,-0.07606379045904467,0.4291768048051797
698,0.01937618,0.6077081153100711,0.46334692227335794
751,0.06823028,1.8972288746700312,0.49496292004342884
762,0.02065728,0.6415231900902031,0.4100060980538043
773,0.0233463,0.7125007971351414,0.4405154969718072
802,0.02034884,0.633381810287546,0.5073769493388096
855,0.01095462,0.3854181448429973,0.4206512879162311
870,0.01080159,0.38137886540064025,0.5079567502872209
883,-0.00027009,0.08913806675752775,0.5069340749228486
884,-0.07755007,-1.950693564424349,0.48174851256250734
898,-0.01657459,-0.3412248141671944,0.40352606357299015
915,0.02835249,0.8446409026800238,0.4577832091655564
938,0.00953778,0.3480201661126233,0.4421277524336154
954,,2.289431116345569e-17,0.38924919596817764
969,0.00721501,0.28670985368810753,0.5243505784843964
970,-0.01086957,-0.190638850602954,0.384277426739348
991,-0.06707787,-1.6742762464066314,0.4405154969718072
1029,-0.00696517,-0.08758087076410669,0.44430069913044995
1033,-0.00412371,-0.012579557529578742,0.44482585500428845
1045,-0.01618123,-0.3308419417797831,0.454112816691782
1122,0.0323089,0.9490717043433302,0.4661167261870215
1133,-0.07837302,-1.972415612500463,0.41670676514083976
1157,-0.008885299999999999,-0.13826336201192088,0.5087463055294483
1222,-0.00616016,-0.06633235515349548,0.5006230303337341
1247,0.04329725,1.2391129789981292,0.5306620837014653
1284,-0.05632017,-1.390323057770127,0.36100787153654995
1371,0.01198157,0.412524843028507,0.4206512879162311
6,-0.07883495,-0.3061213935199378,0.49592079209772155
158,-0.04850746,0.2791611458460102,0.47546583160725114
211,-0.04969419,0.2562587444952308,0.4843445472171853
317,-0.18479532,-2.3510237057704875,0.4534949171645821
335,-0.05809129,0.09420524084854584,0.486259346732198
424,-0.12009656,-1.1024187422002076,0.41265351284556123
532,0.00072228,1.2292334149169222,0.3852731886121346
544,-0.05873926,0.0817002321243502,0.4802916980169506
571,-0.0722807,-0.17963258473163174,0.4513287972896096
649,0.04451138,2.074308152211352,0.47357550884133176
703,-0.00233508,1.1702301995319404,0.5225218543003596
727,-0.09504132,-0.6188840186994076,0.4202982404072459
740,-0.04996308,0.25106950456768945,0.38924919596817764
743,,0.0,0.4018375119862699
752,-0.06092437,0.03953034831286679,0.41265351284556123
921,-0.11674641,-1.0377650468480095,0.46864658789005087
1001,-0.11135857,-0.9337864888830272,0.43807864439473787
1137,-0.08248588,-0.3765797658233272,0.5157604260083098
1231,0.04494382,2.082653702117506,0.42346140715919417
1244,-0.04946996,0.2605861024072118,0.3934789684399491
1252,-0.11061286,-0.9193952206827708,0.4250420455479028
1315,-0.06262708,0.00667017977917689,0.4381532299587168
7,0.01626016,0.5784926187812889,0.41110293606872206
22,0.00124688,0.256872923954897,0.45767128942086344
35,-0.0021322,0.18448509941595784,0.35916861327171745
49,0.02439024,0.7526580142521091,0.4465174871552422
58,-0.02006689,-0.19971805436562368,0.46598721914999935
59,0.03229167,0.9219251900652624,0.4660067893124929
84,0.01544799,0.5610940311610519,0.4807091404605303
86,0.02839644,0.8384802210858915,0.3760499462646393
94,0.01006289,0.44573254995177575,0.4882923896050946
103,,7.432369674739144e-17,0.38924919596817764
123,-0.00857756,0.046410360501727733,0.42573439333893354
128,0.01306241,0.509989308436641,0.42393612634517797
150,0.02442002,0.7532959717478679,0.43562803471209655
151,0.02415459,0.7476098381649487,0.46126805033592966
159,-0.00376884,0.14942442930651706,0.4379522758572702
191,-0.06977992,-1.2646878369511256,0.3814711246068196
216,-0.05368421,-0.9198799509852272,0.42731722765570757
219,-0.01428571,-0.07587160992866916,0.43508300028399083
365,-0.06653619999999999,-1.1951997413116473,0.3646451308863793
414,-0.18446602,-3.7215332753116344,0.47546583160725114
457,0.00375469,0.3105961001617335,0.481914110895361
473,0.04812834,1.261183831246022,0.4932540247888755
483,0.0017094,0.2667811879219384,0.5074097570963144
492,-0.04270987,-0.6847838306357056,0.43508300028399083
497,,7.432369674739144e-17,0.4018375119862699
499,-0.10814058,-2.0864632093240503,0.4018375119862699
500,0.00557103,0.3495063660397408,0.42744385343050756
512,-0.16949153,-3.400744553328107,0.46598721914999935
590,-0.00502828,0.12244426851206365,0.44230699682915686
632,-0.0265252,-0.3380702126744167,0.4829165109184257
669,0.00527506,0.3431659939772889,0.41110293606872206
672,-0.06348449,-1.1298249505331737,0.4617995788956553
732,0.00657895,0.3710983780990254,0.45985120131804047
748,0.0035524000000000007,0.3062625735728448,0.4171886564499966
781,-0.04596316,-0.7544769381366484,0.5209025331293229
788,-0.05948276,-1.044098501590796,0.4515257117601241
806,0.00595238,0.35767577809507073,0.46504528479050716
828,0.1042471,2.4633793851313506,0.5011961055812422
872,0.01525054,0.5568641887319844,0.43508300028399083
874,0.0109589,0.4649271871504023,0.44498983282607535
890,,7.432369674739144e-17,0.4018375119862699
906,0.02739726,0.8170754403400029,0.48411794941612113
962,-0.03566711,-0.5339113815815669,0.380103159522726
998,,7.432369674739144e-17,0.38924919596817764
1040,0.00238379,0.2812282045628037,0.4446052554893223
1080,0.04978387,1.2966491694916242,0.4153984052161999
1094,-0.02616368,-0.3303256057614944,0.45602202004681663
1112,-3.68e-06,0.23008299360242954,0.4329221217886292
1144,0.01508916,0.5534070503617494,0.45641243276223087
1163,0.00258231,0.28548096890323665,0.5074097570963144
1198,0.00490566,0.3352525789694512,0.3948958360361546
1260,0.02653525,0.7986091629417729,0.4458916801593399
1261,-0.06095754,-1.0756917506034078,0.4329221217886292
1277,-0.03669299,-0.5558881389942375,0.4470848653469357
1293,0.03675946,1.0176357380833103,0.4534588653548589
1350,-0.02247191,-0.2512392275170849,0.3992500274079107
1369,0.01882353,0.6334060205913616,0.42573439333893354
1377,-0.03906837,-0.6067743537785293,0.44693938427501184
8,0.00739372,-0.1704393362415133,0.39023067949913204
33,0.05691291,0.4874404743598182,0.4186014002511284
47,0.10589411,1.1381728990829598,0.3827461464569121
51,-0.10662824,-1.6852610740201928,0.47112694268388333
74,0.02174421,0.020211957595003462,0.5012503674016655
167,-0.04879648,-0.9169458548992486,0.49592079209772155
171,0.05327181,0.4390671835531531,0.46611597725067183
174,-0.00419413,-0.3243879885372524,0.48130632601021645
194,0.0,-0.26866750017632884,0.4665630799296448
353,0.01212121,-0.10763297317661484,0.37417892818888987
354,0.03244275,0.16234581456864886,0.4901894989243537
431,0.02924768,0.11989818878038383,0.44745982103974463
432,0.05708661,0.4897481397941974,0.48239009042912423
549,,-4.609281984706557e-17,0.4018375119862699
787,-0.06605351,-1.1462115522570104,0.4517527203203678
835,0.23339570000000004,2.832076250098368,0.36723961739248745
854,0.07630522,0.7450741155789559,0.3832705510884948
892,-0.01861832,-0.516018412727907,0.4803313441839633
928,-0.00161421,-0.2901128462950916,0.39013962947238157
983,,-4.609281984706557e-17,0.38924919596817764
995,-0.00150113,-0.28861053882635473,0.5107927886332194
1025,-0.07442597,-1.2574426204361793,0.4132342687566405
1039,0.26688963,3.2770548598998253,0.4465036253670334
1047,0.02941176,0.12207804914004368,0.4796153712210319
1058,-0.02152853,-0.5546815734865967,0.46907593318923463
1118,-0.00847971,-0.38132342222905663,0.4735836919375497
1135,0.03560076,0.2043010852561765,0.3992500274079107
1159,0.06568436,0.6039722646556419,0.45730943033545196
1169,0.04801178,0.3691858397719376,0.511632321984611
1171,-0.01778496,-0.5049469327832082,0.5195546762961323
1262,-0.12770412,-1.9652615332897485,0.40299854847748673
1268,-0.0005962999999999999,-0.2765895548598076,0.46223251426481893
1336,0.10679612,1.1501564183602442,0.4545025233946687
1337,-0.03295311,-0.7064611265568259,0.4470848653469357
1349,-0.02707219,-0.6283310413159005,0.4246430974453374
1364,0.00731707,-0.17145765838051824,0.4652340285993979
9,0.00125,-0.042087187331532536,0.4305952674521825
20,0.056683,1.87233537433666,0.3733026246193955
42,-0.03639241,-1.3420976320046405,0.5149128052348207
45,-0.01674641,-0.6636074610499146,0.3950449146165872
52,,-7.488756157580932e-17,0.4018375119862699
101,0.01038062,0.2732460064342537,0.4581036721233195
110,0.02432778,0.754922224124008,0.424943126700717
140,0.02406015,0.745679410093029,0.42646143150026383
144,-0.01890756,-0.7382444880762206,0.4789784966008508
145,0.01133787,0.30630539339070345,0.5096828155819478
156,0.050393699999999986,1.655129417287614,0.4168787543358941
186,-0.00549451,-0.2750141822875468,0.4755554130940301
201,-0.01006036,-0.4326994284981564,0.38924919596817764
206,-0.07413793,-2.6456690621978107,0.42748274035852546
234,0.00707547,0.15910003328292466,0.45055618507732814
257,-0.00595238,-0.29082708540141433,0.4960784689143976
279,0.0525313,1.7289531264107345,0.4944757279413173
291,-0.00545455,-0.2736341320365364,0.4827873086472669
301,0.02791461,0.878796239184862,0.4216678951739821
351,-0.00350877,-0.20643507854777096,0.4438055533060923
357,0.01280956,0.3571313732182694,0.40291852454114135
390,0.04010816,1.2999101465474292,0.4184343103165692
438,0.04268293,1.3888318678886236,0.41043446307832127
464,-0.00639659,-0.30616822959564205,0.3727676137617196
469,0.0,-0.08525692741569252,0.4152469644922622
477,0.03491272,1.1204815110091508,0.49874940752660735
494,0.0587133,1.942453392970956,0.5021770825672032
524,,-7.488756157580932e-17,0.4018375119862699
540,-0.0127186,-0.5245038524032103,0.40906181739799713
572,0.00790514,0.18775334388742465,0.401467479963032
577,-0.00309119,-0.19201362249629614,0.41047424867462345
603,-0.00271739,-0.17910414342152894,0.49357979779257993
606,-0.0067086,-0.3169437420785691,0.4595095698847098
607,0.02837838,0.8948129034719268,0.41325798395874136
652,0.05497382,1.8133074892510244,0.5011961055812422
661,0.00332226,0.02947995313790857,0.4206512879162311
706,-0.03266332,-1.2133105551642882,0.4617995788956553
715,0.02429907,0.7539307015337551,0.46211932335244627
734,-0.02360877,-0.9006044991010637,0.5087463055294483
738,-0.00891266,-0.393062699942484,0.49357979779257993
758,0.00266667,0.006838633216489004,0.41438271342443034
843,0.0,-0.08525692741569252,0.49513407575913954
875,,-7.488756157580932e-17,0.38924919596817764
924,0.01185771,0.32425847953898324,0.4986124003790983
933,0.06930693,2.3083127958891643,0.4314346352023948
940,0.0,-0.08525692741569252,0.4206512879162311
942,0.00547445,0.10380753946729117,0.5132308162647251
1016,0.0,-0.08525692741569252,0.5020870365640746
1057,-0.03180212,-1.1835683310359053,0.3823859652430687
1087,,-7.488756157580932e-17,0.38924919596817764
1111,0.0191036,0.5745010299217144,0.388658174848757
1136,-0.05776173,-2.0801040241448336,0.41894911579738586
1139,0.01196172,0.32785054727190605,0.40453018220443904
1143,-0.00705219,-0.3288098948749823,0.4396545657830199
1165,,-7.488756157580932e-17,0.4018375119862699
1191,0.01687764,0.497625738211525,0.4728915650563871
1212,0.00291121,0.015284015808633394,0.48618532714632534
1221,0.01164527,0.31692169587220004,0.44093724654075644
1228,0.01028571,0.26996821440914365,0.4328245844812586
1240,-0.1167147,-4.116091537816258,0.38924919596817764
1245,-0.01085482,-0.4601367338639658,0.5023496176124349
1264,0.00117647,-0.04462660412224316,0.48761853867792226
1290,-0.00445293,-0.2390423919860593,0.44098830799628597
1300,0.01231527,0.3400606765573098,0.4550692572182021
1302,0.00591716,0.11909687997341795,0.4518317932270987
1303,-0.02857143,-1.0719938929619095,0.4892422686740555
1304,-0.00291545,-0.18594430239838391,0.44397458482233587
1313,0.00124224,-0.042355185077975005,0.4704565676337271
1320,-0.00553506,-0.27641460865587697,0.4325589468589315
1354,-0.00766284,-0.3498991763008961,0.4205251964483566
1357,0.00373832,0.043848914785441034,0.41110293606872206
1358,-0.04834511,-1.7548935938477914,0.4881667986310819
10,-0.01960784,-0.13004307947401111,0.3823859652430687
37,-0.06442577,-1.3774632686259527,0.44057712693351575
79,-0.00373832,0.3116542421147041,0.4282598407353734
203,0.00330033,0.5075614184250405,0.4498184416501315
244,0.03097345,1.2777890613533147,0.42984503635285226
259,0.01488834,0.8300912100975829,0.45754223664851884
264,0.00366356,0.5176712212496167,0.49942364745504725
265,-0.01282051,0.058869091892150865,0.4134838499512754
281,-0.08766234,-2.024208143827515,0.4316913610400628
333,0.06481481,2.2196977057810905,0.4755917310264093
375,-0.12104689,-2.9534023675623566,0.44098830799628597
446,0.0,0.4157031315103207,0.46598721914999935
463,0.023746700000000003,1.0766464862287206,0.4158754937598746
481,-0.01466544,0.007519042267545441,0.48734887065945603
518,-0.05800464,-1.1987435642761717,0.45554471800692803
536,-0.01913876,-0.11698714711998688,0.48002171682606587
568,-0.00668896,0.22952889837572985,0.4143858114688713
570,-0.00998004,0.1379280672772348,0.48970215261878064
586,0.0,0.4157031315103207,0.4540548776757146
595,-0.06643952,-1.4335120956446201,0.4872843772537912
598,-0.00260417,0.3432211084899846,0.4398443789316338
599,-0.03134378,-0.4566902158918653,0.41676116465203444
621,0.00131926,0.4524221758468304,0.41894911579738586
689,0.06141935,2.125191659753132,0.40850896373800555
714,-0.00693241,0.22275293962330556,0.4205251964483566
726,-0.01459854,0.009381074062727968,0.3978487240204003
729,-0.06425041,-1.372582463011555,0.40519010651959997
750,-0.00974026,0.14460187869500565,0.4202982404072459
776,-0.09082623,-2.1122688878702656,0.47081163035824763
838,-0.10641026,-2.546020148813142,0.46917377035663627
891,0.00097276,0.4427780201363559,0.3973407214459315
907,,4.8282664695341857e-17,0.38924919596817764
914,,4.8282664695341857e-17,0.38924919596817764
972,-0.02654867,-0.3232276257364438,0.4486549097211581
1005,,4.8282664695341857e-17,0.38924919596817764
1075,0.01187825,0.7463111908694667,0.40567868638190446
1084,-0.01119403,0.10413900929466922,0.44074402126712925
1090,0.0225,1.0419470088138618,0.4704565676337271
1093,0.00796989,0.6375295677451082,0.43392319576867705
1160,-0.01383875,0.030528355642126068,0.5020870365640746
1164,-0.01007326,0.13533346931091322,0.40567868638190446
1167,,4.8282664695341857e-17,0.4018375119862699
1170,0.03134921,1.2882476124348958,0.4651782336765242
1172,-0.03679061,-0.6082921687013431,0.4948428878264356
1190,0.00643883,0.594915481043581,0.44899834525407656
1192,-0.01246334,0.06881022636577334,0.42620936042953605
1285,-0.01015219,0.1331366057893324,0.47235079832596694
1323,-0.02321083,-0.23032532069560596,0.4136093370938006
1363,-0.02850627,-0.3777136263679732,0.4396545657830199
1378,0.00674157,0.6033416619953532,0.4445713431050149
1381,-0.0102459,0.13052836962301614,0.4419499615533137
11,0.00125431,0.044381290246133034,0.4294682095007545
23,0.02366864,0.6251811914107468,0.41894911579738586
56,0.00918133,0.2497861554609272,0.4592853783699926
85,-0.07796508,-2.008350773675519,0.4527295967885973
88,-0.04508453,-1.1563502815689892,0.4862640835535118
98,0.04302019,1.1266183669757577,0.4929223877849145
107,-0.06258693,-1.609872300301806,0.38924919596817764
153,-0.01990571,-0.5039169423863504,0.4742922694829315
163,0.004067800000000001,0.11728441578803545,0.4246029276533339
165,0.05141917,1.3442526551246143,0.4246430974453374
185,0.01098901,0.2966267420560763,0.4948428878264356
200,-0.04415011,-1.1321375996085543,0.4731439063967867
254,0.04979734,1.3022278119235997,0.4560707396121946
266,-0.01675978,-0.4223996347946984,0.4205251964483566
282,-0.03740581,-0.9573793635415156,0.42060475388839186
293,-0.01595745,-0.40160966763077227,0.4917657674311316
329,0.00947226,0.25732473079402085,0.39765208886511844
372,0.01787843,0.475145326153014,0.4310312644404417
376,-0.00136986,-0.02361617729535248,0.4310312644404417
382,0.06479807,1.6909265819246235,0.41137257013422723
383,-0.07096513,-1.8269681372925783,0.38924919596817764
392,-0.02423263,-0.6160360513825681,0.42530024902415065
393,0.02792453,0.7354597717371482,0.42646143150026383
394,0.00266134,0.08084023793431494,0.4838148398343984
395,-0.01766562,-0.4458717520728394,0.3881253829130609
396,-0.00867625,-0.21293928398067932,0.42620936042953605
405,,-7.023459039619301e-18,0.38924919596817764
466,0.00746269,0.20525277248059487,0.47661510417534514
478,0.00724638,0.1996477498624342,0.4247587114084691
479,-0.04062159,-1.0407066236544498,0.4484117877702837
485,-0.06897701,-1.7754519911707272,0.4197998774110284
490,-0.02769231,-0.7056832459255765,0.4484117877702837
507,-0.03267974,-0.8349174836237556,0.4031773866772148
521,-0.00220022,-0.045132457546916936,0.43667416224655803
545,0.04301075,1.1263737577874842,0.3637781762784836
565,-0.00542741,-0.1287553734689824,0.38924919596817764
581,0.01030928,0.2790135849008715,0.4730326084736522
583,0.02196715,0.5810921990637715,0.45602202004681663
605,-0.02479339,-0.6305664590537796,0.42302423887945245
646,-0.05851979,-1.5044846081413603,0.45971065952157486
647,-0.04737025,-1.2155778359991232,0.42646143150026383
674,0.0244535,0.6455184761044253,0.4167875237875736
677,0.03075531,0.8088109155910473,0.39286722186806633
679,0.04875218,1.2751456361592022,0.4566620066175772
684,0.00388727,0.11260652418220793,0.4078244989848656
784,0.05176211,1.3531389130723377,0.40519010651959997
824,-0.06262231,-1.610789066518026,0.41894911579738586
840,-0.00582437,-0.13904139713180458,0.46860592310775684
841,-0.01039501,-0.25747577639984565,0.43883818189461943
868,-0.00442478,-0.10277523465132972,0.4070212507720283
880,-0.02897894,-0.7390223899836603,0.43622132531524443
896,0.02677824,0.7057571163954098,0.41137257013422723
904,-0.03759398,-0.9622552227531068,0.44025047224674024
909,-0.00675676,-0.16320147775196472,0.5132308162647251
931,0.05413105,1.41452286333384,0.48180456195816973
950,,-7.023459039619301e-18,0.4018375119862699
973,-0.03776129,-0.9665905578473906,0.49831722875728035
1017,0.03783102,0.992156644357844,0.44837933738535657
1046,0.0,0.011879621714002607,0.4205251964483566
1063,-0.01977401,-0.500504333266052,0.41147891132584263
1065,0.03802281,0.9971263049742602,0.5162618284600641
1070,-0.05419607,-1.3924484175140488,0.4197998774110284
1077,0.03862301,1.0126786815422415,0.5209025331293229
1121,-0.01360843,-0.3407418842157113,0.45905996416233535
1182,0.02626866,0.6925528843868928,0.428427829632621
1187,0.10406938,2.708524385053466,0.44298078767249754
1195,0.02075972,0.5498052846361179,0.5209025331293229
1196,0.00366468,0.1068387742650687,0.4860129219271211
1215,0.02887538,0.7600981876979364,0.46611597725067183
1230,0.00875657,0.23877977846823184,0.42984503635285226
1233,-0.02486559,-0.6324373047522273,0.49874940752660735
1243,,-7.023459039619301e-18,0.38924919596817764
1267,-0.08778173,-2.262719713089171,0.4176479143405383
1321,,-7.023459039619301e-18,0.38924919596817764
1343,0.03238866,0.8511342649201249,0.47217251795633547
1376,0.00856698,0.2338671242304385,0.47858908141106515
1379,0.11764706,3.060349097281972,0.40650719010929215
12,0.02627258,0.30866163864629065,0.3973407214459315
100,-0.04957265,-0.8763380225810585,0.43863630851471813
111,,-1.3551588750905272e-17,0.38924919596817764
113,0.02270484,0.25291956111093,0.47559487621783303
125,,-1.3551588750905272e-17,0.38924919596817764
221,0.04161894,0.5484319103044153,0.3832705510884948
278,-0.00140647,-0.12379357143211317,0.4941401913668531
338,-0.00883002,-0.23977850858774294,0.42646143150026383
358,-0.01984408,-0.4118612798936998,0.47953150471688805
516,-0.14973822,-2.4413166839503275,0.3705077819151307
539,0.04483696,0.5987099912044646,0.409020146233919
556,0.06781915,0.9577818453508962,0.41969263881080815
557,0.07364975,1.048878662181067,0.4440873452448988
593,0.10803034,1.5860381843131297,0.46445543459841726
620,-0.03249097,-0.6094552533786448,0.4975661197732484
673,-0.08513219,-1.4319173629482822,0.47697925759888204
688,-0.07800312,-1.3205333571925342,0.38664701454323347
694,0.03377237,0.4258377433172933,0.5087463055294483
823,-0.04360465,-0.7830944794049771,0.481914110895361
1018,0.09827834,1.4336737350750024,0.5155620672288563
1071,0.06382979,0.8954524114693728,0.4321659931171151
1086,,-1.3551588750905272e-17,0.4018375119862699
1116,0.03254438,0.4066517281388756,0.48332525176794755
1183,0.05502392,0.7578702198561088,0.40567868638190446
1200,0.12623274,1.8704309910001784,0.4755917310264093
1213,-0.08832808,-1.4818496865409445,0.5082563299350273
1218,-0.00581607,-0.19268880065283173,0.4347851114312116
1286,-0.06892589999999997,-1.178711615404868,0.4170380725704021
14,0.01660517,0.4515331690719278,0.4960989170986096
178,-0.13549116,-3.163029991770045,0.4005522177404279
193,-0.0353513,-0.7832102493221329,0.44907008230496614
205,-0.03133025,-0.6876501579122769,0.5107927886332194
217,0.01282051,0.3615908764977929,0.4468343884977266
231,-0.00653595,-0.0984146163389588,0.44867118166044667
255,-0.02615694,-0.5647066539788462,0.49238367483135004
272,0.04821803,1.2028115146102771,0.4638146057113316
276,0.03988604,1.0048021076081244,0.48812815512083446
322,-0.02758621,-0.598673198003259,0.4932138145326373
404,0.0403343,1.015454988466453,0.42559209524434133
422,0.0137931,0.3847044387027672,0.45997972436820295
498,0.02997694,0.7693127449318574,0.387582266557031
548,-0.0865467,-1.999866869797914,0.3973407214459315
579,0.08845888,2.1591336952373026,0.4599224450896177
609,-0.02230483,-0.4731614148694544,0.45641243276223087
630,0.0,0.05691197235062428,0.431076292304638
678,0.02092871,0.5542819231570968,0.46511687662941853
690,-0.00040519,0.04728264830880447,0.4184343103165692
692,0.00909091,0.2729570826075904,0.41137257013422723
693,0.03043022,0.7800849258881398,0.4812486153640291
699,-0.05163636,-1.1702240447772974,0.4823739412521215
711,-0.04846527,-1.094863218558056,0.4265879925812695
763,,0.0,0.38924919596817764
814,0.00643087,0.20974133906949133,0.40821757614947474
871,0.0,0.05691197235062428,0.436497043678179
879,0.01073171,0.3119506285682951,0.4347851114312116
926,0.03211806,0.8201963755555677,0.40913174936229707
992,-0.02825637,-0.6145995234305054,0.5109394011782817
1082,0.01167525,0.33437381869248045,0.5010269928712786
1091,0.01102204,0.3188503093330265,0.49527424217930965
1119,0.01507538,0.4151777712932672,0.4960989170986096
1147,-0.0887574,-2.0524040663211527,0.45094173049824865
1174,-0.01102175,-0.20501947279345,0.4800099635454795
1186,0.00346878,0.13934738943837005,0.476822315400213
1270,0.06520681,1.6065491875419573,0.4739890261540494
1292,-0.02325581,-0.4957614162941929,0.4370335865445031
1372,0.02822273,0.7276240148857044,0.48406717288486295
15,-0.01404494,0.3650799138863465,0.46598721914999935
127,0.01364256,0.8867556660739537,0.4291768048051797
177,-0.11891621,-1.6108586381721512,0.38924919596817764
209,-0.13946588,-1.9980465227575093,0.3992500274079107
314,-0.02278481,0.2004071100480836,0.5133914202076999
339,-0.0075188,0.4880425863335386,0.5047771810920654
340,-0.0487239,-0.2883258664507713,0.41801460797960294
388,-0.04490414,-0.2163556209906852,0.49966106745493355
408,-0.03368083,-0.004890928032321466,0.48579423645896447
423,-0.10416667,-1.332954263493282,0.4653468078038195
460,-0.01771654,0.2959012342752577,0.45997972436820295
474,-0.04643164,-0.24513610718360876,0.4328265355223043
510,0.00463679,0.7170728908584744,0.5107927886332194
513,-0.00541605,0.5276616811565631,0.5067697085819168
564,-0.01247401,0.3946786891236945,0.5046243017147887
567,-0.08135593,-0.9031642879643992,0.38924919596817764
569,0.00788177,0.7782133832226727,0.49496292004342884
614,,-1.3073960078269278e-16,0.38924919596817764
619,-0.17197452,-2.6105600839167384,0.38924919596817764
623,-0.06891026,-0.6686684230893204,0.4671463722341537
685,-0.09516943,-1.163432206802991,0.46915618682774624
708,,-1.3073960078269278e-16,0.4018375119862699
728,0.00769889,0.7747676383356272,0.3623027801924601
735,-0.03053435,0.05439367045953459,0.5195546762961323
809,0.01174743,0.8510484563857081,0.49357979779257993
918,,-1.3073960078269278e-16,0.38924919596817764
919,0.06659329,1.884430136561824,0.4597540053678443
963,-0.07979626,-0.8737776687169245,0.4114270054032468
1015,-0.03498099,-0.0293879734847544,0.5106567723802917
1092,-0.00447578,0.5453778368047596,0.4347851114312116
1103,0.07159353,1.9786424693155416,0.5132414837059242
1176,0.021,1.0253813291412293,0.5132652285922923
1216,0.03662895,1.319855161995496,0.4473645344876427
1278,-0.02864364,0.09001760044305168,0.40987565007818705
1333,-0.09881757,-1.2321688633659054,0.38924919596817764
18,-0.01265823,0.027486690297638314,0.4445407319358919
30,0.04656183,1.006192830850404,0.4447520362538188
31,-0.00773196,0.10890117550790106,0.4559601119840155
138,0.02860697,0.7094600728159605,0.44537744156541037
166,-0.00349181,0.17897643112001646,0.46445543459841726
355,0.01002865,0.4024236418303408,0.4347851114312116
356,0.05409154,1.1306333230346668,0.42646143150026383
403,,0.0,0.38924919596817764
456,0.01746725,0.5253583956471353,0.4750691042227759
627,-0.01315789,0.019229010211049485,0.4318188285796314
791,0.10442478,1.9624705596385488,0.46445543459841726
955,-0.03455724,-0.3344294502639624,0.4205251964483566
987,-0.13243547,-1.9520236358732967,0.38924919596817764
1051,-0.08465011,-1.1622941884440896,0.481914110895361
1066,0.02929688,0.7208619382215132,0.46137708728607346
1120,-0.03585657,-0.3559029551811208,0.5047395315509556
1128,-0.0349406,-0.3407650869729138,0.44565316161169727
1232,,0.0,0.38924919596817764
1242,-0.0981857,-1.3859914465860874,0.3936583230589282
1280,0.04435926,0.9697918413208879,0.4318829788249454
1296,-0.14927835,-2.2303791471745917,0.37845112739123965
19,0.02237522,0.79854947930448,0.4540548776757146
21,0.00910273,0.2542423177206702,0.40290868903147437
117,0.01489028,0.4915907665064201,0.42646143150026383
118,0.03186908,1.1878943564958786,0.5132308162647251
126,0.03432137,1.2884632029806269,0.4321659931171151
131,-0.00625,-0.3753758540664325,0.4702465310252932
236,-0.00208333,-0.20449998066540434,0.4375014247485864
237,0.00273785,-0.0067825364417031814,0.4386551869450369
238,0.01176471,0.3634105881803104,0.4750691042227759
325,0.00311526,0.008695114387443841,0.5001662587542477
336,,0.0,0.4018375119862699
348,0.01256732,0.39632576618826376,0.492831721257916
360,,0.0,0.38924919596817764
413,-0.00462963,-0.3089241938718829,0.428591519329365
427,0.02419355,0.8731195140999619,0.36723961739248745
503,0.02702703,0.9893210298821924,0.49264436904050574
506,-0.05122235,-2.219699879042428,0.3978487240204003
522,-0.02823759,-1.2770908075505607,0.4665855597334903
534,0.0,-0.11906224901577432,0.47370460786086643
537,,0.0,0.38924919596817764
542,-0.01617928,-0.7825773824436164,0.40567868638190446
543,-0.00834725,-0.4613844473772314,0.39428028099148116
554,-0.01070664,-0.5581434484365071,0.4115637654589861
576,-0.0093985,-0.5044963957467521,0.47559487621783303
602,0.0,-0.11906224901577432,0.428591519329365
612,-0.01714286,-0.8220939686123705,0.4396545657830199
613,-0.03044496,-1.3676154415314683,0.3963971634084981
634,,0.0,0.4018375119862699
640,0.00331492,0.016883206288950146,0.4154687913408589
644,-0.00749064,-0.42625471982164026,0.47034084237304263
704,0.03074141,1.1416484104146825,0.3733026246193955
718,0.00936768,0.26510796406597764,0.4426749285789178
719,0.01502446,0.4970935120305317,0.47872337424137407
733,0.00369686,0.032546633219037904,0.41137257013422723
749,-0.00190114,-0.19702833655273566,0.43319553954978596
772,0.01932367,0.6734048742657062,0.4331004252930789
800,-0.01656051,-0.7982116921481704,0.4355322934107577
804,-0.00485437,-0.3181408210077365,0.43319553954978596
833,0.09546539,3.7959902739389535,0.4143858114688713
842,0.00628931,0.13886346608521052,0.5182587349559052
847,0.00851789,0.2302579259162179,0.42620936042953605
903,0.02985075,1.1051222863387753,0.4396545657830199
905,-0.058287800000000015,-2.509455232771256,0.5131211991085942
934,-0.01405622,-0.6955103164694004,0.4496903935109894
935,0.00727651,0.1793487126301721,0.428467818166054
939,,0.0,0.38924919596817764
944,0.00070771,-0.0900389367869101,0.48160717111343804
945,0.02217295,0.7902543508415044,0.40074262812150285
946,-0.01335113,-0.6665944509037733,0.4947622155438107
949,-0.05990783,-2.5758929495056897,0.3637781762784836
1006,-0.02888133,-1.3034906987690105,0.3973407214459315
1012,-0.00577201,-0.3557733996539263,0.4261813155937592
1013,-0.00558659,-0.3481692926701674,0.42081509934342254
1021,0.00655431,0.14973116293935845,0.4718717838442858
1031,-0.00178094,-0.19209891330040132,0.43944301039520406
1049,-0.028,-1.2673471996427228,0.5180640114082208
1050,0.02307692,0.8273263203707274,0.4438124357671395
1055,0.00952381,0.2715108829710272,0.5012125526507769
1060,-0.00533944,-0.3380336274720441,0.37956430524709256
1100,-0.0110538,-0.5723805414172087,0.4809650617414278
1101,-0.02014925,-0.9453865540664904,0.45769455265669395
1125,0.02116402,0.7488779531545027,0.49513407575913954
1202,,0.0,0.38924919596817764
1229,-0.00772201,-0.4357432444297316,0.5057623020408475
1238,0.07465008,2.9423507305234318,0.48618462389083206
1339,0.03877221,1.4709929383252145,0.4548621845451345
1341,0.01551481,0.5172028522283861,0.44618994098711606
1345,-0.00634249,-0.3791688853194142,0.43319553954978596
1352,0.02961373,1.0954020542317182,0.4789219069229059
24,0.04132231,0.11808579734458215,0.44057712693351575
32,0.02134541,-0.2707787763883124,0.45997701435595956
38,-0.0013089,-0.7117610409720491,0.49502624014399943
46,0.08346624,0.9384473837207936,0.4848519900652047
48,0.06723586,0.6225114877498024,0.4891698833032514
75,-0.01283148,-0.9360562599501274,0.4591109556505457
76,,0.0,0.38924919596817764
82,0.01185102,-0.4555938337898038,0.4265879925812695
114,0.03448276,-0.015050910316507328,0.48417638665375823
137,-0.01307199,-0.9407379582430808,0.45432398559879317
172,,0.0,0.4018375119862699
180,0.06646862,0.6075766151944599,0.4112889356281602
181,0.01837061,-0.32868537520697866,0.49463642353437137
196,-0.03910438,-1.447476953812887,0.44928431156728227
228,-0.01920236,-1.0600699725633669,0.43451145950260456
241,0.14310345,2.0993281132268287,0.4480131843021236
296,0.09560618,1.1747599544020764,0.4437911248564462
316,0.02046385,-0.2879389690918835,0.5195546762961323
352,-0.00163399,-0.7180891491507367,0.49778217634501754
378,0.01731025,-0.3493260371416838,0.3832705510884948
385,,0.0,0.38924919596817764
389,0.04274809,0.1458396196061386,0.5047771810920654
433,0.09692308,1.2003943499864187,0.464091760096348
445,0.01925134,-0.3115413390440218,0.47546583160725114
450,0.01372998,-0.4190185403528262,0.46627596048415726
461,0.01277139,-0.4376781768196761,0.5003443912982523
514,-0.00543057,-0.7919922804345111,0.4427123847290343
519,-0.06995192,-2.0479462705140983,0.4149050812610444
523,0.10534236,1.3642816262073478,0.4509301589397976
529,0.04410399,0.17223317794223836,0.4340472758059188
535,0.03714404,0.03675279860649264,0.4184343103165692
553,0.07849011,0.841583472338674,0.4245196892335335
597,0.10497738,1.3571770307935938,0.5092782692270366
601,0.03680982,0.030246968481047295,0.5107927886332194
611,0.04139434,0.11948791254994336,0.45997972436820295
615,0.02925046,-0.1169013530349784,0.4578747722380864
618,-0.01214575,-0.9227080375459578,0.44258770507582224
624,0.00090334,-0.6686982151785145,0.5044980308755167
626,0.00876232,-0.5157175771578335,0.38043400927813936
631,0.03497268,-0.005514268897507443,0.45779971958551535
633,0.01413882,-0.4110601788290184,0.5132308162647251
651,0.03084689,-0.08582570709169368,0.4961796774684093
655,0.02849315,-0.13164293107429673,0.4335416939508948
695,,0.0,0.38924919596817764
742,0.12971342,1.8386816511520991,0.5126476378972716
746,-0.00172117,-0.7197861698865883,0.492831721257916
754,-0.1140625,-2.9065900985760464,0.4250420455479028
780,0.00439078,-0.6008127139736706,0.4671463722341537
782,,0.0,0.38924919596817764
792,0.04723913,0.23326090895620674,0.5195546762961323
797,0.06672227,0.6125140929376206,0.42036543927039965
810,-0.01312336,-0.9417379118471264,0.46029134157189133
822,0.02648617,-0.1707102249081971,0.38924919596817764
829,-0.018598,-1.0483056751107485,0.42884275534325467
830,0.03893805,0.07167447984444995,0.42036543927039965
834,0.01204545,-0.4518091154866194,0.38924919596817764
837,0.01906412,-0.3151857095666891,0.40832014625370555
849,0.05504587,0.3852246582037645,0.5070634039999647
887,,0.0,0.38924919596817764
897,,0.0,0.38924919596817764
901,0.08473118,0.9630703409312564,0.4132342687566405
908,0.12242798,1.6968653773530324,0.4545358165299975
913,0.01169424,-0.4586456680518687,0.4143858114688713
943,0.04374703,0.1652846975353837,0.483798924038045
967,0.03178808,-0.06750477400639691,0.46627596048415726
996,0.08550725,0.9781770957198817,0.5165139571297908
997,0.03968892,0.08629069870117041,0.46434273699001893
1008,0.02047782,-0.2876670331010616,0.4602375065122538
1009,0.020782400000000003,-0.28173816666695195,0.4121256751669561
1022,-0.00131839,-0.7119457705749767,0.41110293606872206
1026,0.02657807,-0.16892132601367127,0.5011961055812422
1028,0.00457875,-0.5971537441673157,0.47546583160725114
1042,-0.11949306,-3.0122998132730663,0.3973407214459315
1052,0.00114548,-0.6639847877756802,0.3920430397101993
1104,-0.00654528,-0.8136909037937807,0.4565938017221423
1113,0.01987448,-0.29941147552786485,0.452948768798407
1124,0.03992395,0.09086572489464592,0.4219284876591223
1131,0.0248566,-0.20243096453335985,0.5111979048211639
1156,0.00549863,-0.5792476253958639,0.46874733000009816
1162,0.18925081,2.9976193133278666,0.4519020156717374
1177,0.04978587,0.28283501527442995,0.4443324449437871
1178,0.01611975,-0.3724999667818688,0.4347851114312116
1184,0.16731366,2.5705970784633703,0.4403910067051159
1188,0.05034722,0.2937620924718409,0.4562600371866586
1205,-0.01640465,-1.0056105566090268,0.41735415075961446
1206,-0.01776284,-1.0320486914246527,0.4642764911255992
1220,0.09080299,1.0812624431812112,0.43053711678430473
1226,-0.01003344,-0.8815904203109647,0.483593447933703
1265,0.09133489,1.0916162551724875,0.4396194223123188
1269,0.0563288,0.4101978035656146,0.48182286850662304
1273,0.14460177,2.1284939782066536,0.46768537311925196
1276,0.00949288,-0.5014967069033743,0.4859484377301548
1298,,0.0,0.4018375119862699
1319,0.16539861,2.5333192674953433,0.40378866912057076
1329,0.04032258,0.09862534150318593,0.44483826725166886
1356,0.14014252,2.041691503827826,0.4341718414039447
25,0.0323741,1.0918304807920791,0.3973407214459315
64,-0.02903226,-0.3357786640271632,0.4310312644404417
95,0.02132999,0.8350708807703611,0.4651782336765242
109,-0.05352987,-0.905312700277078,0.3973407214459315
139,-0.05847653,-1.0203153979180315,0.49017403582058644
168,0.01878914,0.7759997895085768,0.4698110238808605
175,0.00828272,0.5317407050861851,0.4948428878264356
208,-0.11644658,-2.3680353003129753,0.5070634039999647
223,-0.05872483,-1.026088014152875,0.3896680124439249
267,0.04939551,1.4875536692975977,0.5195546762961323
318,-0.09075908,-1.7708380408182862,0.38924919596817764
363,-0.08423913,-1.6192586239017934,0.4183160215693868
370,-0.01515152,-0.013071515111997854,0.4205251964483566
386,0.01511681,0.690623423106236,0.46445543459841726
387,0.0066357,0.4934498698420802,0.49477597017575753
409,-0.17011129,-3.6156622684327697,0.4475367885016908
412,-0.02829028,-0.3185287011035673,0.4171886564499966
430,0.0,0.3391794326711251,0.5070634039999647
459,0.00684932,0.4984162261855646,0.4436338613971524
487,0.02447552,0.9081999083385686,0.45985120131804047
511,0.01149425,0.6064041372919262,0.4902512620255797
580,-0.00454545,0.2335042878275189,0.4648576871756117
636,-0.06311637,-1.1281849738788627,0.4035420792300601
659,0.01116334,0.5987109579191034,0.4152322112692537
683,0.0,0.3391794326711251,0.45615361731092036
775,0.02910603,1.015852575280184,0.41417603452495516
793,-0.04075829,-0.6083919187523218,0.4321659931171151
798,-0.04078014,-0.6088998996815658,0.5132308162647251
815,,-8.065962867810804e-17,0.38924919596817764
817,-0.02689076,-0.28599188325021424,0.39539121778149733
818,0.02245863,0.8613101300143936,0.3973407214459315
825,0.03319744,1.1109719461597625,0.4283066590685019
836,-0.01237624,0.05144973492519613,0.4301175461013298
867,-0.00773196,0.15942253447073362,0.4530792684097321
873,-0.00884956,0.1334399492751613,0.47013006103560423
876,0.0,0.3391794326711251,0.4136093370938006
889,-0.01869991,-0.09556645559349118,0.4652118958791574
916,-0.02457002,-0.23203803145460536,0.4581111127816801
930,-0.10558464,-2.115510889576401,0.3823859652430687
936,0.02066773,0.819674292660465,0.3489524473684304
971,-0.01487911,-0.00673837621335265,0.47546583160725114
982,-0.1002579,-1.9916718811076617,0.44406369271522755
989,-0.0522696,-0.8760132437233702,0.38570091071239837
1023,-0.00808081,0.15131227601916292,0.4130944269728331
1038,-0.03217612,-0.4088688665083301,0.5127219251906197
1062,-0.0152207,-0.014679850154794652,0.4698110238808605
1067,-0.04042553,-0.6006557295525377,0.47559487621783303
1089,0.00603015,0.4793717072927076,0.4707437037254441
1095,-0.01387874,0.016518780866188038,0.49914642634617445
1140,0.03952569,1.2580946150608727,0.5162006820368095
1149,-0.07772698,-1.4678605457151916,0.4527295967885973
1166,0.01194354,0.6168494806191621,0.44814126857289305
1193,0.02366864,0.8894411141880644,0.468118463200956
1210,,-8.065962867810804e-17,0.38924919596817764
1241,0.01025057,0.5774903742675621,0.4592853783699926
1250,0.00603479,0.4794795805884372,0.3973407214459315
1258,0.04557292,1.3986839750038047,0.4510794666610622
1259,0.05761719,1.6786958499084896,0.4596382953722852
1271,-0.02391546,-0.21682045721908827,0.3832705510884948
1283,-0.01288404,0.039644118638231564,0.499007494471299
1287,-0.02352282,-0.20769214453906906,0.4416523065039766
1309,0.01094092,0.5935400142906145,0.45410438044983437
1326,0.00361664,0.4232610870391591,0.43427041900303276
1351,0.04283054,1.3349276024298662,0.4681996336471352
26,-0.08032787,-2.0180175221397447,0.5061423145331828
300,-0.02347418,-0.6070849424796145,0.42107874271990786
307,0.01650165,0.3849914020101596,0.3823859652430687
313,-0.00163132,-0.06501277782407375,0.46851738194769593
332,-0.004329,-0.13196084401815086,0.486538173635316
361,0.06214689,1.5177649514913942,0.40397675421326146
440,-0.03378378,-0.86293729829441,0.45769455265669395
538,-0.05221932,-1.3204503288404927,0.47058029005961455
710,-0.02077922,-0.5402043782650339,0.476493355194701
736,0.00380518,0.06990432200396378,0.4539724436489463
767,0.10473458,2.5746595754545165,0.37845112739123965
859,0.02314815,0.5499369559524113,0.4646815699767101
927,,5.381308295373934e-18,0.38924919596817764
993,0.01671123,0.39019252879797534,0.4802309694304607
1110,0.01538462,0.3572701754818945,0.38884218647376695
1301,,5.381308295373934e-18,0.38924919596817764
1314,-0.01106195,-0.29905181933079417,0.5061467299022983
28,-0.05654281,-1.6205265872590084,0.40352606357299015
69,-0.00869565,-0.20140642433365466,0.39883938961318594
149,0.01020408,0.35914905935326,0.4754854453984469
154,0.0013089,0.09532296620895744,0.3978487240204003
275,0.00796359,0.2926973716494835,0.47419713115526674
299,0.03358613,1.0526476621026974,0.38924919596817764
309,-0.02921348,-0.8099538543686811,0.46725751323085196
311,-0.05430464,-1.5541437094653288,0.4444415861521714
323,-0.02262443,-0.6145262948327901,0.4617995788956553
343,,0.0,0.38924919596817764
349,0.0,0.056501719947883736,0.4112889356281602
364,0.02564103,0.8170004135207913,0.3897535438677066
458,0.00125945,0.09385630670279954,0.46275849352127524
558,,0.0,0.4018375119862699
562,0.005,0.20479893998407334,0.4588124385269388
587,-0.0443828,-1.259867451536555,0.4078244989848656
654,0.03131115,0.9851730201751112,0.4333959940521858
658,-0.00864553,-0.19991989300001192,0.4208962744572611
660,-0.0013947,0.015135693390989012,0.45985120131804047
671,0.00704225,0.2653709395078549,0.38924919596817764
707,0.03962536,1.2317678661345288,0.39699751976887404
721,0.03976436,1.235890528851535,0.4394243788882159
737,0.02490421,0.7951467419873783,0.42143780687938764
765,0.01714286,0.5649494162418023,0.38924919596817764
816,0.01187648,0.4087515135109647,0.4171886564499966
819,-0.07142857,-2.0620299524841905,0.45680319257366936
832,-0.04026846,-1.137838414679816,0.4492843720342066
839,0.03213958,1.0097437933740274,0.41606983763632327
856,0.0017300999999999998,0.10781552402480606,0.42646143150026383
857,,0.0,0.4018375119862699
862,0.00151286,0.1013723064086737,0.43160448422937114
877,0.06622517,2.020703441432696,0.4134838499512754
923,0.02163062,0.6980538826797243,0.4205251964483566
925,-0.00387597,-0.05845739524085021,0.4484378331630487
981,-0.05772152,-1.6554864705047798,0.4881667986310819
990,-0.01969779,-0.5277237796234473,0.46315936683099496
1056,0.05597015,1.7165452499495912,0.40084870685294743
1214,-0.01314554,-0.33338768762702264,0.45044756676985553
1253,0.01217039,0.417468720699132,0.4149006034262251
1282,-0.10413223,-3.0320023250859367,0.4690623974896076
1325,-0.00520833,-0.09797445205833373,0.4591109556505457
1362,0.0189781,0.6193816142616456,0.39064439316056027
29,-0.00267261,0.23709245392322684,0.3973407214459315
81,-0.01940735,-0.08137320546880167,0.49259226647665916
90,0.02677615,0.7975086164496594,0.4323081966124413
225,-0.02627737,-0.21211114638311668,0.4219428632669946
252,-0.05772496,-0.8105654686875063,0.4450982009907215
284,-0.05844274,-0.8242249746612119,0.4931924847137525
288,-0.02208976,-0.13242003795079849,0.4948428878264356
319,-0.01916376,-0.07673763599050057,0.5048688740302196
337,-0.0263319,-0.213148863874195,0.3992500274079107
374,-0.07340518,-1.1089633883272543,0.3697878209694411
381,-0.0045208,0.2019210053658096,0.5132308162647251
399,0.00661058,0.41375353288898814,0.44098830799628597
410,0.09528908,2.1013242376860752,0.42884275534325467
415,-0.05269321,-0.7148101966219803,0.38924919596817764
418,0.01766784,0.6241755410569729,0.43667416224655803
486,-0.02797203,-0.2443608864056861,0.46566949760628096
501,-0.06654229,-0.9783611328285158,0.38924919596817764
533,0.06094118,1.4476763995821391,0.5070634039999647
551,-0.10560147,-1.7216656307778075,0.4542644260884222
596,-0.02489627,-0.18582851981190432,0.4981154601095195
702,-0.09295775,-1.481052951586605,0.4509301589397976
716,0.06013363,1.4323085514266238,0.3896680124439249
724,-0.0170068,-0.035690228699904486,0.4692586362629844
779,-0.12085308,-2.0119070110107877,0.5152026144232204
786,0.07212121,1.6604347469465242,0.4848298336316364
796,-0.14987583,-2.564216112683116,0.44093724654075644
799,-0.01410788,0.019476835104178452,0.5120553885153595
844,,0.0,0.38924919596817764
850,,0.0,0.4018375119862699
980,-0.06321839,-0.9151066092892696,0.44709829441376747
1000,0.00059524,0.2992803340482985,0.47991372971952845
1003,-0.04938272,-0.6518108682332084,0.4617995788956553
1019,-0.03883495,-0.4510845630641138,0.48244596052014077
1041,-0.03220339,-0.32488456663765003,0.3940901027304786
1044,-0.06699346,-0.9869469938307124,0.4475367885016908
1115,0.08458864,1.8976925899649366,0.44230699682915686
1126,,0.0,0.38924919596817764
1127,-0.02705882,-0.22698230599072935,0.41110293606872206
1141,0.00900394,0.4592996824295551,0.447575192223648
1158,0.05688623,1.3705098391484722,0.43319553954978596
1161,0.06076696,1.4443609559493564,0.4206512879162311
1180,-0.01591414,-0.01489667664045848,0.4443324449437871
1181,0.05106383,1.2597083295197509,0.4614887417295036
1194,-0.05369515,-0.7338773277976812,0.45656727497922367
1237,0.05744125,1.3810719877253708,0.48222185894548447
1274,,0.0,0.38924919596817764
1294,0.02131628,0.6936061297815216,0.5048688740302196
1295,0.04830287,1.2071666738409048,0.38148605079639847
1307,-0.06200528,-0.8920208681265708,0.4549005053936898
1375,-0.03369763,-0.3533202714582773,0.3851590514190853
34,0.0274223,0.4036817907600439,0.37364341021043707
43,-0.04868154,-1.1761728195506902,0.4468343884977266
63,-0.03090508,-0.8071477836785929,0.4529423643246707
68,0.01743265,0.1963046780165789,0.44815322705091176
72,-0.02001511,-0.5810807506531164,0.43869523666214477
78,-0.04221636,-1.0419608740103763,0.5041560328303923
80,-0.05613306,-1.330860391502679,0.4671463722341537
89,-0.0106043,-0.3857198915261871,0.4512857057698367
91,,7.202293290683416e-17,0.4018375119862699
97,0.02498216,0.3530264436868392,0.46598721914999935
106,0.01363636,0.11749674587312148,0.46598721914999935
112,0.13909609,2.72194000194062,0.45792666676622945
119,0.04731183,0.8165724631283982,0.38874939815717546
146,-0.07540395,-1.7309085942121747,0.39013962947238157
162,,7.202293290683416e-17,0.38924919596817764
173,-0.10849057,-2.4177602582885123,0.5132308162647251
176,0.02033554,0.2565663435215642,0.48108190325814687
183,0.02056009,0.26122782121763416,0.4540548776757146
184,0.06001446,1.0802688622663579,0.5021770825672032
198,0.01873278,0.2232943328684667,0.44057712693351575
210,0.0029615,-0.10410477627637378,0.40480745380796346
214,-0.00625,-0.2953281198406056,0.40291852454114135
235,0.0518617,0.9110241109797352,0.3637781762784836
251,0.0,-0.16558313832006616,0.46127118412269147
253,-0.02002556,-0.5812976842622187,0.41994826532148705
268,0.10760171,2.0681419617644843,0.4670902094710407
273,0.11077058,2.1339251584990433,0.4841494842665874
283,0.07453416,1.381686175575762,0.3992500274079107
286,0.0210741,0.2718982560898537,0.45971065952157486
287,0.03554869,0.5723791220206353,0.4735500369232356
294,0.02402196,0.33309346268587564,0.4132342687566405
295,-0.01229183,-0.4207516593126441,0.4766030757266176
297,-0.06221046,-1.4570223356135472,0.4251002273561121
327,0.01639344,0.17473151285722527,0.4750691042227759
334,,7.202293290683416e-17,0.38924919596817764
368,0.00117233,-0.14124650885031031,0.40123151360753784
373,-0.02439024,-0.6719049364131096,0.49017403582058644
401,0.0580014,1.0384793530664005,0.46616676779254335
402,0.07821229,1.4580412009965849,0.4722980713883071
429,-0.02859619,-0.7592170812173196,0.5087463055294483
448,0.04248366,0.7163435307399145,0.4205251964483566
476,-0.00849257,-0.3418820723539681,0.5147404183696356
495,0.02036364,0.25714967695848057,0.4689470756371942
505,0.02564103,0.3667040558427492,0.4584013003394112
528,0.00609756,-0.03900268879680532,0.43508300028399083
547,-0.00171527,-0.20119076623250387,0.3958811822559056
600,0.03676471,0.5976227208092123,0.4139411639115203
616,0.03714286,0.6054728111711309,0.4801750701674055
639,-0.02147239,-0.6113327133203565,0.45029151191166367
664,0.00553165,-0.050750525995571484,0.5132308162647251
675,0.08197747,1.5362033145200256,0.4527295967885973
681,0.01554233,0.1570631526617139,0.46445543459841726
701,0.02647736,0.38406559510596094,0.41047889158578127
709,-0.05589404,-1.3258985282253926,0.481914110895361
720,0.00339443,-0.09511749710042383,0.4376170772669402
723,0.02251407,0.3017908770562748,0.4724227273296482
725,0.05363748,0.9478878779052622,0.39714417177220385
730,0.0027894,-0.10767743408752334,0.41891186717774814
739,0.07625272,1.417362101246472,0.4171886564499966
761,0.05615194,1.000086048502724,0.4760991716638027
777,-0.02382003,-0.6600678346670572,0.3950449146165872
785,-0.03228547,-0.8358035716851748,0.43833756937588647
789,0.0491018,0.8537308030599694,0.4802309694304607
794,-0.0234768,-0.65294265546589,0.45985120131804047
807,0.06719368,1.2293037048634599,0.5011961055812422
820,-0.02985075,-0.7852607394599449,0.46631792284096196
827,0.07092199,1.306700426791915,0.45779971958551535
845,-0.10670315,-2.3806548543094013,0.49249386305976023
893,-0.0073105,-0.3173432483050107,0.4405154969718072
902,-0.01286174,-0.4325825332995834,0.4105114177954844
917,-0.00740741,-0.3193550220904756,0.4194007638832782
937,0.03432494,0.5469750546389137,0.5005352126986443
948,-0.10237389,-2.2907828929177843,0.48901070718764184
958,-0.03206107,-0.8311452078686613,0.4750691042227759
960,0.00492264,-0.06339308458690326,0.4138277044619943
977,-0.02955665,-0.7791554596095144,0.43047415514131643
986,0.01030043,0.04824551768051138,0.4205251964483566
994,0.07148067,1.3182981749960578,0.46598721914999935
1004,-0.03770739,-0.9483582773181096,0.4534855370761385
1007,-0.00235294,-0.21442828341109624,0.45767128942086344
1010,-0.04703476,-1.141986989043747,0.4159121467842568
1014,-0.02927581,-0.7733254467118778,0.45997972436820295
1027,-0.02702703,-0.7266425795848764,0.4018375119862699
1034,0.01516919,0.14931706587698204,0.4116870337816908
1036,0.08754209,1.6517203575710375,0.472684790007815
1037,0.00198807,-0.12431240145421996,0.45985120131804047
1053,-0.03257329,-0.8417784837781734,0.43451145950260456
1074,-0.00723066,-0.3156858340130747,0.3973407214459315
1085,-0.0052597,-0.27477028700863915,0.39258581961974565
1088,-0.0055417,-0.2806243805748459,0.41676116465203444
1105,0.02285714,0.30891273478591497,0.471323972358045
1132,-0.0498132,-1.1996651724766954,0.42731722765570757
1151,0.04582409,0.7856881753192194,0.4609960821089649
1154,0.0,-0.16558313832006616,0.4087916761699832
1155,-0.13516367,-2.971472396943792,0.4026712495253741
1197,0.04737609,0.8179064491303998,0.4465174871552422
1217,0.07295797,1.3489657367881047,0.4378024974798583
1219,,7.202293290683416e-17,0.38924919596817764
1224,0.00377358,-0.08724664754146183,0.5069340749228486
1255,-0.03434417,-0.8785405306381884,0.4018375119862699
1279,0.06552786,1.1947226192448126,0.4609960821089649
1291,0.05670103,1.011484716007222,0.4285898826903186
1297,-0.06103704,-1.4326630786190142,0.41137257013422723
1305,0.01171303,0.07756995942385761,0.3973407214459315
1331,0.13705584,2.679586050173055,0.40142599119800143
1348,0.02142857,0.2792567686657875,0.43451145950260456
1373,-0.02793296,-0.7454489589623008,0.3957908158337204
1374,-0.00926784,-0.3579760550457167,0.42831881155697915
39,-0.18996063,-2.9529943913344154,0.38924919596817764
40,-0.00277264,0.3645530772007634,0.5129684102866967
62,-0.046712800000000006,-0.4142018342389649,0.45767128942086344
66,-0.03151862,-0.14491418712299406,0.4114636034094545
67,-0.08267717,-1.051601192237106,0.43309891093364833
93,0.0528406,1.3501909035326736,0.4345030189409909
115,-0.08559499,-1.1033139455747605,0.4205251964483566
142,-0.12734584,-1.8432675437019264,0.4112889356281602
207,-0.09628009,-1.2926868132253253,0.42646143150026383
215,,6.148928119090762e-17,0.38924919596817764
220,-0.014377,0.1588880922732,0.4416566849983547
290,0.03871391,1.0998224656415394,0.4551430404396479
298,0.02535442,0.8630511736883484,0.5225218543003596
344,-0.08966417,-1.1754323427433715,0.4112889356281602
346,-0.00785683,0.27444557797470803,0.45779971958551535
411,-0.08044983,-1.0121258702436005,0.38924919596817764
417,-0.00521739,0.3212245806786234,0.44454177103321957
475,-0.00298063,0.36086685407298347,0.49816425812987913
496,0.06445942,1.556112164177472,0.5137634367730857
526,-0.01863354,0.08344909908929579,0.39192449548298985
527,0.00566171,0.5140357255866972,0.4900829997603815
546,-0.00097656,0.396385144296984,0.501046733507826
566,-0.09090909,-1.1974961578125372,0.4282598407353734
573,-0.00779844,0.2754804285369036,0.5044604446853125
635,0.0282194,0.9138274395502978,0.47918847650629154
666,0.01575931,0.6929962845321767,0.4217401972254684
745,-0.04555556,-0.3936919787055641,0.4310312644404417
747,-0.04964539,-0.4661763574482346,0.48917824715719394
756,-0.01650619,0.1211522904488927,0.42646143150026383
764,-0.08832335,-1.1516688844319631,0.4171886564499966
783,-0.04612476,-0.4037799550714101,0.40567868638190446
811,,6.148928119090762e-17,0.38924919596817764
813,-0.01210428,0.19916768757570455,0.4496489844767545
831,-0.04813665,-0.4394368397704298,0.4648555780977096
894,-0.01173403,0.2057296574447392,0.454112816691782
922,-0.0587178,-0.6269673933956437,0.4160655783409929
957,0.01238938,0.633270750107448,0.464215727308365
965,-0.08576998,-1.106415307107191,0.41670676514083976
985,-0.07298367,-0.8798025293728607,0.515182111503493
1032,-0.04241948,-0.33811098622242564,0.4584659792572189
1073,0.10587858,2.29018719434823,0.4861090268915336
1129,0.02813853,0.9123941741801186,0.4265879925812695
1142,-0.05492424,-0.559733831163706,0.4886339583925382
1168,0.1021148,2.2234814253983983,0.4569048517097953
1173,0.07150838,1.6810414366367026,0.505726725311413
1223,-0.02586653,-0.04474175153333367,0.4246447790731907
1225,-0.08119012,-1.0252460881351535,0.4301193603764703
1227,-0.0524109,-0.5151897086771716,0.4171886564499966
1254,-0.02137767,0.034814667281830775,0.46997345434154814
1308,-0.030139099999999995,-0.12046484566794848,0.41137257013422723
1311,-0.0210664,0.04033132997226802,0.4405154969718072
1317,-0.00634921,0.3011652458044283,0.41001504391324933
1318,-0.01243781,0.1932565091545861,0.5044604446853125
1324,0.11083569,2.3780424447398305,0.5048688740302196
1330,-0.03349282,-0.17990308898781007,0.39997215010401554
41,0.0056899,0.596114866153606,0.45693158437976894
99,0.00633714,0.6098644562798659,0.47858908141106515
102,0.01504388,0.7948253770139235,0.38267679110033115
182,-0.01821387,0.08831707866768801,0.41925356039357
187,0.04860186,1.5077115868668751,0.4008748555251961
190,-0.00444313,0.3808546701875124,0.4924264971472841
230,-0.01515789,0.15323654043464846,0.454374624883874
263,-0.00479846,0.3733062463268673,0.4496903935109894
269,-0.05832509,-0.7637823503914482,0.41925356039357
326,-0.10579345,-1.7721725827098254,0.4467032049104295
330,0.01350048,0.7620382850528744,0.42646143150026383
341,-0.02803738,-0.12036785443473855,0.4260802755341443
362,-0.01078668,0.246095983385962,0.44889514471322683
419,-0.00139665,0.4455723194796575,0.4439884920174934
434,-0.08142202,-1.254440098174209,0.3489524473684304
491,-0.02346986,-0.0233381160170044,0.4496903935109894
493,-0.00451322,0.3793657189917434,0.4347851114312116
515,-0.01649258,0.12488316232819995,0.47559487621783303
517,-0.00961538,0.27097839935977097,0.45780294105738095
550,-0.05601715,-0.7147538153256301,0.45398902273896125
560,-0.11081501,-1.8788476828186282,0.4160655783409929
563,0.00128921,0.502629167227813,0.4078537201437528
629,-0.00902527,0.28351435299274663,0.4453877044034886
637,-0.01153284,0.23024499431141465,0.4213981877461243
697,-0.14561028,-2.618018161825711,0.41137257013422723
705,-0.02252252,-0.00321337602842065,0.46407582653519636
717,-0.15889213,-2.9001700585231704,0.4745935192212221
771,-0.01812977,0.09010365015526364,0.4804662336353538
858,-0.05535586,-0.7007057551708276,0.43916174077722314
881,0.044,1.4099523494612296,0.3955224451786728
886,0.00699821,0.62390784288262,0.46632668336723865
912,,7.370291322255055e-17,0.38924919596817764
932,-0.04543222,-0.4898937185838476,0.4667532017748964
956,-0.00497512,0.3695533840320384,0.45941458488058945
1002,0.00740741,0.6326006496925599,0.45898246902744333
1072,-0.0524948,-0.6399270605187095,0.41001504391324933
1078,0.0444788,1.4201236981919216,0.41078054664853547
1081,0.00849151,0.6556306395817483,0.41001504391324933
1096,0.0218721,0.9398801114121834,0.4001519938764324
1209,-0.00371747,0.3962701691848266,0.4496903935109894
1239,-0.04597701,-0.5014669204948621,0.38924919596817764
1275,-0.05358686,-0.6631261480183747,0.40318646579382555
1332,-0.08706678,-1.3743540966308965,0.4671287157017889
1335,-0.02562261,-0.06906988498107622,0.40519010651959997
1380,0.08119362,2.200071980991821,0.38924919596817764
44,0.09278351,1.611496494582845,0.4149050812610444
50,0.01108647,0.3706536301837288,0.4205251964483566
83,-0.03048147,-0.2606946014874625,0.5023496176124349
179,-0.0155642,-0.03412595180547897,0.4396545657830199
247,0.01,0.35415194852079823,0.4333959940521858
488,0.0187185,0.4865715381811298,0.5149128052348207
489,0.05199023,0.9919140665850232,0.4767068650368158
561,-0.20606061,-2.9274512306913287,0.4589409179290513
638,0.00351288,0.25562332909345065,0.4309834696277053
759,0.01323251,0.403248427017434,0.4360847174720532
895,0.0,0.20226849418767726,0.4197998774110284
899,-0.09777478,-1.2827686391184179,0.42379643781077
1083,0.03598281,0.7487878421289141,0.4318829788249454
1097,-0.09518639,-1.2434552776822874,0.42973715856295175
1179,-0.03166667,-0.2786958284950241,0.387582266557031
1281,0.00595681,0.2927425821482851,0.4540548776757146
1322,0.00707547,0.309733176650714,0.42620936042953605
53,0.07190161,2.1716960094871864,0.45602202004681663
54,-0.02661064,-1.1629566869593249,0.4011415596258762
55,0.03615071,0.9615233143615592,0.47637482139155646
121,-0.01141925,-0.6487261255187877,0.46572585739981864
122,0.02380952,0.5437724000249287,0.48979429047280154
129,0.0397351,1.082855390104585,0.46758432244313675
130,-0.00617284,-0.4711344528774265,0.46598721914999935
132,0.00243309,-0.17982258374511118,0.49513407575913954
134,-0.01068376,-0.6238296917076683,0.37956430524709256
135,-0.01070039,-0.6243926194079484,0.5195546762961323
136,-0.00977841,-0.5931834744227332,0.4726900036914191
160,0.07906559,2.4141976803381606,0.44812786380091396
169,-0.01003344,-0.6018162736652107,0.4565177463045644
246,0.00364078,-0.138942117458213,0.45985120131804047
308,0.00498504,-0.09343873860202824,0.51533753132859
310,-0.02546296,-1.1241075671122225,0.4537871929235487
331,0.03151515,0.8046089950404635,0.5073227838207551
347,0.02762431,0.6729035462516889,0.4149006034262251
416,-0.01803607,-0.8727063579761847,0.3994975947616876
443,0.04596033,1.2935802492515411,0.4584659792572189
451,0.00141243,-0.21437205978646745,0.5069340749228486
468,0.02628812,0.6276733379632289,0.46086767404259515
541,,2.9360309589696326e-17,0.38924919596817764
555,-0.01176471,-0.6604199922258663,0.448323078992798
559,-0.04661017,-1.8399434235546508,0.4532458285337811
641,-0.01097179,-0.6335795453163058,0.4508413930898647
642,0.05274262,1.523161663101922,0.47039950061009683
645,0.00624721,-0.05071411710699699,0.5011532736190134
648,-0.007109000000000002,-0.5028235927387672,0.4396545657830199
657,0.03835616,1.0361780886599632,0.3973407214459315
757,-0.01953125,-0.923318398800274,0.40957629989996036
801,,2.9360309589696326e-17,0.38924919596817764
805,0.02861035,0.7062811307125467,0.47380047374711914
808,0.01390645,0.20855217027077566,0.5149128052348207
851,,2.9360309589696326e-17,0.38924919596817764
853,0.00847458,0.02468265209159577,0.4675697919095064
929,-0.00594059,-0.4632727596489224,0.4594497893142133
951,,2.9360309589696326e-17,0.38924919596817764
952,0.02242744,0.4969888091648599,0.47210662034589235
953,0.00406977,-0.12442074919945745,0.4256360226373396
961,0.07740467,2.357975318585364,0.44867118166044667
1048,-0.03031705,-1.2884191558465579,0.41001504391324933
1054,-0.0026738000000000005,-0.3526914859268777,0.4396545657830199
1059,0.08142999,2.494232933166901,0.387582266557031
1061,0.05529954,1.6097137434025752,0.4540548776757146
1068,0.00890869,0.039377333027767615,0.4939747392221669
1106,-0.017,-0.8376352513959641,0.4495209451633196
1108,0.03672986,0.9811276184876652,0.41001504391324933
1114,0.00321027,-0.15351493791807652,0.501319145454196
1130,-0.04211957,-1.6879360194129052,0.3583073363103824
1185,-0.00390434,-0.3943454277370109,0.45984812273605585
1208,0.00487805,-0.09706036425764784,0.428310400176865
1263,0.01506024,0.2476081144262793,0.5069537322221923
1288,-0.03172386,-1.3360398604786003,0.5071892932841051
1310,-0.00697906,-0.4984251065466819,0.4432759227427479
1340,-0.01416667,-0.7417266560240909,0.4243710361584049
1342,-0.00829876,-0.5430971261533852,0.465378666852565
1344,0.03185841,0.8162283914564648,0.4018375119862699
1355,-0.04723347,-1.8610422110221496,0.424943126700717
1361,-0.01515152,-0.7750639588275023,0.4651782336765242
73,0.01080033,0.7933956772038108,0.4579433939642294
104,-0.01415762,-0.1908914250118197,0.45997972436820295
226,0.02288732,1.2700801950271616,0.3489524473684304
591,0.02768456,1.4592728754449409,0.38620356830845115
622,-0.0014771,0.3092006212254452,0.41137257013422723
768,0.00707786,0.6465895809745685,0.4584980761068582
812,0.00941347,0.7387009442398146,0.44763591845416284
848,-0.0528914,-1.7184672104452283,0.4602375065122538
852,-0.03525836,-1.0230585793336069,0.4341276722270616
882,0.01174168,0.8305204676481656,0.4569609439581654
1098,-0.04234063,-1.3023678581569351,0.4358169099053371
1204,0.00725806,0.6536962758681497,0.45505223290077057
1236,-0.01657459,-0.2862114491901722,0.42984503635285226
1328,-0.0461039,-1.4507830173809504,0.456726727251586
1370,-0.02781927,-0.7296770981133432,0.5150888058543339
105,-0.03632887,-0.550339538453214,0.4597716952255757
116,-0.04483188,-0.7149739199573819,0.454641054896686
120,0.03095975,0.7524956147418296,0.3973407214459315
227,0.00366972,0.22410893634439266,0.5143288836435604
258,-0.12708333,-2.3075178071891966,0.3979192818456889
315,0.01927711,0.5262975730206211,0.47758197573018685
359,0.0,0.15305620531226696,0.4443324449437871
406,-0.00107411,0.13225940094329153,0.3705077819151307
407,0.03968254,0.9213853533921124,0.4265879925812695
442,,3.358753271467422e-17,0.38924919596817764
449,0.00454545,0.24106472810691504,0.4205251964483566
454,0.0523865,1.1673580850781493,0.4935165650488249
455,0.00490196,0.2479674370711584,0.5023496176124349
504,0.02898551,0.7142705883875399,0.48028388930048393
520,,3.358753271467422e-17,0.38924919596817764
552,-0.04337051,-0.6866790283720792,0.3637781762784836
713,-0.08708134,-1.5330035019507096,0.5011961055812422
778,-0.00057208,0.14197965277723473,0.47439935937897365
846,0.00492611,0.2484350268203561,0.39539121778149733
910,0.03667954,0.8632415845788313,0.4079966819445963
911,0.01995134,0.5393519430662349,0.40567868638190446
947,0.07355517,1.5772236377137259,0.5012125526507769
999,-0.01157895,-0.07113420158101973,0.40567868638190446
1030,-0.00775194,0.002963961817619793,0.49630902459173776
1109,-0.00437637,0.06832139161883423,0.49630902459173776
1148,0.00402414,0.2309711789493887,0.46026489885123956
1201,-0.18974359,-3.5207391429268187,0.38924919596817764
1234,0.00811688,0.31021437854075323,0.46781743300918355
1338,0.00869565,0.3214204621491657,0.4335882581264889
