date,close
2007-04-30,45.8
2007-05-08,45.3
2007-05-09,45.75
2007-05-10,45.55
2007-05-11,43.95
2007-05-14,45.75
2007-05-15,43.9
2007-05-16,43.8
2007-05-17,44
2007-05-18,43.45
2007-05-21,44.6
2007-05-22,43.65
2007-05-23,44.5
2007-05-25,44.6
2007-05-28,44.75
2007-05-29,46.35
2007-05-30,44.8
2007-05-31,45.4
2007-06-01,46.75
2007-06-04,46.9
2007-06-05,45.8
2007-06-06,45.3
2007-06-07,45.6
2007-06-08,46
2007-06-11,48.1
2007-06-12,48.6
2007-06-13,47.55
2007-06-15,48.45
2007-06-18,50.4
2007-06-20,53.7
2007-06-21,52.6
2007-06-22,52
2007-06-25,52.25
2007-06-26,50.15
2007-06-27,51.6
2007-06-28,52.3
2007-07-03,51.4
2007-07-04,51
2007-07-05,51.7
2007-07-06,50.95
2007-07-09,51.8
2007-07-10,51.85
2007-07-11,50.3
2007-07-12,49
2007-07-13,50.05
2007-07-16,47.95
2007-07-17,48.5
2007-07-18,47.75
2007-07-19,48.73
2007-07-20,47.98
2007-07-23,50.93
2007-07-24,55.33
2007-07-25,55.03
2007-07-26,54.88
2007-07-27,51.93
2007-07-30,54.83
2007-07-31,55.43
2007-08-01,55.13
2007-08-02,53.93
2007-08-03,54.28
2007-08-06,53.63
2007-08-07,53.98
2007-08-08,57.98
2007-08-09,62.43
2007-08-10,60.98
2007-08-13,58.63
2007-08-14,56.63
2007-08-15,52.78
2007-08-16,49.93
2007-08-17,45.83
2007-08-20,49.33
2007-08-21,52.83
2007-08-23,55.83
2007-08-24,57.73
2007-08-27,61.93
2007-08-28,68.93
2007-08-29,64.43
2007-08-30,66.33
2007-08-31,62.93
2007-09-03,63.18
2007-09-04,59.93
2007-09-05,58.38
2007-09-06,58.88
2007-09-07,56.88
2007-09-10,56.03
2007-09-11,55.93
2007-09-12,56.18
2007-09-13,60.23
2007-09-14,62.83
2007-09-17,59.73
2007-09-18,58.48
2007-09-19,63.63
2007-09-20,65.53
2007-09-21,67.43
2007-09-24,64.53
2007-09-25,63.43
2007-09-27,61.93
2007-09-28,62.73
2007-10-08,72.33
2007-10-09,69.03
2007-10-10,69.73
2007-10-11,70.88
2007-10-12,69.88
2007-10-15,68.18
2007-10-16,68.13
2007-10-17,70.38
2007-10-18,71.93
2007-10-22,71.43
2007-10-23,72.68
2007-10-24,76.13
2007-10-25,77.28
2007-10-26,76.78
2007-10-29,74.53
2007-10-30,78.88
2007-10-31,80.08
2007-11-01,82.23
2007-11-02,82.33
2007-11-05,79.53
2007-11-06,78.53
2007-11-07,76.98
2007-11-08,75.98
2007-11-09,72.93
2007-11-12,65.93
2007-11-13,62.23
2007-11-14,66.08
2007-11-15,64.93
2007-11-16,64.93
2007-11-19,61.68
2007-11-20,59.93
2007-11-21,60.33
2007-11-22,58.63
2007-11-23,55.93
2007-11-26,54.63
2007-11-27,53.13
2007-11-28,53.28
2007-11-29,59.33
2007-11-30,60.88
2007-12-03,61.33
2007-12-04,61.73
2007-12-05,64.43
2007-12-06,64.93
2007-12-07,65.93
2007-12-10,63.83
2007-12-11,64.93
2007-12-12,61.93
2007-12-13,58.63
2007-12-14,57.33
2007-12-17,53.83
2007-12-18,54.88
2007-12-19,55.83
2007-12-20,58.73
2007-12-21,59.23
2007-12-27,57.73
2007-12-28,57.83
2008-01-02,58.93
2008-01-03,56.93
2008-01-04,54.58
2008-01-07,52.48
2008-01-08,53.33
2008-01-09,54.88
2008-01-10,55.73
2008-01-11,53.88
2008-01-14,52.48
2008-01-15,50.98
2008-01-16,49.08
2008-01-17,48.43
2008-01-18,45.93
2008-01-21,41.93
2008-01-22,37.93
2008-01-23,36.88
2008-01-24,38.93
2008-01-25,41.93
2008-01-28,38.93
2008-01-29,40.93
2008-01-30,39.93
2008-01-31,39.93
2008-02-01,41.43
2008-02-04,47.08
2008-02-05,46.38
2008-02-13,41.83
2008-02-14,42.93
2008-02-15,44.63
2008-02-18,43.53
2008-02-19,43.78
2008-02-20,42.03
2008-02-21,42.23
2008-02-22,40.98
2008-02-25,41.43
2008-02-26,40.33
2008-02-27,41.38
2008-02-28,41.13
2008-02-29,40.73
2008-03-03,39.63
2008-03-04,39.18
2008-03-05,38.63
2008-03-06,38.43
2008-03-07,36.78
2008-03-10,32.88
2008-03-11,32.88
2008-04-30,44.78
2008-05-05,45.83
2008-05-06,45.63
2008-05-07,45.43
2008-05-08,45.13
2008-05-09,44.53
2008-05-13,44.48
2008-05-14,43.53
2008-05-15,45.42
2008-05-16,45.42
2008-05-19,45.87
2008-05-20,46.42
2008-05-21,45.42
2008-05-22,44.87
2008-05-23,44.72
2008-05-26,43.07
2008-05-27,42.92
2008-05-28,42.07
2008-05-29,42.07
2008-05-30,40.47
2008-06-02,40.97
2008-06-03,40.32
2008-06-04,39.82
2008-06-05,38.42
2008-06-06,38.52
2008-06-10,34.97
2008-06-11,36.27
2008-06-12,34.92
2008-06-13,35.72
2008-06-16,37.07
2008-06-17,36.42
2008-06-18,37.87
2008-06-20,37.02
2008-06-23,35.07
2008-06-24,33.62
2008-06-25,34.22
2008-06-26,34.92
2008-06-27,33.82
2008-06-30,34.92
2008-07-02,34.62
2008-07-03,33.32
2008-07-04,32.67
2008-07-07,32.52
2008-07-08,31.07
2008-07-09,31.42
2008-07-10,34.32
2008-07-11,34.27
2008-07-14,33.77
2008-07-15,31.92
2008-07-16,33.02
2008-07-17,33.92
2008-07-18,34.02
2008-07-21,35.42
2008-07-22,36.22
2008-07-23,37.52
2008-07-24,39.92
2008-07-25,40.32
2008-07-28,40.42
2008-07-29,39.82
2008-08-04,40.32
2008-08-05,38.87
2008-08-07,37.42
2008-08-08,36.82
2008-08-11,35.67
2008-08-12,34.32
2008-08-13,36.32
2008-08-14,36.72
2008-08-15,37.52
2008-08-18,37.32
2008-08-19,34.77
2008-08-21,37.07
2008-08-22,37.07
2008-08-25,35.37
2008-08-26,34.92
2008-08-27,36.62
2008-08-28,36.42
2008-08-29,37.42
2008-09-01,37.82
2008-09-02,36.97
2008-09-03,35.47
2008-09-04,34.47
2008-09-05,35.27
2008-09-08,34.77
2008-09-09,34.12
2008-09-10,33.82
2008-09-11,31.67
2008-09-12,31.92
2008-09-16,30.87
2008-09-17,29.87
2008-09-18,28.77
2008-09-19,32.72
2008-09-22,33.32
2008-09-23,32.42
2008-09-24,32.67
2008-09-25,33.42
2008-09-26,33.42
2008-10-06,31.62
2008-10-08,29.42
2008-10-09,28.92
2008-10-10,27.92
2008-10-13,29.27
2008-10-14,34.22
2008-10-15,32.17
2008-10-16,29.52
2008-10-17,28.52
2008-10-20,27.62
2008-10-21,27.32
2008-10-22,26.72
2008-10-23,26.17
2008-10-24,23.77
2008-10-27,19.92
2008-10-28,17.72
2008-10-29,18.02
2008-10-30,19.74
2008-10-31,19.22
2008-11-04,18.12
2008-11-05,18.76
2008-11-06,17.3
2008-11-07,17.3
2008-11-10,19.52
2008-11-11,20.42
2008-11-12,21.38
2008-11-13,20.3
2008-11-14,20.42
2008-11-17,20.9
2008-11-18,19.92
2008-11-19,21.4
2008-11-20,21.72
2008-11-21,22.42
2008-11-24,22.62
2008-11-25,20.44
2008-11-26,21
2008-11-27,21.39
2008-11-28,22.38
2008-12-01,22.47
2008-12-02,22.22
2008-12-03,23.05
2008-12-04,23.98
2008-12-05,24.46
2008-12-08,25.93
2008-12-09,27.08
2008-12-10,29.19
2008-12-11,29.64
2008-12-12,26.38
2008-12-15,26.38
2008-12-16,25.87
2008-12-17,26.7
2008-12-18,26.95
2008-12-19,26.7
2008-12-22,25.71
2008-12-23,24.62
2008-12-24,24.84
2008-12-29,24.78
2008-12-30,24.07
2008-12-31,24.78
2009-01-05,26.38
2009-01-06,27.47
2009-01-07,26.54
2009-01-08,24.71
2009-01-09,25.29
2009-01-12,24.84
2009-01-13,24.46
2009-01-14,24.62
2009-01-15,23.75
2009-01-16,24.43
2009-01-19,24.81
2009-01-20,25.64
2009-01-21,26.51
2009-01-22,26.54
2009-01-23,26.06
2009-02-02,25.61
2009-02-03,25.74
2009-02-04,26.92
2009-02-05,27.82
2009-02-06,27.82
2009-02-09,27.27
2009-02-10,27.24
2009-02-12,26.22
2009-02-13,26.95
2009-02-16,27.02
2009-02-17,26.73
2009-02-18,25.61
2009-02-23,26.63
2009-02-24,25.77
2009-02-25,24.55
2009-02-26,22.99
2009-02-27,22.44
2009-03-02,21.32
2009-03-03,21.61
2009-03-04,23.66
2009-03-05,23.53
2009-03-11,24.43
2009-03-17,25.87
2009-03-18,26.73
2009-03-19,26.38
2009-03-20,25.8
2009-03-23,28.33
2009-03-24,28.71
2009-03-25,27.98
2009-03-26,29.83
2009-03-27,30.22
2009-03-30,29.03
2009-03-31,28.46
2009-04-01,28.87
2009-04-02,31.31
2009-04-03,31.79
2009-04-07,32.52
2009-04-08,30.51
2009-04-09,31.27
2009-04-14,35.98
2009-04-15,36.62
2009-04-16,37.02
2009-04-17,38.38
2009-04-20,38.86
2009-04-21,37.58
2009-04-22,35.34
2009-04-23,35.34
2009-04-24,35.98
2009-04-27,34.54
2009-04-28,32.14
2009-04-29,36.06
2009-04-30,36.78
2009-05-04,39.34
2009-05-05,39.02
2009-05-06,40.62
2009-05-07,43.5
2009-05-08,42.38
2009-05-11,42.3
2009-05-12,40.62
2009-05-13,40.46
2009-05-14,40.46
2009-05-15,41.65
2009-05-18,42.77
2009-05-19,45.09
2009-05-20,45.81
2009-05-21,46.45
2009-05-22,45.49
2009-05-25,48.05
2009-05-26,48.05
2009-05-27,48.05
2009-06-01,48.37
2009-06-02,47.97
2009-06-03,48.85
2009-06-04,48.05
2009-06-05,46.85
2009-06-08,48.29
2009-06-09,45.97
2009-06-10,46.37
2009-06-11,46.77
2009-06-12,47.41
2009-06-15,45.41
2009-06-16,43.73
2009-06-17,42.85
2009-06-18,44.53
2009-06-22,42.37
2009-06-23,40.45
2009-06-24,43.33
2009-06-25,44.13
2009-06-26,43.49
2009-06-29,42.61
2009-06-30,42.77
2009-07-02,42.29
2009-07-03,41.49
2009-07-06,41.65
2009-07-07,41.41
2009-07-08,40.69
2009-07-09,39.97
2009-07-10,41.89
2009-07-13,44.37
2009-07-14,45.73
2009-07-15,47.41
2009-07-16,49.65
2009-07-17,52.85
2009-07-20,51.25
2009-07-21,51.09
2009-07-22,53.17
2009-07-23,56.85
2009-07-24,58.93
2009-07-27,55.89
2009-07-28,56.93
2009-07-29,58.77
2009-07-30,58.21
2009-07-31,58.29
2009-08-03,60.85
2009-08-04,64.85
2009-08-05,60.85
2009-08-06,62.05
2009-08-07,62.77
2009-08-10,64.69
2009-08-11,66.61
2009-08-12,64.93
2009-08-13,63.65
2009-08-14,63.89
2009-08-19,59.57
2009-08-20,57.17
2009-08-21,57.65
2009-08-24,57.97
2009-08-25,56.85
2009-08-26,56.29
2009-08-27,57.01
2009-08-28,53.17
2009-08-31,56.85
2009-09-01,57.57
2009-09-02,57.33
2009-09-03,57.57
2009-09-04,55.89
2009-09-07,57.41
2009-09-08,60.69
2009-09-09,64.05
2009-09-10,64.53
2009-09-11,66.53
2009-09-14,62.69
2009-09-15,61.73
2009-09-16,61.65
2009-09-17,64.69
2009-09-18,65.33
2009-09-21,63.01
2009-09-22,63.33
2009-09-23,63.89
2009-09-24,62.13
2009-09-25,65.97
2009-09-28,64.37
2009-09-29,65.73
2009-09-30,67.01
2009-10-09,70.05
2009-10-12,69.33
2009-10-13,75.17
2009-10-14,73.25
2009-10-15,73.49
2009-10-16,74.53
2009-10-19,81.09
2009-10-20,80.37
2009-10-21,82.61
2009-10-22,86.37
2009-10-23,88.13
2009-10-27,89.25
2009-10-28,84.61
2009-10-29,84.53
2009-10-30,84.05
2009-11-02,81.73
2009-11-03,81.65
2009-11-04,83.57
2009-11-05,86.13
2009-11-06,93.49
2009-11-09,94.53
2009-11-10,95.33
2009-11-11,96.93
2009-11-12,101.09
2009-11-13,103.57
2009-11-16,105.65
2009-11-17,103.01
2009-11-18,105.33
2009-11-19,105.65
2009-11-20,101.81
2009-11-23,103.89
2009-11-24,102.61
2009-11-25,102.21
2009-11-26,104.93
2009-11-27,98.05
2009-11-30,105.41
2009-12-01,103.89
2009-12-02,110.77
2009-12-03,112.05
2009-12-04,111.89
2009-12-07,107.73
2009-12-08,109.33
2009-12-09,109.01
2009-12-10,108.53
2009-12-11,107.25
2009-12-14,106.13
2009-12-15,105.97
2009-12-16,103.25
2009-12-17,103.25
2009-12-18,98.21
2009-12-21,100.85
2009-12-22,98.13
2009-12-23,103.73
2009-12-24,103.97
2009-12-28,105.65
2009-12-30,102.05
2009-12-31,101.97
2010-01-04,109.49
2010-01-05,109.73
2010-01-06,117.33
2010-01-07,115.57
2010-01-08,117.57
2010-01-11,120.61
2010-01-12,120.05
2010-01-13,119.41
2010-01-14,115.65
2010-01-15,116.93
2010-01-18,112.85
2010-01-19,115.33
2010-01-20,116.85
2010-01-21,108.85
2010-01-22,100.05
2010-01-25,94.29
2010-01-26,89.97
2010-01-27,93.97
2010-01-28,94.21
2010-01-29,91.65
2010-02-01,88.61
2010-02-02,91.97
2010-02-03,95.09
2010-02-04,94.77
2010-02-05,90.37
2010-02-08,84.29
2010-02-09,84.69
2010-02-10,89.65
2010-02-11,93.17
2010-02-12,90.37
2010-02-22,88.37
2010-02-23,92.29
2010-02-24,91.89
2010-02-25,91.89
2010-02-26,95.81
2010-03-01,100.85
2010-03-02,102.53
2010-03-03,104.45
2010-03-04,102.69
2010-03-05,101.73
2010-03-08,105.65
2010-03-09,105.09
2010-03-10,103.33
2010-03-11,102.93
2010-03-12,101.97
2010-03-15,99.25
2010-03-16,98.53
2010-03-17,99.89
2010-03-18,97.33
2010-03-19,100.53
2010-03-22,97.65
2010-03-23,98.45
2010-03-24,96.05
2010-03-25,94.77
2010-03-26,95.41
2010-03-29,99.57
2010-03-30,102.77
2010-03-31,105.65
2010-04-01,109.41
2010-04-07,111.25
2010-04-08,111.81
2010-04-09,118.45
2010-04-12,113.97
2010-04-13,110.37
2010-04-14,114.85
2010-04-15,118.21
2010-04-16,113.65
2010-04-19,108.53
2010-04-20,108.85
2010-04-21,109.65
2010-04-22,108.85
2010-04-23,109.89
2010-04-26,112.21
2010-04-27,106.29
2010-04-28,103.57
2010-04-29,101.25
2010-04-30,104.85
2010-05-04,100.85
2010-05-05,98.29
2010-05-06,94.05
2010-05-07,95.01
2010-05-10,100.61
2010-05-11,97.97
2010-05-12,97.33
2010-05-13,101.73
2010-05-14,100.93
2010-05-17,94.53
2010-05-18,94.29
2010-05-19,88.53
2010-05-20,87.97
2010-05-24,89.89
2010-05-25,84.69
2010-05-26,88.85
2010-05-27,89.49
2010-05-28,94.53
2010-05-31,94.93
2010-06-01,91.81
2010-06-02,89.73
2010-06-03,91.81
2010-06-04,93.25
2010-06-07,88.77
2010-06-08,89.73
2010-06-09,90.93
2010-06-10,84.61
2010-06-11,87.49
2010-06-18,88.29
2010-06-21,92.45
2010-06-22,93.65
2010-06-23,89.81
2010-06-24,87.17
2010-06-25,84.85
2010-06-28,85.89
2010-06-29,84.93
2010-06-30,83.81
2010-07-02,81.73
2010-07-05,80.61
2010-07-06,82.21
2010-07-07,86.37
2010-07-08,87.89
2010-07-09,91.97
2010-07-12,92.61
2010-07-13,89.25
2010-07-14,91.65
2010-07-15,91.01
2010-07-16,90.85
2010-07-19,92.61
2010-07-20,93.89
2010-07-21,94.85
2010-07-22,94.13
2010-07-23,98.37
2010-07-26,98.37
2010-07-27,102.69
2010-07-28,104.13
2010-07-29,103.65
2010-07-30,105.25
2010-08-02,107.73
2010-08-03,106.69
2010-08-04,107.25
2010-08-05,107.65
2010-08-06,107.65
2010-08-09,106.37
2010-08-10,101.17
2010-08-11,101.89
2010-08-12,98.69
2010-08-13,98.21
2010-08-16,100.61
2010-08-17,100.93
2010-08-18,102.61
2010-08-19,103.65
2010-08-20,103.73
2010-08-23,105.65
2010-08-24,108.29
2010-08-25,105.41
2010-08-26,103.73
2010-08-27,101.41
2010-08-30,102.69
2010-08-31,106.05
2010-09-01,110.21
2010-09-02,116.93
2010-09-03,116.13
2010-09-06,118.05
2010-09-07,120.77
2010-09-08,120.61
2010-09-09,124.93
2010-09-10,122.61
2010-09-13,121.41
2010-09-14,127.33
2010-09-15,129.09
2010-09-16,127.33
2010-09-17,129.97
2010-09-20,129.25
2010-09-21,129.49
2010-09-27,133.65
2010-09-28,134.45
2010-09-29,133.57
2010-09-30,133.73
2010-10-08,138.61
2010-10-11,141.01
2010-10-12,140.13
2010-10-13,140.85
2010-10-14,150.77
2010-10-15,152.93
2010-10-18,154.05
2010-10-19,146.61
2010-10-20,146.69
2010-10-21,152.13
2010-10-22,148.13
2010-10-25,153.49
2010-10-27,154.45
2010-10-28,153.01
2010-10-29,165.41
2010-11-01,162.85
2010-11-02,172.61
2010-11-03,170.21
2010-11-04,173.41
2010-11-05,174.21
2010-11-08,178.37
2010-11-09,178.37
2010-11-10,171.97
2010-11-11,172.13
2010-11-12,169.73
2010-11-15,166.69
2010-11-16,164.77
2010-11-17,149.09
2010-11-18,151.65
2010-11-19,155.65
2010-11-22,157.57
2010-11-23,156.45
2010-11-24,161.73
2010-11-25,169.41
2010-11-26,168.61
2010-11-29,175.81
2010-11-30,175.01
2010-12-01,180.93
2010-12-02,193.73
2010-12-03,186.37
2010-12-06,180.61
2010-12-07,182.85
2010-12-08,177.89
2010-12-09,177.09
2010-12-10,174.21
2010-12-13,178.37
2010-12-14,179.49
2010-12-15,181.09
2010-12-16,180.77
2010-12-17,175.33
2010-12-20,170.85
2010-12-21,170.53
2010-12-22,174.05
2010-12-23,172.13
2010-12-24,167.81
2010-12-28,159.17
2010-12-29,157.41
2010-12-30,158.85
2010-12-31,155.65
2011-01-04,160.61
2011-01-05,155.17
2011-01-06,153.89
2011-01-07,156.61
2011-01-10,157.41
2011-01-11,159.17
2011-01-12,157.25
2011-01-13,158.37
2011-01-14,162.53
2011-01-17,161.57
2011-01-18,166.37
2011-01-19,178.05
2011-01-20,175.49
2011-01-21,172.93
2011-01-24,170.05
2011-01-25,168.29
2011-01-26,166.85
2011-01-27,172.77
2011-01-28,171.17
2011-01-31,171.97
2011-02-01,170.05
2011-02-09,161.41
2011-02-10,157.41
2011-02-11,161.25
2011-02-14,170.53
2011-02-15,176.93
2011-02-16,178.53
2011-02-17,183.17
2011-02-18,180.93
2011-02-21,178.85
2011-02-22,173.89
2011-02-23,173.25
2011-02-24,165.57
2011-02-25,164.13
2011-02-28,168.29
2011-03-01,175.49
2011-03-02,175.17
2011-03-03,175.33
2011-03-04,171.01
2011-03-07,168.93
2011-03-08,167.65
2011-03-09,165.89
2011-03-10,163.65
2011-03-11,160.93
2011-03-14,160.61
2011-03-15,159.65
2011-03-16,158.37
2011-03-17,148.77
2011-03-18,152.29
2011-03-21,153.25
2011-03-22,157.09
2011-03-23,155.49
2011-03-24,152.45
2011-03-25,150.05
2011-03-28,147.81
2011-03-29,150.37
2011-03-30,155.97
2011-03-31,153.73
2011-04-01,159.81
2011-04-06,168.45
2011-04-07,172.93
2011-04-08,175.97
2011-04-11,178.05
2011-04-12,171.49
2011-04-13,173.57
2011-04-14,173.13
2011-04-15,179.69
2011-04-18,180.01
2011-04-19,178.57
2011-04-20,180.81
2011-04-21,184.65
2011-04-26,176.65
2011-04-27,175.53
2011-04-28,176.01
2011-04-29,173.77
2011-05-03,168.17
2011-05-04,164.33
2011-05-05,161.13
2011-05-06,160.81
2011-05-09,164.01
2011-05-11,163.85
2011-05-12,158.25
2011-05-13,157.13
2011-05-16,158.57
2011-05-17,157.77
2011-05-19,158.25
2011-05-20,157.61
2011-05-23,152.49
2011-05-24,152.33
2011-05-25,150.57
2011-05-26,151.37
2011-05-27,153.29
2011-05-30,144.65
2011-05-31,145.29
2011-06-01,142.57
2011-06-02,136.65
2011-06-03,138.25
2011-06-07,132.81
2011-06-08,131.37
2011-06-09,136.49
2011-06-10,139.53
2011-06-13,137.45
2011-06-14,138.57
2011-06-15,140.65
2011-06-16,137.13
2011-06-17,136.65
2011-06-20,130.73
2011-06-21,133.93
2011-06-22,137.13
2011-06-23,140.49
2011-06-24,147.85
2011-06-27,150.73
2011-06-28,147.85
2011-06-29,147.85
2011-06-30,149.45
2011-07-04,156.65
2011-07-05,160.01
2011-07-06,157.13
2011-07-07,156.81
2011-07-08,152.97
2011-07-11,150.09
2011-07-12,145.45
2011-07-13,144.49
2011-07-14,144.81
2011-07-15,143.85
2011-07-18,139.69
2011-07-19,135.21
2011-07-20,137.61
2011-07-21,140.01
2011-07-22,143.05
2011-07-25,140.33
2011-07-26,143.53
2011-07-27,142.25
2011-07-28,143.05
2011-07-29,139.85
2011-08-01,141.61
2011-08-02,137.45
2011-08-03,133.45
2011-08-04,130.09
2011-08-05,123.85
2011-08-08,122.57
2011-08-09,116.33
2011-08-10,118.73
2011-08-11,115.21
2011-08-12,116.81
2011-08-15,121.13
2011-08-16,121.13
2011-08-17,121.77
2011-08-18,119.05
2011-08-19,114.57
2011-08-22,109.93
2011-08-23,113.77
2011-08-24,112.33
2011-08-25,113.29
2011-08-26,112.33
2011-08-29,116.17
2011-08-30,122.57
2011-08-31,128.33
2011-09-01,130.41
2011-09-02,130.73
2011-09-05,126.57
2011-09-06,128.65
2011-09-07,134.25
2011-09-08,133.77
2011-09-09,133.77
2011-09-14,119.69
2011-09-15,118.89
2011-09-16,122.25
2011-09-19,117.13
2011-09-20,116.97
2011-09-21,120.65
2011-09-22,115.21
2011-09-23,117.45
2011-09-26,115.85
2011-09-27,117.77
2011-09-28,124.97
2011-09-29,124.97
2011-09-30,118.89
2011-10-10,115.53
2011-10-11,116.65
2011-10-12,117.77
2011-10-13,123.85
2011-10-14,121.13
2011-10-17,119.69
2011-10-18,109.29
2011-10-19,112.01
2011-10-20,109.77
2011-10-21,111.21
2011-10-24,117.93
2011-10-25,120.97
2011-10-26,125.13
2011-10-27,136.49
2011-10-28,138.57
2011-10-31,131.37
2011-11-01,127.37
2011-11-02,135.05
2011-11-03,141.61
2011-11-04,141.77
2011-11-07,139.85
2011-11-08,135.05
2011-11-09,137.45
2011-11-10,127.53
2011-11-11,128.97
2011-11-14,133.77
2011-11-15,132.01
2011-11-16,129.45
2011-11-17,126.25
2011-11-18,123.21
2011-11-21,119.53
2011-11-22,118.09
2011-11-23,115.69
2011-11-24,115.85
2011-11-25,112.33
2011-11-28,115.37
2011-11-29,118.09
2011-11-30,115.69
2011-12-01,126.09
2011-12-02,128.01
2011-12-05,128.17
2011-12-06,123.05
2011-12-07,127.85
2011-12-08,126.89
2011-12-09,124.33
2011-12-12,125.13
2011-12-13,120.97
2011-12-14,120.01
2011-12-15,118.73
2011-12-16,123.21
2011-12-19,125.13
2011-12-20,126.73
2011-12-21,130.57
2011-12-22,129.61
2011-12-23,128.17
2011-12-28,126.41
2011-12-29,124.65
2011-12-30,126.41
2012-01-04,125.77
2012-01-05,124.17
2012-01-06,119.69
2012-01-09,122.57
2012-01-10,127.37
2012-01-11,128.49
2012-01-12,127.21
2012-01-13,128.65
2012-01-16,126.25
2012-01-17,127.53
2012-01-18,125.45
2012-01-19,127.53
2012-01-20,132.33
2012-01-30,138.57
2012-01-31,137.13
2012-02-01,135.85
2012-02-02,138.25
2012-02-03,140.33
2012-02-06,141.77
2012-02-07,143.53
2012-02-08,145.61
2012-02-09,143.37
2012-02-10,139.85
2012-02-13,138.41
2012-02-14,136.17
2012-02-15,140.17
2012-02-16,142.25
2012-02-17,146.57
2012-02-20,149.29
2012-02-21,147.53
2012-02-22,150.41
2012-02-23,146.57
2012-02-24,147.53
2012-02-27,149.29
2012-02-28,143.37
2012-02-29,141.13
2012-03-01,138.73
2012-03-02,140.17
2012-03-05,135.85
2012-03-06,129.13
2012-03-07,124.97
2012-03-08,128.49
2012-03-09,131.69
2012-03-12,130.41
2012-03-13,130.73
2012-03-14,128.17
2012-03-15,126.73
2012-03-16,126.25
2012-03-19,124.17
2012-03-20,122.25
2012-03-21,123.21
2012-03-22,121.45
2012-03-23,120.17
2012-03-26,120.33
2012-03-27,124.33
2012-03-28,120.49
2012-03-29,119.21
2012-03-30,120.17
2012-04-05,126.41
2012-04-10,121.93
2012-04-11,119.21
2012-04-12,121.13
2012-04-13,124.81
2012-04-16,121.13
2012-04-17,120.65
2012-04-18,122.25
2012-04-19,122.41
2012-04-20,122.25
2012-04-23,120.97
2012-04-24,119.53
2012-04-25,120.65
2012-04-26,119.53
2012-04-27,119.05
2012-05-02,120.65
2012-05-03,120.81
2012-05-04,120.81
2012-05-07,118.73
2012-05-08,119.69
2012-05-09,116.81
2012-05-10,116.17
2012-05-11,112.81
2012-05-14,110.73
2012-05-15,111.85
2012-05-16,108.81
2012-05-17,108.17
2012-05-18,103.85
2012-05-21,103.37
2012-05-22,107.85
2012-05-23,105.45
2012-05-24,105.45
2012-05-25,105.77
2012-05-28,108.17
2012-05-29,112.97
2012-05-30,112.97
2012-05-31,113.77
2012-06-01,111.37
2012-06-04,107.69
2012-06-05,104.65
2012-06-06,104.81
2012-06-07,102.73
2012-06-08,103.69
2012-06-11,105.93
2012-06-12,105.77
2012-06-13,113.29
2012-06-14,108.01
2012-06-15,110.09
2012-06-18,109.13
2012-06-19,109.29
2012-06-20,111.53
2012-06-21,108.81
2012-06-25,105.13
2012-06-26,107.21
2012-06-27,106.73
2012-06-28,100.49
2012-07-03,102.89
2012-07-04,100.49
2012-07-05,96.97
2012-07-06,94.73
2012-07-09,91.53
2012-07-10,88.33
2012-07-11,88.81
2012-07-12,88.17
2012-07-13,89.77
2012-07-16,89.13
2012-07-17,86.57
2012-07-18,84.65
2012-07-19,80.17
2012-07-20,80.65
2012-07-23,76.97
2012-07-24,75.69
2012-07-25,74.41
2012-07-26,72.81
2012-07-27,76.49
2012-07-30,80.17
2012-07-31,79.53
2012-08-01,83.37
2012-08-02,83.29
2012-08-03,81.94
2012-08-06,85.97
2012-08-07,89.43
2012-08-08,88.47
2012-08-09,91.54
2012-08-10,90.97
2012-08-13,89.24
2012-08-14,90.77
2012-08-15,89.62
2012-08-16,91.35
2012-08-17,91.73
2012-08-20,91.93
2012-08-21,91.16
2012-08-22,89.81
2012-08-23,91.54
2012-08-24,89.24
2012-08-27,86.74
2012-08-28,85.78
2012-08-29,84.25
2012-08-30,83.09
2012-08-31,83.29
2012-09-03,84.25
2012-09-04,85.59
2012-09-05,84.05
2012-09-06,85.01
2012-09-07,92.12
2012-09-10,96.34
2012-09-11,96.34
2012-09-12,96.92
2012-09-13,93.85
2012-09-14,97.49
2012-09-17,99.5
2012-09-18,95.28
2012-09-19,97.77
2012-09-20,94.32
2012-09-21,95.28
2012-09-24,98.16
2012-09-25,97
2012-09-26,93.74
2012-09-27,94.89
2012-09-28,96.24
2012-10-08,96.04
2012-10-09,98.35
2012-10-10,99.31
2012-10-11,103.53
2012-10-12,105.84
2012-10-15,106.6
2012-10-16,106.22
2012-10-17,106.99
2012-10-18,116.97
2012-10-19,116.4
2012-10-22,118.32
2012-10-24,114.48
2012-10-25,110.83
2012-10-26,109.48
2012-10-29,110.44
2012-10-30,108.33
2012-10-31,110.44
2012-11-01,114.86
2012-11-02,120.81
2012-11-05,122.54
2012-11-06,121
2012-11-07,123.12
2012-11-08,116.78
2012-11-09,116.4
2012-11-12,114.48
2012-11-13,110.83
2012-11-14,109.29
2012-11-15,107.95
2012-11-16,111.21
2012-11-19,113.52
2012-11-20,115.24
2012-11-21,116.59
2012-11-22,118.32
2012-11-23,116.4
2012-11-26,115.63
2012-11-27,113.32
2012-11-28,111.21
2012-11-29,112.36
2012-11-30,116.97
2012-12-03,116.4
2012-12-04,119.08
2012-12-05,124.08
2012-12-06,124.65
2012-12-07,131.37
2012-12-10,130.41
2012-12-11,130.22
2012-12-12,134.64
2012-12-13,132.33
2012-12-14,135.4
2012-12-17,136.75
2012-12-18,137.9
2012-12-19,135.79
2012-12-20,136.94
2012-12-21,135.21
2012-12-24,137.52
2012-12-27,136.75
2012-12-28,134.64
2012-12-31,137.13
2013-01-04,142.51
2013-01-07,141.93
2013-01-08,138.09
2013-01-09,139.63
2013-01-10,142.51
2013-01-11,142.7
2013-01-14,140.97
2013-01-15,139.44
2013-01-16,136.94
2013-01-17,134.83
2013-01-18,135.02
2013-01-21,133.29
2013-01-22,132.14
2013-01-23,128.49
2013-01-24,126.76
2013-01-25,125.04
2013-01-28,128.68
2013-01-29,128.1
2013-01-30,130.6
2013-01-31,127.92
2013-02-01,128.68
2013-02-04,130.41
2013-02-05,132.33
2013-02-06,134.06
2013-02-07,132.14
2013-02-08,128.68
2013-02-18,124.46
2013-02-19,121.39
2013-02-20,123.12
2013-02-21,122.35
2013-02-22,120.62
2013-02-25,117.74
2013-02-26,115.05
2013-02-27,119.66
2013-02-28,117.93
2013-03-01,118.12
2013-03-04,115.63
2013-03-05,114.09
2013-03-06,114.86
2013-03-07,111.21
2013-03-08,114.28
2013-03-11,111.6
2013-03-12,111.02
2013-03-13,100.84
2013-03-14,104.3
2013-03-15,101.04
2013-03-18,98.92
2013-03-19,100.65
2013-03-20,106.03
2013-03-21,106.6
2013-03-22,103.92
2013-03-25,102.96
2013-03-26,104.3
2013-03-27,105.07
2013-03-28,104.3
2013-04-02,101.42
2013-04-03,101.23
2013-04-08,103.34
2013-04-09,105.64
2013-04-10,106.41
2013-04-11,108.91
2013-04-12,112.75
2013-04-15,107.37
2013-04-16,106.22
2013-04-17,108.91
2013-04-18,107.37
2013-04-19,108.72
2013-04-22,114.86
2013-04-23,112.75
2013-04-24,112.56
2013-04-25,110.64
2013-04-26,113.52
2013-05-02,110.44
2013-05-03,111.4
2013-05-06,116.4
2013-05-07,117.74
2013-05-08,120.43
2013-05-09,120.04
2013-05-10,121.39
2013-05-13,120.81
2013-05-14,116.2
2013-05-15,115.82
2013-05-16,116.2
2013-05-20,118.51
2013-05-21,122.54
2013-05-22,123.88
2013-05-23,118.89
2013-05-24,115.24
2013-05-27,118.51
2013-05-28,122.16
2013-05-29,119.85
2013-05-30,116.59
2013-05-31,115.24
2013-06-03,112.17
2013-06-04,114.09
2013-06-05,110.44
2013-06-06,106.99
2013-06-07,108.33
2013-06-13,104.11
2013-06-14,101.23
2013-06-17,103.92
2013-06-18,104.3
2013-06-19,102.76
2013-06-20,100.84
2013-06-21,100.46
2013-06-24,97
2013-06-25,96.43
2013-06-26,97.96
2013-06-28,92.97
2013-07-02,95.08
2013-07-03,92.2
2013-07-04,90.48
2013-07-05,93.55
2013-07-08,91.82
2013-07-09,92.2
2013-07-10,93.16
2013-07-11,97.96
2013-07-12,98.73
2013-07-15,100.65
2013-07-16,100.08
2013-07-17,97.39
2013-07-18,96.24
2013-07-19,95.47
2013-07-22,95.85
2013-07-23,101.8
2013-07-24,104.88
2013-07-25,101.96
2013-07-26,103.3
2013-07-29,104.07
2013-07-30,104.07
2013-07-31,104.84
2013-08-01,106.18
2013-08-02,109.44
2013-08-05,108.29
2013-08-06,109.44
2013-08-07,107.33
2013-08-08,109.83
2013-08-09,111.56
2013-08-12,115.97
2013-08-13,119.81
2013-08-14,119.81
2013-08-15,121.54
2013-08-16,118.66
2013-08-19,119.24
2013-08-20,113.86
2013-08-21,115.2
2013-08-22,113.28
2013-08-23,114.44
2013-08-26,116.55
2013-08-27,116.93
2013-08-28,114.05
2013-08-29,114.24
2013-08-30,114.05
2013-09-02,118.47
2013-09-03,123.27
2013-09-04,125
2013-09-05,124.23
2013-09-06,122.69
2013-09-09,126.34
2013-09-10,129.99
2013-09-11,130.56
2013-09-12,127.88
2013-09-13,125.76
2013-09-16,125.96
2013-09-17,123.84
2013-09-18,124.52
2013-09-23,125.86
2013-09-24,125.09
2013-09-25,125.48
2013-09-26,124.71
2013-09-27,124.52
2013-09-30,122.98
2013-10-08,124.33
2013-10-09,122.6
2013-10-10,120.87
2013-10-11,122.79
2013-10-15,124.52
2013-10-16,126.44
2013-10-17,125.48
2013-10-18,135.08
2013-10-21,134.31
2013-10-22,132.01
2013-10-23,131.81
2013-10-24,132.77
2013-10-25,130.66
2013-10-28,126.05
2013-10-29,121.45
2013-10-30,124.52
2013-10-31,125.86
2013-11-01,127.01
2013-11-04,126.63
2013-11-05,127.01
2013-11-06,126.44
2013-11-07,124.9
2013-11-08,122.79
2013-11-11,125.29
2013-11-12,125.67
2013-11-13,120.68
2013-11-14,123.56
2013-11-15,130.28
2013-11-18,135.85
2013-11-19,137.57
2013-11-20,139.49
2013-11-21,138.34
2013-11-22,137.19
2013-11-25,138.15
2013-11-26,139.3
2013-11-27,138.53
2013-11-28,138.73
2013-11-29,138.34
2013-12-02,136.81
2013-12-03,137.19
2013-12-04,137.38
2013-12-05,136.81
2013-12-06,134.89
2013-12-09,140.65
2013-12-10,137
2013-12-11,134.69
2013-12-12,133.16
2013-12-13,135.08
2013-12-16,134.31
2013-12-17,133.16
2013-12-18,133.93
2013-12-19,128.74
2013-12-20,125.67
2013-12-23,126.05
2013-12-24,128.36
2013-12-27,127.4
2013-12-30,127.59
2013-12-31,126.63
2014-01-02,126.82
2014-01-03,122.41
2014-01-06,118.95
2014-01-07,119.14
2014-01-08,120.29
2014-01-09,119.33
2014-01-10,115.88
2014-01-13,116.07
2014-01-14,116.84
2014-01-15,119.33
2014-01-16,117.41
2014-01-17,118.95
2014-01-20,117.22
2014-01-21,118.95
2014-01-22,121.64
2014-01-23,122.79
2014-01-24,120.87
2014-01-27,119.14
2014-01-28,119.53
2014-01-29,120.68
2014-01-30,120.29
2014-02-07,120.49
2014-02-10,120.29
2014-02-11,123.17
2014-02-12,123.75
2014-02-13,121.25
2014-02-14,123.56
2014-02-17,124.33
2014-02-18,122.6
2014-02-19,122.79
2014-02-20,121.83
2014-02-21,121.25
2014-02-24,118.76
2014-02-25,120.49
2014-02-26,119.53
2014-02-27,119.53
2014-02-28,119.14
2014-03-03,118.76
2014-03-04,118.18
2014-03-05,116.65
2014-03-06,114.73
2014-03-07,114.34
2014-03-10,109.35
2014-03-11,107.05
2014-03-12,107.62
2014-03-13,110.31
2014-03-14,110.12
2014-03-17,113.57
2014-03-18,116.26
2014-03-19,116.45
2014-03-20,114.53
2014-03-21,116.84
2014-03-24,117.03
2014-03-25,117.03
2014-03-26,117.99
2014-03-27,115.49
2014-03-28,116.84
2014-03-31,119.33
2014-04-01,121.64
2014-04-02,121.06
2014-04-03,123.56
2014-04-04,121.06
2014-04-08,120.1
2014-04-09,119.33
2014-04-10,123.56
2014-04-11,120.29
2014-04-14,115.88
2014-04-15,115.11
2014-04-16,117.03
2014-04-17,116.07
2014-04-22,115.88
2014-04-23,112.04
2014-04-24,110.31
2014-04-25,109.54
2014-04-28,111.08
2014-04-29,112.61
2014-04-30,110.31
2014-05-05,113
2014-05-07,108.97
2014-05-08,107.43
2014-05-09,107.05
2014-05-12,110.12
2014-05-13,108.58
2014-05-14,112.61
2014-05-15,111.27
2014-05-16,110.5
2014-05-19,109.93
2014-05-20,109.73
2014-05-21,109.73
2014-05-22,110.31
2014-05-23,111.27
2014-05-26,113
2014-05-27,110.5
2014-05-28,116.07
2014-05-29,117.41
2014-05-30,117.8
2014-06-03,119.53
2014-06-04,117.22
2014-06-05,118.76
2014-06-06,117.03
2014-06-09,115.3
2014-06-10,117.8
2014-06-11,118.76
2014-06-13,126.05
2014-06-16,125.48
2014-06-17,122.98
2014-06-18,123.37
2014-06-19,121.06
2014-06-20,120.1
2014-06-23,120.29
2014-06-24,121.64
2014-06-25,121.64
2014-06-26,122.98
2014-06-27,122.41
2014-06-30,121.64
2014-07-02,123.75
2014-07-03,124.9
2014-07-04,127.4
2014-07-07,128.17
2014-07-08,124.52
2014-07-09,123.17
2014-07-10,123.56
2014-07-11,124.33
2014-07-14,124.52
2014-07-15,125.09
2014-07-16,124.33
2014-07-17,125.67
2014-07-18,126.25
2014-07-21,125.86
2014-07-22,128.74
2014-07-23,133.54
2014-07-24,136.04
2014-07-25,136.23
2014-07-28,139.11
2014-07-29,138.92
2014-07-30,139.26
2014-07-31,137.92
2014-08-01,136
2014-08-04,137.92
2014-08-05,137.72
2014-08-06,137.34
2014-08-07,137.15
2014-08-08,137.15
2014-08-11,138.11
2014-08-12,139.07
2014-08-13,141.18
2014-08-14,138.49
2014-08-15,138.68
2014-08-18,137.53
2014-08-19,138.68
2014-08-20,137.72
2014-08-21,135.04
2014-08-22,133.5
2014-08-25,132.16
2014-08-26,132.16
2014-08-27,130.42
2014-08-28,129.47
2014-08-29,127.93
2014-09-01,127.16
2014-09-02,126.97
2014-09-03,130.24
2014-09-04,129.85
2014-09-05,126.2
2014-09-10,124.28
2014-09-11,119.29
2014-09-12,120.06
2014-09-15,120.25
2014-09-16,118.91
2014-09-17,117.37
2014-09-18,116.8
2014-09-19,116.99
2014-09-22,115.84
2014-09-23,116.22
2014-09-24,118.14
2014-09-25,117.56
2014-09-26,117.76
2014-09-29,116.13
2014-09-30,115.55
2014-10-08,116.13
2014-10-09,117.66
2014-10-10,117.09
2014-10-13,114.97
2014-10-14,115.74
2014-10-15,114.4
2014-10-16,113.82
2014-10-17,114.78
2014-10-20,115.17
2014-10-21,115.36
2014-10-22,117.47
2014-10-23,117.66
2014-10-24,116.89
2014-10-27,115.74
2014-10-28,117.28
2014-10-29,121.69
2014-10-30,121.31
2014-10-31,122.08
2014-11-03,120.93
2014-11-04,123.81
2014-11-05,122.27
2014-11-06,120.73
2014-11-07,120.16
2014-11-10,122.46
2014-11-11,122.27
2014-11-12,122.46
2014-11-13,124.77
2014-11-14,123.42
2014-11-17,120.73
2014-11-18,119.39
2014-11-19,119.01
2014-11-20,118.24
2014-11-21,117.66
2014-11-24,119.2
2014-11-25,119.97
2014-11-26,122.08
2014-11-27,121.31
2014-11-28,120.73
2014-12-01,121.12
2014-12-02,124.19
2014-12-03,123.04
2014-12-04,125.92
2014-12-05,126.69
2014-12-08,128.61
2014-12-09,132.64
2014-12-10,133.6
2014-12-11,130.91
2014-12-12,130.14
2014-12-15,128.22
2014-12-16,128.99
2014-12-17,128.61
2014-12-18,130.33
2014-12-19,134.37
2014-12-22,137.05
2014-12-23,135.9
2014-12-24,135.13
2014-12-29,136.29
2014-12-30,132.06
2014-12-31,133.41
2015-01-05,132.64
2015-01-06,132.25
2015-01-07,129.76
2015-01-08,131.29
2015-01-09,130.33
2015-01-12,130.53
2015-01-13,130.53
2015-01-14,130.14
2015-01-15,134.56
2015-01-16,129.18
2015-01-19,125.53
2015-01-20,127.65
2015-01-21,130.14
2015-01-22,130.33
2015-01-23,132.45
2015-01-26,132.64
2015-01-27,130.72
2015-01-28,129.76
2015-01-29,126.11
2015-01-30,126.11
2015-02-02,124
2015-02-03,127.45
2015-02-04,124.77
2015-02-05,127.26
2015-02-06,127.07
2015-02-09,125.15
2015-02-10,126.88
2015-02-11,126.49
2015-02-12,126.49
2015-02-13,128.61
2015-02-16,129.18
2015-02-17,130.33
2015-02-25,128.03
2015-02-26,129.37
2015-02-27,128.8
2015-03-02,128.61
2015-03-03,125.15
2015-03-04,122.85
2015-03-05,118.62
2015-03-06,118.05
2015-03-09,116.89
2015-03-10,116.32
2015-03-11,116.32
2015-03-12,116.89
2015-03-13,116.7
2015-03-16,116.89
2015-03-17,116.51
2015-03-18,117.66
2015-03-19,119.58
2015-03-20,117.66
2015-03-23,119.58
2015-03-24,116.13
2015-03-25,117.47
2015-03-26,117.47
2015-03-27,113.63
2015-03-30,121.31
2015-03-31,122.65
2015-04-01,122.27
2015-04-02,124.38
2015-04-08,130.14
2015-04-09,138.4
2015-04-10,139.93
2015-04-13,145.89
2015-04-14,138.4
2015-04-15,131.1
2015-04-16,135.71
2015-04-17,135.13
2015-04-20,131.87
2015-04-21,132.45
2015-04-22,137.63
2015-04-23,139.36
2015-04-24,140.32
2015-04-27,138.21
2015-04-28,134.56
2015-04-29,130.14
2015-04-30,126.3
2015-05-04,126.69
2015-05-05,123.61
2015-05-06,121.89
2015-05-07,120.54
2015-05-08,123.04
2015-05-11,121.89
2015-05-12,121.69
2015-05-13,120.16
2015-05-14,119.01
2015-05-15,119.77
2015-05-18,118.24
2015-05-19,119.2
2015-05-20,119.39
2015-05-21,119.39
2015-05-22,120.16
2015-05-26,121.12
2015-05-27,119.77
2015-05-28,118.43
2015-05-29,119.01
2015-06-01,122.08
2015-06-02,122.46
2015-06-03,119.2
2015-06-04,114.97
2015-06-05,113.25
2015-06-08,107.1
2015-06-09,103.45
2015-06-10,103.65
2015-06-11,103.84
2015-06-12,105.37
2015-06-15,104.03
2015-06-16,100.19
2015-06-17,101.34
2015-06-18,100
2015-06-19,100.38
2015-06-23,103.45
2015-06-24,104.99
2015-06-25,107.49
2015-06-26,107.68
2015-06-29,104.8
2015-06-30,107.1
2015-07-02,106.72
2015-07-03,106.72
2015-07-06,101.92
2015-07-07,94.24
2015-07-08,86.75
2015-07-09,96.35
2015-07-10,99.42
2015-07-13,105.37
2015-07-14,102.69
2015-07-15,90.97
2015-07-16,95.2
2015-07-17,92.74
2015-07-20,92.13
2015-07-21,91.97
2015-07-22,89.82
2015-07-23,95.04
2015-07-24,93.82
2015-07-27,90.74
2015-07-28,90.59
2015-07-29,92.28
2015-07-30,94.74
2015-07-31,97.96
2015-08-03,93.97
2015-08-04,94.28
2015-08-05,97.35
2015-08-06,96.58
2015-08-07,96.12
2015-08-10,93.66
2015-08-11,95.81
2015-08-12,91.97
2015-08-13,92.59
2015-08-14,92.28
2015-08-17,92.59
2015-08-18,91.36
2015-08-19,91.36
2015-08-20,86.9
2015-08-21,82.76
2015-08-24,76.15
2015-08-25,73.77
2015-08-26,72.93
2015-08-27,71.08
2015-08-28,73
2015-08-31,72.62
2015-09-01,70.08
2015-09-02,69.47
2015-09-07,69.24
2015-09-08,71.77
2015-09-09,74.46
2015-09-10,75.31
2015-09-11,75.23
2015-09-14,74.69
2015-09-15,72.77
2015-09-16,74.08
2015-09-17,74.16
2015-09-18,74.16
2015-09-21,70.4
2015-09-22,70.17
2015-09-23,69.1
2015-09-24,67.79
2015-09-25,69.86
2015-09-29,64.18
2015-09-30,64.72
2015-10-08,76.62
2015-10-09,78.08
2015-10-12,79.23
2015-10-13,78.85
2015-10-14,75.62
2015-10-15,77.16
2015-10-16,76.7
2015-10-19,74.86
2015-10-20,73.17
2015-10-22,76.24
2015-10-23,75.47
2015-10-26,79.62
2015-10-27,79.46
2015-10-28,76.85
2015-10-29,76.47
2015-10-30,73.09
2015-11-02,72.48
2015-11-03,75.62
2015-11-04,78.24
2015-11-05,76.93
2015-11-06,76.08
2015-11-09,74.86
2015-11-10,74.01
2015-11-11,72.71
2015-11-12,74.4
2015-11-13,73.09
2015-11-16,72.09
2015-11-17,73.47
2015-11-18,73.32
2015-11-19,73.01
2015-11-20,74.32
2015-11-23,74.16
2015-11-24,73.7
2015-11-25,73.4
2015-11-26,72.78
2015-11-27,72.48
2015-11-30,70.94
2015-12-01,70.71
2015-12-02,71.25
2015-12-03,71.32
2015-12-04,71.86
2015-12-07,71.25
2015-12-08,70.25
2015-12-09,70.63
2015-12-10,69.79
2015-12-11,71.02
2015-12-14,71.02
2015-12-15,70.09
2015-12-16,69.17
2015-12-17,70.63
2015-12-18,71.32
2015-12-21,72.48
2015-12-22,72.71
2015-12-23,73.86
2015-12-24,73.86
2015-12-28,74.4
2015-12-29,74.7
2015-12-30,73.63
2015-12-31,75.39
2016-01-04,71.55
2016-01-05,71.55
2016-01-06,70.4
2016-01-07,69.48
2016-01-08,69.1
2016-01-11,67.87
2016-01-12,68.1
2016-01-13,69.48
2016-01-14,68.02
2016-01-15,67.18
2016-01-18,66.41
2016-01-19,66.72
2016-01-20,62.26
2016-01-21,60.03
2016-01-22,64.8
2016-01-25,65.56
2016-01-26,65.72
2016-01-27,65.49
2016-01-28,64.72
2016-01-29,66.33
2016-02-01,68.94
2016-02-02,65.03
2016-02-03,62.72
2016-02-04,64.18
2016-02-05,65.03
2016-02-15,66.72
2016-02-16,68.87
2016-02-17,65.41
2016-02-18,67.79
2016-02-19,65.33
2016-02-22,66.25
2016-02-23,65.72
2016-02-24,66.1
2016-02-25,64.87
2016-02-26,65.26
2016-02-29,63.95
2016-03-01,67.33
2016-03-02,69.4
2016-03-03,68.94
2016-03-04,75.62
2016-03-07,75.16
2016-03-08,75.47
2016-03-09,74.63
2016-03-10,74.55
2016-03-11,74.78
2016-03-14,76.85
2016-03-15,76.7
2016-03-16,74.78
2016-03-17,75.39
2016-03-18,77.16
2016-03-21,77.08
2016-03-22,76.55
2016-03-23,75.93
2016-03-24,75.7
2016-03-29,76.24
2016-03-30,75.47
2016-03-31,76.24
2016-04-01,81.46
2016-04-05,83.38
2016-04-06,83.46
2016-04-07,84.46
2016-04-08,82.61
2016-04-11,85.84
2016-04-12,91.06
2016-04-13,91.37
2016-04-14,94.29
2016-04-15,90.91
2016-04-18,90.6
2016-04-19,91.83
2016-04-20,88.6
2016-04-21,88.45
2016-04-22,87.37
2016-04-25,85.45
2016-04-26,82.92
2016-04-27,83.38
2016-04-28,84.46
2016-04-29,81.38
2016-05-03,79.77
2016-05-04,81.84
2016-05-05,80.92
2016-05-06,79.85
2016-05-09,75.85
2016-05-10,75.55
2016-05-11,77.62
2016-05-12,77.93
2016-05-13,75.55
2016-05-16,77.85
2016-05-17,78.62
2016-05-18,77.31
2016-05-19,76.24
2016-05-20,75.7
2016-05-23,76.62
2016-05-24,76.62
2016-05-25,79.16
2016-05-26,78.93
2016-05-27,78.93
2016-05-30,77.08
2016-05-31,79.23
2016-06-01,78.54
2016-06-02,77.01
2016-06-03,77.47
2016-06-06,76.39
2016-06-07,77.31
2016-06-08,75.78
2016-06-13,74.01
2016-06-14,73.7
2016-06-15,74.24
2016-06-16,73.09
2016-06-17,73.55
2016-06-22,73.32
2016-06-23,73.4
2016-06-24,73.4
2016-06-27,73.24
2016-06-28,70.79
2016-06-29,70.56
2016-06-30,70.48
2016-07-04,72.62
2016-07-05,70.54
2016-07-06,69.7
2016-07-07,70.39
2016-07-08,69.62
2016-07-11,70.08
2016-07-12,72.15
2016-07-13,72.54
2016-07-14,73.08
2016-07-15,75.61
2016-07-18,76.38
2016-07-19,77.68
2016-07-20,79.45
2016-07-21,81.98
2016-07-22,80.37
2016-07-25,81.22
2016-07-26,80.37
2016-07-27,81.06
2016-07-28,83.37
2016-07-29,81.83
2016-08-01,83.14
2016-08-03,85.36
2016-08-04,89.66
2016-08-05,88.44
2016-08-08,90.43
2016-08-09,89.05
2016-08-10,88.59
2016-08-11,86.67
2016-08-12,87.13
2016-08-15,89.66
2016-08-16,87.98
2016-08-17,87.05
2016-08-18,86.82
2016-08-19,86.21
2016-08-22,83.14
2016-08-23,82.52
2016-08-24,84.98
2016-08-25,85.52
2016-08-26,85.67
2016-08-29,85.59
2016-08-30,86.52
2016-08-31,85.59
2016-09-01,85.52
2016-09-02,83.37
2016-09-05,86.52
2016-09-06,91.51
2016-09-07,92.89
2016-09-08,91.82
2016-09-09,91.97
2016-09-12,88.59
2016-09-13,88.13
2016-09-14,89.2
2016-09-19,89.36
2016-09-20,91.05
2016-09-21,93.32
2016-09-22,92.25
2016-09-23,93.63
2016-09-26,90.56
2016-09-27,91.33
2016-09-28,91.79
2016-09-29,92.56
2016-09-30,91.17
2016-10-11,94.71
2016-10-12,93.94
2016-10-13,93.48
2016-10-14,96.24
2016-10-17,95.32
2016-10-18,96.4
2016-10-19,95.93
2016-10-20,95.78
2016-10-24,100.54
2016-10-25,103.15
2016-10-26,105
2016-10-27,104.69
2016-10-28,102.23
2016-10-31,101.31
2016-11-01,101.16
2016-11-02,101.62
2016-11-03,100.54
2016-11-04,102.85
2016-11-07,106.07
2016-11-08,106.84
2016-11-09,106.38
2016-11-10,111.29
2016-11-11,110.22
2016-11-14,108.22
2016-11-15,104.08
2016-11-16,104.69
2016-11-17,106.99
2016-11-18,104.23
2016-11-21,106.99
2016-11-22,107.3
2016-11-23,105.61
2016-11-24,104.84
2016-11-25,105.3
2016-11-28,105.77
2016-11-29,105
2016-11-30,107.3
2016-12-01,114.98
2016-12-02,112.83
2016-12-05,112.06
2016-12-06,111.14
2016-12-07,110.37
2016-12-08,108.38
2016-12-09,108.68
2016-12-12,104.23
2016-12-13,104.23
2016-12-14,106.99
2016-12-15,104.38
2016-12-16,103.61
2016-12-19,104.08
2016-12-20,103.31
2016-12-21,104.54
2016-12-22,103.92
2016-12-23,103.92
2016-12-28,103.46
2016-12-29,103.46
2016-12-30,103
2017-01-03,104.08
2017-01-04,107.3
2017-01-05,110.53
2017-01-06,109.3
2017-01-09,108.38
2017-01-10,113.14
2017-01-11,111.91
2017-01-12,109.61
2017-01-13,111.45
2017-01-16,109.91
2017-01-17,110.22
2017-01-18,112.68
2017-01-19,115.13
2017-01-20,112.68
2017-01-23,114.83
2017-01-24,118.67
2017-01-25,118.05
2017-01-26,118.05
2017-02-03,117.44
2017-02-06,117.75
2017-02-07,121.13
2017-02-08,121.59
2017-02-09,120.36
2017-02-10,120.51
2017-02-13,123.28
2017-02-14,121.89
2017-02-15,123.58
2017-02-16,121.59
2017-02-17,117.9
2017-02-20,119.44
2017-02-21,118.05
2017-02-22,123.28
2017-02-23,120.51
2017-02-24,117.59
2017-02-27,116.82
2017-02-28,116.21
2017-03-01,116.98
2017-03-02,118.21
2017-03-03,117.75
2017-03-06,119.28
2017-03-07,120.82
2017-03-08,122.2
2017-03-09,119.9
2017-03-10,118.36
2017-03-13,120.51
2017-03-14,123.12
2017-03-15,120.82
2017-03-16,122.66
2017-03-17,122.66
2017-03-20,124.04
2017-03-21,126.19
2017-03-22,124.2
2017-03-23,118.67
2017-03-24,116.52
2017-03-27,116.82
2017-03-28,117.13
2017-03-29,117.13
2017-03-30,117.75
2017-03-31,116.67
2017-04-05,117.44
2017-04-06,115.6
2017-04-07,115.44
2017-04-10,116.21
2017-04-11,116.06
2017-04-12,116.06
2017-04-13,113.6
2017-04-18,113.45
2017-04-19,110.53
2017-04-20,113.6
2017-04-21,110.53
2017-04-24,107.92
2017-04-25,109.45
2017-04-26,110.99
2017-04-27,107.92
2017-04-28,108.22
2017-05-02,106.84
2017-05-04,105.77
2017-05-05,103.15
2017-05-08,102.54
2017-05-09,105.61
2017-05-10,103.92
2017-05-11,107.92
2017-05-12,107.3
2017-05-15,108.22
2017-05-16,110.22
2017-05-17,110.07
2017-05-18,106.53
2017-05-19,106.84
2017-05-22,107.15
2017-05-23,106.23
2017-05-24,107.92
2017-05-25,111.76
2017-05-26,112.52
2017-05-31,108.38
2017-06-01,110.53
2017-06-02,112.06
2017-06-05,112.68
2017-06-06,105.46
2017-06-07,106.69
2017-06-08,105
2017-06-09,103.92
2017-06-12,104.23
2017-06-13,105.46
2017-06-14,105.46
2017-06-15,102.69
2017-06-16,105.77
2017-06-19,107.45
2017-06-20,107.15
2017-06-21,107.45
2017-06-22,109.45
2017-06-23,108.27
2017-06-26,113.65
2017-06-27,112.73
2017-06-28,116.41
2017-06-29,120.56
2017-06-30,118.56
2017-07-03,118.41
2017-07-04,116.41
2017-07-05,117.64
2017-07-06,122.4
2017-07-07,124.09
2017-07-10,125.02
2017-07-11,121.48
2017-07-12,124.86
2017-07-13,137.3
2017-07-14,134.54
2017-07-17,136.38
2017-07-18,133.16
2017-07-19,135
2017-07-20,134.69
2017-07-21,131.31
2017-07-24,128.09
2017-07-25,128.09
2017-07-26,123.94
2017-07-27,124.4
2017-07-28,125.78
2017-07-31,129.16
2017-08-01,128.55
2017-08-02,128.55
2017-08-03,133.62
2017-08-04,134.08
2017-08-07,135.46
2017-08-08,136.38
2017-08-09,138.53
2017-08-10,136.38
2017-08-11,133
2017-08-14,134.85
2017-08-15,132.85
2017-08-16,133.31
2017-08-17,133.16
2017-08-18,130.39
2017-08-21,132.54
2017-08-22,133
2017-08-24,131.62
2017-08-25,131.47
2017-08-28,130.39
2017-08-29,129.78
2017-08-30,132.54
2017-08-31,137.3
2017-09-01,143.91
2017-09-04,146.98
2017-09-05,147.6
2017-09-06,147.13
2017-09-07,144.83
2017-09-08,145.44
2017-09-11,147.75
2017-09-12,151.13
2017-09-13,151.28
2017-09-14,159.27
2017-09-15,154.97
2017-09-18,153.43
2017-09-19,154.05
2017-09-20,154.66
2017-09-21,154.2
2017-09-22,148.67
2017-09-25,144.22
2017-09-26,146.37
2017-09-27,143.45
2017-09-28,145.24
2017-09-29,147.7
2017-10-09,149.39
2017-10-10,152.76
2017-10-11,154.3
2017-10-12,157.53
2017-10-13,160.6
2017-10-16,157.83
2017-10-17,155.38
2017-10-18,158.29
2017-10-19,148.77
2017-10-20,150.61
2017-10-23,150.31
2017-10-24,152.15
2017-10-25,156.3
2017-10-26,157.53
2017-10-27,154.3
2017-10-30,158.14
2017-10-31,165.21
2017-11-01,168.74
2017-11-02,173.19
2017-11-03,163.36
2017-11-06,166.28
2017-11-07,166.13
2017-11-08,166.13
2017-11-09,167.36
2017-11-10,167.97
2017-11-13,166.44
2017-11-14,164.13
2017-11-15,156.3
2017-11-16,157.22
2017-11-17,156.45
2017-11-20,149.54
2017-11-21,147.54
2017-11-22,153.38
2017-11-23,146.62
2017-11-24,147.24
2017-11-27,147.54
2017-11-28,151.38
2017-11-29,148.46
2017-11-30,150
2017-12-01,147.39
2017-12-04,137.25
2017-12-05,137.1
2017-12-06,136.79
2017-12-07,135.41
2017-12-08,138.94
2017-12-11,140.32
2017-12-12,138.94
2017-12-13,137.56
2017-12-14,140.94
2017-12-15,139.86
2017-12-18,140.48
2017-12-19,143.09
2017-12-20,145.39
2017-12-21,145.08
2017-12-22,143.4
2017-12-27,150.46
2017-12-28,148.62
2017-12-29,147.7
2018-01-02,150.31
2018-01-03,155.22
2018-01-04,154.15
2018-01-05,156.3
2018-01-08,167.2
2018-01-09,166.74
2018-01-10,165.21
2018-01-11,162.9
2018-01-12,170.43
2018-01-15,166.74
2018-01-16,169.81
2018-01-17,169.81
2018-01-18,169.81
2018-01-19,171.66
2018-01-22,174.42
2018-01-23,178.11
2018-01-24,176.27
2018-01-25,174.73
2018-01-26,172.58
2018-01-29,173.5
2018-01-30,169.51
2018-01-31,166.44
2018-02-01,162.6
2018-02-02,165.36
2018-02-05,163.67
2018-02-06,155.99
2018-02-07,157.37
2018-02-08,159.68
2018-02-09,149.85
2018-02-12,149.85
2018-02-13,151.38
2018-02-14,153.07
2018-02-22,157.22
2018-02-23,159.06
2018-02-26,156.76
2018-02-27,157.37
2018-02-28,151.69
2018-03-01,154.61
2018-03-02,148.31
2018-03-05,145.08
2018-03-06,146.77
2018-03-07,147.54
2018-03-08,148.31
2018-03-09,148.77
2018-03-12,150.77
2018-03-13,150.46
2018-03-14,150.15
2018-03-15,152.76
2018-03-16,152.61
2018-03-19,151.08
2018-03-20,149.23
2018-03-21,146.62
2018-03-22,146.16
2018-03-23,142.47
2018-03-26,140.94
2018-03-27,144.93
2018-03-28,141.71
2018-03-29,151.38
2018-04-03,159.98
2018-04-04,164.13
2018-04-09,165.97
2018-04-10,164.13
2018-04-11,163.82
2018-04-12,165.36
2018-04-13,168.74
2018-04-16,161.37
2018-04-17,159.06
2018-04-18,164.28
2018-04-19,161.67
2018-04-20,162.29
2018-04-23,158.76
2018-04-24,168.43
2018-04-25,164.59
2018-04-26,162.75
2018-04-27,163.06
2018-05-02,154.15
2018-05-03,159.22
2018-05-04,154.45
2018-05-07,153.69
2018-05-08,157.68
2018-05-09,156.3
2018-05-10,158.6
2018-05-11,160.6
2018-05-14,165.21
2018-05-15,166.44
2018-05-16,163.36
2018-05-17,169.2
2018-05-18,175.34
2018-05-21,171.04
2018-05-23,171.04
2018-05-24,172.58
2018-05-25,175.34
2018-05-28,181.18
2018-05-29,177.8
2018-05-30,173.81
2018-05-31,177.8
2018-06-01,175.34
2018-06-04,183.64
2018-06-05,182.41
2018-06-06,182.72
2018-06-07,187.02
2018-06-08,181.18
2018-06-11,188.25
2018-06-12,198.69
2018-06-13,201.15
2018-06-14,191.93
2018-06-15,196.54
2018-06-19,189.48
2018-06-20,185.17
2018-06-21,184.25
2018-06-22,190.4
2018-06-25,180.57
2018-06-26,176.88
2018-06-27,172.58
2018-06-28,171.96
2018-06-29,182.41
2018-07-03,169.81
2018-07-04,159.52
2018-07-05,159.77
2018-07-06,163.15
2018-07-09,169.76
2018-07-10,165.46
2018-07-11,168.84
2018-07-12,166.68
2018-07-13,168.07
2018-07-16,166.84
2018-07-17,167.15
2018-07-18,168.22
2018-07-19,168.07
2018-07-20,167.15
2018-07-23,157.62
2018-07-24,170.68
2018-07-25,173.6
2018-07-26,173.6
2018-07-27,173.75
2018-07-30,168.84
2018-07-31,167.91
2018-08-01,176.05
2018-08-02,157.47
2018-08-03,150.1
2018-08-06,152.09
2018-08-07,156.55
2018-08-08,157.78
2018-08-09,157.78
2018-08-10,156.09
2018-08-13,152.25
2018-08-14,154.86
2018-08-15,148.87
2018-08-16,148.1
2018-08-17,144.87
2018-08-20,148.41
2018-08-21,153.94
2018-08-22,153.63
2018-08-23,145.33
2018-08-24,144.57
2018-08-27,145.95
2018-08-28,148.87
2018-08-29,146.26
2018-08-30,146.26
2018-08-31,148.71
2018-09-03,154.4
2018-09-04,149.02
2018-09-05,146.56
2018-09-06,143.8
2018-09-07,144.26
2018-09-10,144.57
2018-09-11,147.64
2018-09-12,153.48
2018-09-13,161
2018-09-14,161.92
2018-09-17,159.47
2018-09-18,163.1
2018-09-19,169.85
2018-09-20,169.24
2018-09-21,175.38
2018-09-26,173.69
2018-09-27,169.24
2018-09-28,173.08
2018-10-08,164.79
2018-10-09,164.94
2018-10-10,163.25
2018-10-11,151.27
2018-10-12,156.18
2018-10-15,154.34
2018-10-16,147.43
2018-10-18,148.35
2018-10-19,149.73
2018-10-22,156.8
2018-10-23,151.58
2018-10-24,147.74
2018-10-25,148.04
2018-10-26,148.5
2018-10-29,143.44
2018-10-30,142.67
2018-10-31,143.13
2018-11-01,147.28
2018-11-02,153.42
2018-11-05,151.58
2018-11-06,154.03
2018-11-07,152.81
2018-11-08,151.73
2018-11-09,150.81
2018-11-12,150.35
2018-11-13,149.73
2018-11-14,149.73
2018-11-15,151.58
2018-11-16,153.57
2018-11-19,157.41
2018-11-20,152.96
2018-11-21,151.88
2018-11-22,154.65
2018-11-23,151.58
2018-11-26,153.73
2018-11-27,152.81
2018-11-28,152.81
2018-11-29,155.26
2018-11-30,153.11
2018-12-03,161.1
2018-12-04,160.95
2018-12-05,156.18
2018-12-06,154.8
2018-12-07,154.8
2018-12-10,152.65
2018-12-11,150.81
2018-12-12,152.5
2018-12-13,159.1
2018-12-14,157.87
2018-12-17,159.1
2018-12-18,160.33
2018-12-19,159.72
2018-12-20,156.49
2018-12-21,155.88
2018-12-24,155.42
2018-12-27,158.8
2018-12-28,158.18
2019-01-02,158.18
2019-01-03,154.96
2019-01-04,157.57
2019-01-07,157.57
2019-01-08,157.57
2019-01-09,159.56
2019-01-10,161.71
2019-01-11,162.64
2019-01-14,165.4
2019-01-15,167.55
2019-01-16,166.32
2019-01-17,168.93
2019-01-18,169.24
2019-01-21,171.54
2019-01-22,172.31
2019-01-23,172.31
2019-01-24,174.16
2019-01-25,180.76
2019-01-28,180.76
2019-01-29,184.75
2019-01-30,183.83
2019-01-31,185.37
2019-02-01,189.05
2019-02-11,188.44
2019-02-12,193.66
2019-02-13,194.58
2019-02-14,193.05
2019-02-15,183.53
2019-02-18,194.89
2019-02-19,193.66
2019-02-20,193.36
2019-02-21,194.89
2019-02-22,194.28
2019-02-25,196.43
2019-02-26,198.58
2019-02-27,194.89
2019-02-28,191.51
2019-03-01,197.66
2019-03-04,211.48
2019-03-05,207.79
2019-03-06,205.34
2019-03-07,203.8
2019-03-08,195.2
2019-03-11,197.35
2019-03-12,202.57
2019-03-13,194.89
2019-03-14,192.13
2019-03-15,196.12
2019-03-18,209.02
2019-03-19,209.94
2019-03-20,214.55
2019-03-21,215.17
2019-03-22,213.02
2019-03-25,209.02
2019-03-26,212.4
2019-03-27,216.09
2019-03-28,213.94
2019-03-29,216.7
2019-04-01,221.31
2019-04-02,235.13
2019-04-03,234.21
2019-04-04,237.29
2019-04-08,253.57
2019-04-09,249.88
2019-04-10,252.95
2019-04-11,240.97
2019-04-12,240.36
2019-04-15,238.51
2019-04-16,238.21
2019-04-17,246.81
2019-04-18,244.04
2019-04-23,232.06
2019-04-24,232.98
2019-04-25,222.23
2019-04-26,222.23
2019-04-29,226.84
2019-04-30,221
2019-05-06,219.47
2019-05-07,219.77
2019-05-08,213.63
2019-05-09,210.56
2019-05-10,219.77
2019-05-14,210.87
2019-05-15,213.32
2019-05-16,210.56
2019-05-17,203.8
2019-05-20,198.58
2019-05-21,200.73
2019-05-22,203.8
2019-05-23,195.81
2019-05-24,199.5
2019-05-27,200.11
2019-05-28,204.72
2019-05-29,205.34
2019-05-30,206.87
2019-05-31,207.18
2019-06-03,207.18
2019-06-04,201.96
2019-06-05,204.72
2019-06-06,205.34
2019-06-10,214.55
2019-06-11,227.15
2019-06-12,225.3
2019-06-13,222.23
2019-06-14,223.77
2019-06-17,222.85
2019-06-18,220.08
2019-06-19,228.07
2019-06-20,227.76
2019-06-21,225.3
2019-06-24,225.61
2019-06-25,221.31
2019-06-26,224.08
2019-06-27,223.15
2019-06-28,226.84
2019-07-02,228.38
2019-07-03,225
2019-07-04,225.61
2019-07-05,221.93
2019-07-08,217.9
2019-07-09,217.59
2019-07-10,219.74
2019-07-11,215.44
2019-07-12,217.29
2019-07-15,219.74
2019-07-16,222.51
2019-07-17,226.81
2019-07-18,222.2
2019-07-19,227.12
2019-07-22,222.51
2019-07-23,221.89
2019-07-24,221.28
2019-07-25,222.51
2019-07-26,215.14
2019-07-29,215.14
2019-07-30,217.9
2019-07-31,216.37
2019-08-01,210.84
2019-08-02,206.23
2019-08-05,201.93
2019-08-06,199.16
2019-08-07,198.55
2019-08-08,204.38
2019-08-09,202.23
2019-08-12,202.23
2019-08-13,197.93
2019-08-14,196.09
2019-08-15,197.63
2019-08-16,199.47
2019-08-19,205
2019-08-20,208.38
2019-08-21,205.61
2019-08-22,205.61
2019-08-23,205.92
2019-08-26,199.47
2019-08-27,202.85
2019-08-28,203.77
2019-08-29,206.53
2019-08-30,213.29
2019-09-02,213.29
2019-09-03,207.76
2019-09-04,207.76
2019-09-05,216.67
2019-09-06,226.2
2019-09-09,225.58
2019-09-10,220.67
2019-09-11,224.35
2019-09-12,226.2
2019-09-16,222.51
2019-09-17,217.59
2019-09-18,215.44
2019-09-19,210.84
2019-09-20,213.91
2019-09-23,211.14
2019-09-24,212.68
2019-09-25,210.53
2019-09-26,206.63
2019-09-27,205.71
2019-09-30,205.1
2019-10-08,201.72
2019-10-09,198.34
2019-10-10,203.56
2019-10-11,213.39
2019-10-14,222.61
2019-10-15,219.54
2019-10-16,218.31
2019-10-17,218.92
2019-10-18,218.92
2019-10-21,218.92
2019-10-22,216.46
2019-10-23,220.15
2019-10-24,222.3
2019-10-25,224.76
2019-10-28,228.14
2019-10-29,226.6
2019-10-30,224.76
2019-10-31,221.69
2019-11-01,233.67
2019-11-04,241.66
2019-11-05,244.42
2019-11-06,241.35
2019-11-07,244.42
2019-11-08,244.11
2019-11-11,239.2
2019-11-12,238.58
2019-11-13,237.35
2019-11-14,234.59
2019-11-15,232.75
2019-11-18,239.5
2019-11-19,242.27
2019-11-20,237.35
2019-11-21,233.05
2019-11-22,237.35
2019-11-25,247.8
2019-11-26,244.42
2019-11-27,243.81
2019-11-28,241.35
2019-11-29,237.05
2019-12-02,242.27
2019-12-03,244.11
2019-12-04,243.19
2019-12-05,248.41
2019-12-06,251.18
2019-12-09,252.41
2019-12-10,251.79
2019-12-11,252.41
2019-12-12,254.56
2019-12-13,261.93
2019-12-16,262.24
2019-12-17,263.47
2019-12-18,262.85
2019-12-19,266.54
2019-12-20,265.31
2019-12-23,268.07
2019-12-24,269
2019-12-27,275.75
2019-12-30,279.13
2019-12-31,284.05
2020-01-02,297.26
2020-01-03,293.57
2020-01-06,287.12
2020-01-07,283.13
2020-01-08,276.06
2020-01-09,280.06
2020-01-10,276.06
2020-01-13,271.76
2020-01-14,271.45
2020-01-15,272.99
2020-01-16,267.15
2020-01-17,274.53
2020-01-20,275.45
2020-01-21,264.39
2020-01-22,266.54
2020-01-23,255.79
2020-02-03,241.35
2020-02-04,247.8
2020-02-05,257.32
2020-02-06,259.17
2020-02-07,255.79
2020-02-10,260.39
2020-02-11,271.15
2020-02-12,267.77
2020-02-13,271.45
2020-02-14,270.22
2020-02-17,275.14
2020-02-18,274.83
2020-02-19,270.84
2020-02-20,271.15
2020-02-21,276.98
2020-02-24,268.07
2020-02-25,261.93
2020-02-26,262.54
2020-02-27,277.29
2020-02-28,267.15
2020-03-02,274.22
2020-03-03,266.54
2020-03-04,263.77
2020-03-05,268.38
2020-03-06,257.63
2020-03-09,249.64
2020-03-10,253.33
2020-03-11,254.25
2020-03-12,248.11
2020-03-13,247.49
2020-03-16,225.37
2020-03-17,222.61
2020-03-18,213.09
2020-03-19,209.09
2020-03-20,222.61
2020-03-23,210.32
2020-03-24,222.3
2020-03-25,234.28
2020-03-26,233.05
2020-03-27,229.37
2020-03-30,216.77
2020-03-31,223.22
2020-04-01,227.22
2020-04-02,230.6
2020-04-03,232.75
2020-04-07,237.66
2020-04-08,241.04
2020-04-09,241.96
2020-04-14,244.73
2020-04-15,247.18
2020-04-16,241.96
2020-04-17,250.87
2020-04-20,251.49
2020-04-21,250.87
2020-04-22,245.65
2020-04-23,244.11
2020-04-24,238.58
2020-04-27,240.12
2020-04-28,236.74
2020-04-29,239.81
2020-05-06,258.24
2020-05-07,263.77
2020-05-08,261.01
2020-05-11,262.85
2020-05-12,258.86
2020-05-13,258.55
2020-05-14,258.55
2020-05-15,251.79
2020-05-18,252.1
2020-05-19,257.32
2020-05-20,253.02
2020-05-21,250.56
2020-05-22,242.27
2020-05-25,243.81
2020-05-26,241.66
2020-05-27,240.73
2020-05-28,240.73
2020-05-29,237.66
2020-06-01,247.18
2020-06-02,246.57
2020-06-03,257.94
2020-06-04,256.71
2020-06-05,252.71
2020-06-08,254.25
2020-06-09,258.55
2020-06-10,256.09
2020-06-11,249.64
2020-06-12,246.26
2020-06-15,240.43
2020-06-16,246.88
2020-06-17,247.8
2020-06-18,250.87
2020-06-19,257.32
2020-06-22,247.8
2020-06-23,245.96
2020-06-24,250.87
2020-06-29,251.79
2020-06-30,253.33
2020-07-02,276.68
2020-07-03,278.83
2020-07-06,285.89
2020-07-07,281.28
2020-07-08,289.58
2020-07-09,294.19
2020-07-10,286.2
2020-07-13,295.11
2020-07-14,296.34
2020-07-15,302.48
2020-07-16,293.88
2020-07-17,296.95
2020-07-20,309.24
2020-07-21,310.47
2020-07-22,304.02
2020-07-23,304.46
2020-07-24,293.4
2020-07-27,297.09
2020-07-28,297.4
2020-07-29,299.55
2020-07-30,295.55
2020-07-31,290.64
2020-08-03,299.55
2020-08-04,299.24
2020-08-05,297.4
2020-08-06,296.78
2020-08-07,294.32
2020-08-10,293.4
2020-08-11,287.87
2020-08-12,285.72
2020-08-13,286.03
2020-08-14,290.33
2020-08-17,292.79
2020-08-18,294.94
2020-08-19,288.49
2020-08-20,283.26
2020-08-21,277.73
2020-08-24,282.34
2020-08-25,290.33
2020-08-26,286.34
2020-08-27,284.19
2020-08-28,275.28
2020-08-31,274.36
2020-09-01,278.35
2020-09-02,278.35
2020-09-03,278.04
2020-09-04,279.58
2020-09-07,265.14
2020-09-08,270.05
2020-09-09,262.68
2020-09-10,262.68
2020-09-11,258.69
2020-09-14,260.22
2020-09-15,275.89
2020-09-16,273.43
2020-09-17,285.85
2020-09-18,295.98
2020-09-21,285.23
2020-09-22,282.47
2020-09-23,276.63
2020-09-24,270.79
2020-09-25,265.88
2020-09-28,267.41
2020-09-29,265.88
2020-09-30,274.79
2020-10-09,286.15
2020-10-12,293.53
2020-10-14,296.29
2020-10-15,287.07
2020-10-16,287.07
