date,signal_P1I1,pos_NTN1M_P1I1,pos_CNH1M_P1I1,buy_NTN1M_P1I1,buy_CNH1M_P1I1,sell_NTN1M_P1I1,sell_CNH1M_P1I1,signal_P1I2,pos_CNH1M_P1I2,pos_CNH2M_P1I2,buy_CNH1M_P1I2,buy_CNH2M_P1I2,sell_CNH1M_P1I2,sell_CNH2M_P1I2,signal_P1I3,pos_CNH1M_P1I3,pos_CNH3M_P1I3,buy_CNH1M_P1I3,buy_CNH3M_P1I3,sell_CNH1M_P1I3,sell_CNH3M_P1I3,signal_P1I4,pos_CNH1M_P1I4,pos_CNH6M_P1I4,buy_CNH1M_P1I4,buy_CNH6M_P1I4,sell_CNH1M_P1I4,sell_CNH6M_P1I4,signal_P1I5,pos_CNH1M_P1I5,pos_CNH12M_P1I5,buy_CNH1M_P1I5,buy_CNH12M_P1I5,sell_CNH1M_P1I5,sell_CNH12M_P1I5,signal_P1I6,pos_CNH6M_P1I6,pos_CNH12M_P1I6,buy_CNH6M_P1I6,buy_CNH12M_P1I6,sell_CNH6M_P1I6,sell_CNH12M_P1I6,signal_P1I7,pos_NTN1M_P1I7,pos_IRN1M_P1I7,buy_NTN1M_P1I7,buy_IRN1M_P1I7,sell_NTN1M_P1I7,sell_IRN1M_P1I7,signal_P1I8,pos_IRN1M_P1I8,pos_IRN2M_P1I8,buy_IRN1M_P1I8,buy_IRN2M_P1I8,sell_IRN1M_P1I8,sell_IRN2M_P1I8,signal_P1I9,pos_IRN1M_P1I9,pos_IRN3M_P1I9,buy_IRN1M_P1I9,buy_IRN3M_P1I9,sell_IRN1M_P1I9,sell_IRN3M_P1I9,signal_P1I10,pos_IRN1M_P1I10,pos_IRN6M_P1I10,buy_IRN1M_P1I10,buy_IRN6M_P1I10,sell_IRN1M_P1I10,sell_IRN6M_P1I10,signal_P1I11,pos_IRN1M_P1I11,pos_IRN12M_P1I11,buy_IRN1M_P1I11,buy_IRN12M_P1I11,sell_IRN1M_P1I11,sell_IRN12M_P1I11,signal_P1I12,pos_IRN6M_P1I12,pos_IRN12M_P1I12,buy_IRN6M_P1I12,buy_IRN12M_P1I12,sell_IRN6M_P1I12,sell_IRN12M_P1I12,signal_P2I1,pos_KWN1M_P2I1,pos_NTN1M_P2I1,buy_KWN1M_P2I1,buy_NTN1M_P2I1,sell_KWN1M_P2I1,sell_NTN1M_P2I1,signal_P2I2,pos_NTN1M_P2I2,pos_NTN2M_P2I2,buy_NTN1M_P2I2,buy_NTN2M_P2I2,sell_NTN1M_P2I2,sell_NTN2M_P2I2,signal_P2I3,pos_NTN1M_P2I3,pos_NTN3M_P2I3,buy_NTN1M_P2I3,buy_NTN3M_P2I3,sell_NTN1M_P2I3,sell_NTN3M_P2I3,signal_P2I4,pos_NTN1M_P2I4,pos_NTN6M_P2I4,buy_NTN1M_P2I4,buy_NTN6M_P2I4,sell_NTN1M_P2I4,sell_NTN6M_P2I4,signal_P2I5,pos_NTN1M_P2I5,pos_NTN12M_P2I5,buy_NTN1M_P2I5,buy_NTN12M_P2I5,sell_NTN1M_P2I5,sell_NTN12M_P2I5,signal_P2I6,pos_NTN6M_P2I6,pos_NTN12M_P2I6,buy_NTN6M_P2I6,buy_NTN12M_P2I6,sell_NTN6M_P2I6,sell_NTN12M_P2I6,signal_P3I1,pos_HSI_P3I1,pos_HSCEI_P3I1,buy_HSI_P3I1,buy_HSCEI_P3I1,sell_HSI_P3I1,sell_HSCEI_P3I1,signal_P3I2,pos_NKY_P3I2,pos_TPX_P3I2,buy_NKY_P3I2,buy_TPX_P3I2,sell_NKY_P3I2,sell_TPX_P3I2,signal_P3I3,pos_TAMSCI_P3I3,pos_TWSE_P3I3,buy_TAMSCI_P3I3,buy_TWSE_P3I3,sell_TAMSCI_P3I3,sell_TWSE_P3I3
2020-07-23,0,0,0,0,0,29.32,7.025,0,0,0,0,0,7.025,7.0372,0,0,0,0,0,7.025,7.0487,0,0,0,0,0,7.025,7.0842,0,0,0,0,0,7.025,7.1552,0,0,0,0,0,7.0842,7.1552,0,0,0,0,0,29.32,75.13,0,0,0,0,0,75.13,75.38,0,0,0,0,0,75.13,75.62,0,0,0,0,0,75.13,76.36,0,0,0,0,0,75.13,77.86,0,0,0,0,0,76.36,77.86,0,0,0,0,0,1202.05,29.32,0,0,0,0,0,29.32,29.193,0,0,0,0,0,29.32,29.094,0,0,0,0,0,29.32,28.813,0,0,0,0,0,29.32,28.432,0,0,0,0,0,28.813,28.432,0,0,0,0,0,25263,10325.25,0,0,0,0,0,22751.61,1572.96,0,0,0,0,0,483.7,12413.04
2020-07-24,-1,0,-7.025,29.32,7.025,29.382,7.0306,-1,0,-7.0372,7.025,7.0372,7.0306,7.0437,-1,0,-7.0487,7.025,7.0487,7.0306,7.0553,-1,0,-7.0842,7.025,7.0842,7.0306,7.0914,-1,0,-7.1552,7.025,7.1552,7.0306,7.1619,-1,0,-7.1552,7.0842,7.1552,7.0914,7.1619,-1,0,-75.13,29.32,75.13,29.382,74.97,-1,0,-75.38,75.13,75.38,74.97,75.25,-1,0,-75.62,75.13,75.62,74.97,75.53,-1,0,-76.36,75.13,76.36,74.97,76.23,-1,0,-77.86,75.13,77.86,74.97,77.79,-1,0,-77.86,76.36,77.86,76.23,77.79,-1,0,-29.32,1202.05,29.32,1200.85,29.382,-1,0,-29.193,29.32,29.193,29.382,29.275,-1,0,-29.094,29.32,29.094,29.382,29.174,-1,0,-28.813,29.32,28.813,29.382,28.898,-1,0,-28.432,29.32,28.432,29.382,28.507,-1,0,-28.432,28.813,28.432,28.898,28.507,1,-0,10325.25,25263,10325.25,24705.33,10080.86,-1,0,-1572.96,22751.61,1572.96,22751.61,1572.96,-1,0,-12413.04,483.7,12413.04,481.72,12304.04
2020-07-27,-1,0.558667377618967,-7.0306,29.382,7.0306,29.189,7.0142,-1,3.48163660787513e-05,-7.0437,7.0306,7.0437,7.0142,7.0263,-1,3.48737038197842e-05,-7.0553,7.0306,7.0553,7.0142,7.0382,-1,3.50521428242056e-05,-7.0914,7.0306,7.0914,7.0142,7.0753,-1,3.54006178882418e-05,-7.1619,7.0306,7.1619,7.0142,7.1462,-1,3.60155450338524e-05,-7.1619,7.0914,7.1619,7.0753,7.1462,-1,67.1177882665598,-74.97,29.382,74.97,29.189,75.05,-1,73.9216464418709,-75.25,74.97,75.25,75.05,75.26,-1,74.196703730957,-75.53,74.97,75.53,75.05,75.51,-1,74.8843469536721,-76.23,74.97,76.23,75.05,76.24,-1,76.4168089928657,-77.79,74.97,77.79,75.05,77.75,-1,76.4610594730027,-77.79,76.23,77.79,76.24,77.75,-1,27.4765850480881,-29.382,1200.85,29.382,1195.77,29.189,-1,0.250565994049203,-29.275,29.382,29.275,29.189,29.17,-1,0.249701530670929,-29.174,29.382,29.174,29.189,29.07,-1,0.247339234706537,-28.898,29.382,28.898,29.189,28.79,-1,0.243992648756981,-28.507,29.382,28.507,29.189,28.395,-1,0.236086458441513,-28.507,28.898,28.507,28.79,28.395,1,-10080.858331857,10080.86,24705.33,10080.86,24603.26,10075.45,-1,1543.14852245081,-1572.96,22751.61,1572.96,22715.85,1576.69,-1,12303.45683561,-12304.04,481.72,12304.04,501.83,12588.3
2020-07-28,-1,1.46301121360039,-7.0142,29.189,7.0142,29.194,7.0183,-1,0.000103871323219457,-7.0263,7.0142,7.0263,7.0183,7.0304,-1,0.000104045618789823,-7.0382,7.0142,7.0382,7.0183,7.0419,-1,0.000104588691776143,-7.0753,7.0142,7.0753,7.0183,7.0781,-1,0.000105633983556146,-7.1462,7.0142,7.1462,7.0183,7.1488,-1,0.000107480064624454,-7.1462,7.0753,7.1462,7.0781,7.1488,-1,74.1669089561001,-75.05,29.189,75.05,29.194,75.11,-1,75.2252603423457,-75.26,75.05,75.26,75.11,75.36,-1,75.4756513530416,-75.51,75.05,75.51,75.11,75.6,-1,76.2048101746555,-76.24,75.05,76.24,75.11,76.32,-1,77.7149596312492,-77.75,75.05,77.75,75.11,77.85,-1,77.7155739581112,-77.75,76.24,77.75,76.32,77.85,-1,29.0762816278636,-29.189,1195.77,29.189,1198.89,29.194,-1,0.731421427962212,-29.17,29.189,29.17,29.194,29.04,-1,0.728908632661534,-29.07,29.189,29.07,29.194,28.933,-1,0.721929659255462,-28.79,29.189,28.79,29.194,28.655,-1,0.712070586172905,-28.395,29.189,28.395,29.194,28.26,-1,0.692518320299001,-28.395,28.79,28.395,28.655,28.26,0,-0,0,24603.26,10075.45,24772.76,10151.89,-1,1576.01870852942,-1576.69,22715.85,1576.69,22657.38,1569.12,1,-12588.2569359203,12588.3,501.83,12588.3,504.82,12586.73
2020-07-29,-1,2.48624887647482,-7.0183,29.194,7.0183,29.131,7.0113,-1,0.000207815978684997,-7.0304,7.0183,7.0304,7.0113,7.0236,-1,0.000208160304567105,-7.0419,7.0183,7.0419,7.0113,7.0352,-1,0.000209238600227285,-7.0781,7.0183,7.0781,7.0113,7.071,-1,0.000211329193847172,-7.1488,7.0183,7.1488,7.0113,7.142,-1,0.000214963779468792,-7.1488,7.0781,7.1488,7.071,7.142,-1,74.9416770713225,-75.11,29.194,75.11,29.131,75.04,0,-0,0,75.11,75.36,75.04,75.33,0,-0,0,75.11,75.6,75.04,75.56,0,-0,0,75.11,76.32,75.04,76.29,0,-0,0,75.11,77.85,75.04,77.8,0,-0,0,76.32,77.85,76.29,77.8,0,-0,0,1198.89,29.194,1189.95,29.131,-1,1.42767094165386,-29.04,29.194,29.04,29.131,29.04,-1,1.42258830930925,-28.933,29.194,28.933,29.131,28.933,-1,1.40894357678472,-28.655,29.194,28.655,29.131,28.655,-1,1.38961197500815,-28.26,29.194,28.26,29.131,28.216,-1,1.34328790149978,-28.26,28.655,28.26,28.655,28.216,0,-0,0,24772.76,10151.89,24883.14,10184.41,1,-1569.17330731938,1569.12,22657.38,1569.12,22397.11,1549.04,1,-12586.6811523766,12586.73,504.82,12586.73,499.42,12540.97
2020-07-30,-1,3.43834663214415,-7.0113,29.131,7.0113,29.177,7.0161,-1,0.000345706711857434,-7.0236,7.0113,7.0236,7.0161,7.0305,-1,0.000346278773463089,-7.0352,7.0113,7.0352,7.0161,7.0409,-1,0.000348059892776535,-7.071,7.0113,7.071,7.0161,7.0774,-1,0.00035154440329686,-7.142,7.0113,7.142,7.0161,7.1482,-1,0.000357575562039249,-7.142,7.071,7.142,7.0774,7.1482,-1,74.9357390461177,-75.04,29.131,75.04,29.177,74.99,0,-0,0,75.04,75.33,74.99,75.27,0,-0,0,75.04,75.56,74.99,75.49,0,-0,0,75.04,76.29,74.99,76.23,0,-0,0,75.04,77.8,74.99,77.74,0,-0,0,76.29,77.8,76.23,77.74,-1,29.1212037153447,-29.131,1189.95,29.131,1189.8,29.177,-1,2.30596342703527,-29.04,29.131,29.04,29.177,29.047,-1,2.29763861135237,-28.933,29.131,28.933,29.177,28.946,-1,2.27558522103835,-28.655,29.131,28.655,29.177,28.653,-1,2.24289978070974,-28.216,29.131,28.216,29.177,28.259,-1,2.17478363035363,-28.216,28.655,28.216,28.653,28.259,0,-0,0,24883.14,10184.41,24710.59,10097.08,1,-1549.08043856831,1549.04,22397.11,1549.04,22339.23,1539.47,-1,12540.9142174859,-12540.97,499.42,12540.97,507.89,12722.92
2020-07-31,-1,4.26124085423076,-7.0161,29.177,7.0161,29.264,7.0029,-1,0.000518965640102786,-7.0305,7.0161,7.0305,7.0029,7.0168,-1,0.000519794038262242,-7.0409,7.0161,7.0409,7.0029,7.0274,-1,0.000522474650852322,-7.0774,7.0161,7.0774,7.0029,7.065,-1,0.000527703951431246,-7.1482,7.0161,7.1482,7.0029,7.136,-1,0.000536905214266086,-7.1482,7.0774,7.1482,7.065,7.136,1,-74.9170456606927,74.99,29.177,74.99,29.264,75.16,0,-0,0,74.99,75.27,75.16,75.4,0,-0,0,74.99,75.49,75.16,75.64,0,-0,0,74.99,76.23,75.16,76.36,0,-0,0,74.99,77.74,75.16,77.88,0,-0,0,76.23,77.74,76.36,77.88,0,-0,0,1189.8,29.177,1194.4,29.264,-1,3.35095203798147,-29.047,29.177,29.047,29.264,29.17,-1,3.33900516289593,-28.946,29.177,28.946,29.264,29.07,-1,3.30636562657266,-28.653,29.177,28.653,29.264,28.803,-1,3.25955845475263,-28.259,29.177,28.259,29.264,28.423,-1,3.15720454616206,-28.259,28.653,28.259,28.803,28.423,0,-0,0,24710.59,10097.08,24595.35,10039.96,1,-1539.57807765426,1539.47,22339.23,1539.47,21710,1496.06,1,-12722.8690825017,12722.92,507.89,12722.92,503.49,12664.8
2020-08-03,-1,4.9279991407182,-7.0029,29.264,7.0029,29.263,6.9975,-1,0.000724422897747718,-7.0168,7.0029,7.0168,6.9975,7.0114,-1,0.000725561587097333,-7.0274,7.0029,7.0274,6.9975,7.0228,-1,0.000729343348084013,-7.065,7.0029,7.065,6.9975,7.0613,-1,0.000736651624675403,-7.136,7.0029,7.136,6.9975,7.1334,-1,0.000749644369450958,-7.136,7.065,7.136,7.0613,7.1334,0,-0,0,29.264,75.16,29.263,75.41,0,-0,0,75.16,75.4,75.41,75.64,0,-0,0,75.16,75.64,75.41,75.89,0,-0,0,75.16,76.36,75.41,76.61,0,-0,0,75.16,77.88,75.41,78.08,0,-0,0,76.36,77.88,76.61,78.08,0,-0,0,1194.4,29.264,1192.76,29.263,-1,4.53686455248005,-29.17,29.264,29.17,29.263,29.166,-1,4.5208717998269,-29.07,29.264,29.07,29.263,29.055,-1,4.47746148427461,-28.803,29.264,28.803,29.263,28.785,-1,4.41534025238532,-28.423,29.264,28.423,29.263,28.389,-1,4.29229913171621,-28.423,28.803,28.423,28.785,28.389,0,-0,0,24595.35,10039.96,24458.13,10033.2,0,-0,0,21710,1496.06,22195.38,1522.64,-1,12664.7456218909,-12664.8,503.49,12664.8,495.8,12513.03
2020-08-04,-1,5.43478099508282,-6.9975,29.263,6.9975,29.272,6.9897,-1,0.000964134177027059,-7.0114,6.9975,7.0114,6.9897,7.0033,-1,0.000965662650148483,-7.0228,6.9975,7.0228,6.9897,7.0168,-1,0.000970760837590298,-7.0613,6.9975,7.0613,6.9897,7.056,-1,0.000980534239682767,-7.1334,6.9975,7.1334,6.9897,7.1304,-1,0.000998179433003816,-7.1334,7.0613,7.1334,7.056,7.1304,-1,75.298822917188,-75.41,29.263,75.41,29.272,75.29,0,-0,0,75.41,75.64,75.29,75.51,0,-0,0,75.41,75.89,75.29,75.76,0,-0,0,75.41,76.61,75.29,76.49,0,-0,0,75.41,78.08,75.29,77.99,0,-0,0,76.61,78.08,76.49,77.99,0,-0,0,1192.76,29.263,1193.31,29.272,-1,5.80107165932492,-29.166,29.263,29.166,29.272,29.177,-1,5.78020206995715,-29.055,29.263,29.055,29.272,29.056,-1,5.72516111959369,-28.785,29.263,28.785,29.272,28.786,-1,5.64590203505353,-28.389,29.263,28.389,29.272,28.379,-1,5.49222078505889,-28.389,28.785,28.389,28.786,28.379,0,-0,0,24458.13,10033.2,24946.63,10203.88,1,-1522.77397244132,1522.64,22195.38,1522.64,22573.66,1555.26,-1,12512.9757970621,-12513.03,495.8,12513.03,504.92,12709.92
2020-08-05,-1,5.82143400108533,-6.9897,29.272,6.9897,29.212,6.9574,-1,0.00123670821834988,-7.0033,6.9897,7.0033,6.9574,6.9716,-1,0.00123876250332747,-7.0168,6.9897,7.0168,6.9574,6.9854,-1,0.00124538673067491,-7.056,6.9897,7.056,6.9574,7.0262,-1,0.00125805638194382,-7.1304,6.9897,7.1304,6.9574,7.1012,-1,0.00128135460724514,-7.1304,7.056,7.1304,7.0262,7.1012,1,-75.2138501459707,75.29,29.272,75.29,29.212,75.13,0,-0,0,75.29,75.51,75.13,75.29,0,-0,0,75.29,75.76,75.13,75.54,0,-0,0,75.29,76.49,75.13,76.26,0,-0,0,75.29,77.99,75.13,77.79,0,-0,0,76.49,77.99,76.26,77.79,0,-0,0,1193.31,29.272,1186.15,29.212,-1,7.12434434315175,-29.177,29.272,29.177,29.212,29.09,-1,7.0978074281104,-29.056,29.272,29.056,29.212,28.969,-1,7.03059762137462,-28.786,29.272,28.786,29.212,28.689,-1,6.93278613022344,-28.379,29.272,28.379,29.212,28.278,-1,6.75075294469057,-28.379,28.786,28.379,28.689,28.278,0,-0,0,24946.63,10203.88,25102.54,10256.64,-1,1555.13666389404,-1555.26,22573.66,1555.26,22514.85,1554.71,1,-12709.8689105355,12709.92,504.92,12709.92,508.11,12802.3
2020-08-06,-1,6.09459816078405,-6.9574,29.212,6.9574,29.266,6.9582,-1,0.00153460750574123,-6.9716,6.9574,6.9716,6.9582,6.9734,-1,0.00153725330717535,-6.9854,6.9574,6.9854,6.9582,6.9869,-1,0.00154562379663823,-7.0262,6.9574,7.0262,6.9582,7.0272,-1,0.00156150118965897,-7.1012,6.9574,7.1012,6.9582,7.1034,-1,0.00159134602179222,-7.1012,7.0262,7.1012,7.0272,7.1034,0,-0,0,29.212,75.13,29.266,75.13,0,-0,0,75.13,75.29,75.13,75.41,0,-0,0,75.13,75.54,75.13,75.61,0,-0,0,75.13,76.26,75.13,76.35,0,-0,0,75.13,77.79,75.13,77.87,0,-0,0,76.26,77.79,76.35,77.87,0,-0,0,1186.15,29.212,1184.25,29.266,-1,8.44783742430753,-29.09,29.212,29.09,29.266,29.118,-1,8.41560065380162,-28.969,29.212,28.969,29.266,29.019,-1,8.33556602825026,-28.689,29.212,28.689,29.266,28.755,-1,8.2188765196591,-28.278,29.212,28.278,29.266,28.33,-1,8.00191081623603,-28.278,28.689,28.278,28.755,28.33,0,-0,0,25102.54,10256.64,24930.58,10202.41,-1,1554.6411722452,-1554.71,22514.85,1554.71,22418.15,1549.88,-1,12802.2470932234,-12802.3,508.11,12802.3,513.53,12913.5
2020-08-07,-1,6.31856538213875,-6.9582,29.266,6.9582,29.333,6.9844,-1,0.00187227146147334,-6.9734,6.9582,6.9734,6.9844,6.999,-1,0.00187557093467935,-6.9869,6.9582,6.9869,6.9844,7.0125,-1,0.00188589278640396,-7.0272,6.9582,7.0272,6.9844,7.0555,-1,0.00190545985528949,-7.1034,6.9582,7.1034,6.9844,7.1285,-1,0.00194220077906113,-7.1034,7.0272,7.1034,7.0555,7.1285,1,-75.0559907607769,75.13,29.266,75.13,29.333,75.25,0,-0,0,75.13,75.41,75.25,75.47,0,-0,0,75.13,75.61,75.25,75.7,0,-0,0,75.13,76.35,75.25,76.41,0,-0,0,75.13,77.87,75.25,77.97,0,-0,0,76.35,77.87,76.41,77.97,0,-0,0,1184.25,29.266,1189.79,29.333,-1,9.80835606889885,-29.118,29.266,29.118,29.333,29.202,-1,9.77171673704925,-29.019,29.266,29.019,29.333,29.105,-1,9.67956542591307,-28.755,29.266,28.755,29.333,28.757,-1,9.54259818243075,-28.33,29.266,28.33,29.333,28.437,-1,9.30698376651325,-28.33,28.755,28.33,28.757,28.437,0,-0,0,24930.58,10202.41,24531.62,10063.43,-1,1549.84331455713,-1549.88,22418.15,1549.88,22329.94,1546.74,1,-12913.4486094748,12913.5,513.53,12913.5,509.23,12828.87
2020-08-10,-1,6.49597100928442,-6.9844,29.333,6.9844,29.318,6.9772,-1,0.00225469893924693,-6.999,6.9844,6.999,6.9772,6.9912,-1,0.00225873489944478,-7.0125,6.9844,7.0125,6.9772,7.006,-1,0.00227140190262659,-7.0555,6.9844,7.0555,6.9772,7.0495,-1,0.0022949578589065,-7.1285,6.9844,7.1285,6.9772,7.1239,-1,0.00234016557689752,-7.1285,7.0555,7.1285,7.0495,7.1239,0,-0,0,29.333,75.25,29.318,75.12,0,-0,0,75.25,75.47,75.12,75.33,0,-0,0,75.25,75.7,75.12,75.57,0,-0,0,75.25,76.41,75.12,76.29,0,-0,0,75.25,77.97,75.12,77.83,0,-0,0,76.41,77.97,76.29,77.83,0,-0,0,1189.79,29.333,1186.4,29.318,-1,11.1654238537308,-29.202,29.333,29.202,29.318,29.22,-1,11.1245482566687,-29.105,29.333,29.105,29.318,29.117,-1,11.014570352591,-28.757,29.333,28.757,29.318,28.828,-1,10.8647043569755,-28.437,29.333,28.437,29.318,28.446,-1,10.5859386703664,-28.437,28.757,28.437,28.828,28.446,0,-0,0,24531.62,10063.43,24377.43,9990.67,-1,1546.68221945936,-1546.74,22329.94,1546.74,22329.94,1546.74,-1,12828.8166437431,-12828.87,509.23,12828.87,512.03,12894
2020-08-11,-1,6.61329572078696,-6.9772,29.318,6.9772,29.327,6.9588,-1,0.00266053943484273,-6.9912,6.9772,6.9912,6.9588,6.9737,-1,0.00266543534162537,-7.006,6.9772,7.006,6.9588,6.9884,-1,0.00268062901322432,-7.0495,6.9772,7.0495,6.9588,7.0326,-1,0.00270850438178972,-7.1239,6.9772,7.1239,6.9588,7.108,-1,0.00276274719745112,-7.1239,7.0495,7.1239,7.0326,7.108,0,-0,0,29.318,75.12,29.327,74.91,0,-0,0,75.12,75.33,74.91,75.11,0,-0,0,75.12,75.57,74.91,75.36,0,-0,0,75.12,76.29,74.91,76.1,0,-0,0,75.12,77.83,74.91,77.62,0,-0,0,76.29,77.83,76.1,77.62,0,-0,0,1186.4,29.318,1185.74,29.327,-1,12.4570872694169,-29.22,29.318,29.22,29.327,29.235,-1,12.4117685300809,-29.117,29.318,29.117,29.327,29.126,-1,12.288982587085,-28.828,29.318,28.828,29.327,28.831,-1,12.1225127476003,-28.446,29.318,28.446,29.327,28.459,-1,11.8630855878732,-28.446,28.828,28.446,28.831,28.459,0,-0,0,24377.43,9990.67,24890.68,10153.4,0,-0,0,22329.94,1546.74,22750.24,1585.96,1,-12893.9477753925,12894,512.03,12894,506.65,12780.19
2020-08-12,-1,6.700325686687,-6.9588,29.327,6.9588,29.306,6.9491,-1,0.00309222633405158,-6.9737,6.9588,6.9737,6.9491,6.9634,-1,0.00309803412624542,-6.9884,6.9588,6.9884,6.9491,6.9786,-1,0.00311596838066256,-7.0326,6.9588,7.0326,6.9491,7.0208,-1,0.00314851357547979,-7.108,6.9588,7.108,6.9491,7.0958,-1,0.00321280424143693,-7.108,7.0326,7.108,7.0208,7.0958,1,-74.8460679285016,74.91,29.327,74.91,29.306,75.03,0,-0,0,74.91,75.11,75.03,75.27,0,-0,0,74.91,75.36,75.03,75.52,0,-0,0,74.91,76.1,75.03,76.24,0,-0,0,74.91,77.62,75.03,77.78,0,-0,0,76.1,77.62,76.24,77.78,0,-0,0,1185.74,29.327,1183.65,29.306,-1,13.7098982169435,-29.235,29.327,29.235,29.306,29.258,-1,13.6598247693497,-29.126,29.327,29.126,29.306,29.1,-1,13.524180559746,-28.831,29.327,28.831,29.306,28.886,-1,13.3423609987044,-28.459,29.327,28.459,29.306,28.49,-1,13.0713954755183,-28.459,28.831,28.459,28.886,28.49,0,-0,0,24890.68,10153.4,25244.02,10215.91,-1,1585.77202987954,-1585.96,22750.24,1585.96,22843.96,1605.53,-1,12780.1366300835,-12780.19,506.65,12780.19,500.19,12670.35
2020-08-13,-1,6.75768500618754,-6.9491,29.306,6.9491,29.353,6.963,-1,0.00355830136110429,-6.9634,6.9491,6.9634,6.963,6.9782,-1,0.0035651278993329,-6.9786,6.9491,6.9786,6.963,6.9918,-1,0.00358588786680731,-7.0208,6.9491,7.0208,6.963,7.0325,-1,0.00362345408120999,-7.0958,6.9491,7.0958,6.963,7.1071,-1,0.00369667727249297,-7.0958,7.0208,7.0958,7.0325,7.1071,-1,74.9285287668387,-75.03,29.306,75.03,29.353,75.06,0,-0,0,75.03,75.27,75.06,75.32,0,-0,0,75.03,75.52,75.06,75.55,0,-0,0,75.03,76.24,75.06,76.27,0,-0,0,75.03,77.78,75.06,77.81,0,-0,0,76.24,77.78,76.27,77.81,0,-0,0,1183.65,29.306,1185.07,29.353,-1,14.8911664853423,-29.258,29.306,29.258,29.353,29.228,-1,14.8328594681095,-29.1,29.306,29.1,29.353,29.141,-1,14.6913121157025,-28.886,29.306,28.886,29.353,28.839,-1,14.4932148990615,-28.49,29.306,28.49,29.353,28.444,-1,14.254075343383,-28.49,28.886,28.49,28.839,28.444,-1,10215.9099963634,-10215.91,25244.02,10215.91,25230.67,10244.6,-1,1605.28587032842,-1605.53,22843.96,1605.53,23249.61,1624.15,-1,12670.2951041054,-12670.35,500.19,12670.35,505.65,12763.13
2020-08-14,-1,6.81584177532302,-6.963,29.353,6.963,29.342,6.9593,-1,0.00407243645333888,-6.9782,6.963,6.9782,6.9593,6.974,-1,0.00408026479451578,-6.9918,6.963,6.9918,6.9593,6.9884,-1,0.0041040234412502,-7.0325,6.963,7.0325,6.9593,7.0285,-1,0.00414708507183705,-7.1071,6.963,7.1071,6.9593,7.1025,-1,0.0042295710638321,-7.1071,7.0325,7.1071,7.0285,7.1025,0,-0,0,29.353,75.06,29.342,75.07,0,-0,0,75.06,75.32,75.07,75.34,0,-0,0,75.06,75.55,75.07,75.58,0,-0,0,75.06,76.27,75.07,76.3,0,-0,0,75.06,77.81,75.07,77.86,0,-0,0,76.27,77.81,76.3,77.86,0,-0,0,1185.07,29.353,1186.84,29.342,-1,16.0409324737779,-29.228,29.353,29.228,29.342,29.244,-1,15.9802848780942,-29.141,29.353,29.141,29.342,29.145,-1,15.8259045529099,-28.839,29.353,28.839,29.342,28.855,-1,15.6120252901373,-28.444,29.353,28.444,29.342,28.445,-1,15.3230801175137,-28.444,28.839,28.444,28.855,28.445,0,-0,0,25230.67,10244.6,25183.01,10266.46,1,-1624.32195031508,1624.15,23249.61,1624.15,23289.36,1623.38,1,-12763.0791576644,12763.13,505.65,12763.13,505.35,12795.46
2020-08-17,-1,6.84827203352445,-6.9593,29.342,6.9593,29.321,6.9477,-1,0.00461012247217088,-6.974,6.9593,6.974,6.9477,6.9608,-1,0.0046190613882893,-6.9884,6.9593,6.9884,6.9477,6.975,-1,0.00464591148206229,-7.0285,6.9593,7.0285,6.9477,7.0152,-1,0.00469467850486899,-7.1025,6.9593,7.1025,6.9477,7.0885,-1,0.00478793903742807,-7.1025,7.0285,7.1025,7.0152,7.0885,0,-0,0,29.342,75.07,29.321,75.01,0,-0,0,75.07,75.34,75.01,75.32,0,-0,0,75.07,75.58,75.01,75.48,0,-0,0,75.07,76.3,75.01,76.22,0,-0,0,75.07,77.86,75.01,77.76,0,-0,0,76.3,77.86,76.22,77.76,0,-0,0,1186.84,29.342,1184,29.321,-1,17.0939773806356,-29.244,29.342,29.244,29.321,29.244,-1,17.0302770458434,-29.145,29.342,29.145,29.321,29.124,-1,16.8650754688327,-28.855,29.342,28.855,29.321,28.848,-1,16.6355434031546,-28.445,29.342,28.445,29.321,28.41,-1,16.3612339290083,-28.445,28.855,28.445,28.848,28.41,0,-0,0,25183.01,10266.46,25347.34,10385.9,1,-1623.44614312505,1623.38,23289.36,1623.38,23096.75,1609.82,-1,12795.4056577155,-12795.46,505.35,12795.46,512.21,12956.11
2020-08-18,-1,6.86775563665763,-6.9477,29.321,6.9477,29.34,6.9212,-1,0.00517295877277201,-6.9608,6.9477,6.9608,6.9212,6.9347,-1,0.00518304668753758,-6.975,6.9477,6.975,6.9212,6.9486,-1,0.00521314687741908,-7.0152,6.9477,7.0152,6.9212,6.9899,-1,0.00526784040479741,-7.0885,6.9477,7.0885,6.9212,7.0624,-1,0.00537119619893194,-7.0885,7.0152,7.0885,6.9899,7.0624,0,-0,0,29.321,75.01,29.34,74.82,0,-0,0,75.01,75.32,74.82,75.11,0,-0,0,75.01,75.48,74.82,75.38,0,-0,0,75.01,76.22,74.82,76.12,0,-0,0,75.01,77.76,74.82,77.62,0,-0,0,76.22,77.76,76.12,77.62,0,-0,0,1184,29.321,1183.67,29.34,-1,18.0716666931303,-29.244,29.321,29.244,29.34,29.237,-1,18.0034243658715,-29.124,29.321,29.124,29.34,29.135,-1,17.829314057586,-28.848,29.321,28.848,29.34,28.837,-1,17.5829590093993,-28.41,29.321,28.41,29.34,28.43,-1,17.3193784075886,-28.41,28.848,28.41,28.837,28.43,0,-0,0,25347.34,10385.9,25367.38,10425.42,0,-0,0,23096.75,1609.82,23051.08,1610.85,1,-12956.0577557999,12956.11,512.21,12956.11,507.24,12872.14
2020-08-19,-1,6.88259052112656,-6.9212,29.34,6.9212,29.312,6.9363,-1,0.00575037614680269,-6.9347,6.9212,6.9347,6.9363,6.9497,-1,0.00576162253996785,-6.9486,6.9212,6.9486,6.9363,6.9648,-1,0.00579516433300854,-6.9899,6.9212,6.9899,6.9363,7.005,-1,0.00585589218074306,-7.0624,6.9212,7.0624,6.9363,7.0787,-1,0.00597208630905635,-7.0624,6.9899,7.0624,7.005,7.0787,1,-74.7558586765322,74.82,29.34,74.82,29.312,75.18,0,-0,0,74.82,75.11,75.18,75.33,0,-0,0,74.82,75.38,75.18,75.6,0,-0,0,74.82,76.12,75.18,76.33,0,-0,0,74.82,77.62,75.18,77.87,0,-0,0,76.12,77.62,76.33,77.87,0,-0,0,1183.67,29.34,1182.2,29.312,-1,19.004745453612,-29.237,29.34,29.237,29.312,29.203,-1,18.9336752484462,-29.135,29.34,29.135,29.312,29.103,-1,18.7492247200481,-28.837,29.34,28.837,29.312,28.811,-1,18.4894514933356,-28.43,29.34,28.43,29.312,28.381,-1,18.2121625463399,-28.43,28.837,28.43,28.811,28.381,0,-0,0,25367.38,10425.42,25178.91,10313.31,-1,1610.77361699012,-1610.85,23051.08,1610.85,23110.61,1613.73,-1,12872.0854476679,-12872.14,507.24,12872.14,502.58,12778.64
2020-08-20,-1,6.88924276440314,-6.9363,29.312,6.9363,29.337,6.9212,-1,0.00639727189380511,-6.9497,6.9363,6.9497,6.9212,6.9364,-1,0.00640992122770113,-6.9648,6.9363,6.9648,6.9212,6.949,-1,0.00644720552196812,-7.005,6.9363,7.005,6.9212,6.9895,-1,0.00651479302352692,-7.0787,6.9363,7.0787,6.9212,7.0628,-1,0.00664395584522865,-7.0787,7.005,7.0787,6.9895,7.0628,-1,75.0538265997988,-75.18,29.312,75.18,29.337,75.21,0,-0,0,75.18,75.33,75.21,75.49,0,-0,0,75.18,75.6,75.21,75.72,0,-0,0,75.18,76.33,75.21,76.47,0,-0,0,75.18,77.87,75.21,78.01,0,-0,0,76.33,77.87,76.47,78.01,0,-0,0,1182.2,29.312,1185.16,29.337,-1,19.8385162403966,-29.203,29.312,29.203,29.337,29.249,-1,19.7650975204898,-29.103,29.312,29.103,29.337,29.133,-1,19.5718386305086,-28.811,29.312,28.811,29.337,28.87,-1,19.2980924766117,-28.381,29.312,28.381,29.337,28.434,-1,19.0280452077413,-28.381,28.811,28.381,28.87,28.434,0,-0,0,25178.91,10313.31,24791.39,10155.81,1,-1613.75172165748,1613.73,23110.61,1613.73,22880.62,1599.2,-1,12778.5859755796,-12778.64,502.58,12778.64,486.84,12362.64
2020-08-21,0,-0,0,29.337,6.9212,29.334,6.9346,-1,0.00704680057287013,-6.9364,6.9212,6.9364,6.9346,6.9492,-1,0.00706062743870122,-6.949,6.9212,6.949,6.9346,6.9622,-1,0.00710170433173953,-6.9895,6.9212,6.9895,6.9346,7.0027,-1,0.00717615572428224,-7.0628,6.9212,7.0628,6.9346,7.0786,-1,0.00731817639722147,-7.0628,6.9895,7.0628,7.0027,7.0786,0,-0,0,29.337,75.21,29.334,75.17,0,-0,0,75.21,75.49,75.17,75.42,0,-0,0,75.21,75.72,75.17,75.66,0,-0,0,75.21,76.47,75.17,76.4,0,-0,0,75.21,78.01,75.17,77.96,0,-0,0,76.47,78.01,76.4,77.96,0,-0,0,1185.16,29.337,1191.86,29.334,-1,20.6472976186186,-29.249,29.337,29.249,29.334,29.238,-1,20.5702304192087,-29.133,29.337,29.133,29.334,29.15,-1,20.3709460966968,-28.87,29.337,28.87,29.334,28.862,-1,20.0833016944246,-28.434,29.337,28.434,29.334,28.457,-1,19.8428909550264,-28.434,28.87,28.434,28.862,28.457,0,-0,0,24791.39,10155.81,25113.84,10212.21,-1,1599.17223545533,-1599.2,22880.62,1599.2,22920.3,1604.06,1,-12362.5877280902,12362.64,486.84,12362.64,496.48,12607.84
2020-08-24,0,-0,0,29.334,6.9346,29.297,6.9263,-1,0.00776094525371885,-6.9492,6.9346,6.9492,6.9263,6.9395,-1,0.00777610926441272,-6.9622,6.9346,6.9622,6.9263,6.9532,-1,0.00782134821385828,-7.0027,6.9346,7.0027,6.9263,6.9936,-1,0.00790359497168769,-7.0786,6.9346,7.0786,6.9263,7.0687,-1,0.00805960042078852,-7.0786,7.0027,7.0786,6.9936,7.0687,0,-0,0,29.334,75.17,29.297,74.44,0,-0,0,75.17,75.42,74.44,74.64,0,-0,0,75.17,75.66,74.44,74.89,0,-0,0,75.17,76.4,74.44,75.64,0,-0,0,75.17,77.96,74.44,77.21,0,-0,0,76.4,77.96,75.64,77.21,1,-29.344618219221,29.334,1191.86,29.334,1189.01,29.297,-1,21.374877710139,-29.238,29.334,29.238,29.297,29.205,-1,21.2968943546727,-29.15,29.334,29.15,29.297,29.096,-1,21.0900936686033,-28.862,29.334,28.862,29.297,28.822,-1,20.7925110403285,-28.457,29.334,28.457,29.297,28.415,-1,20.5565894854497,-28.457,28.862,28.457,28.822,28.415,0,-0,0,25113.84,10212.21,25551.58,10336.95,-1,1604.02121326014,-1604.06,22920.3,1604.06,22985.51,1607.13,0,-0,0,496.48,12607.84,498.18,12647.13
2020-08-25,0,-0,0,29.297,6.9263,29.296,6.9182,-1,0.00848260898006996,-6.9395,6.9263,6.9395,6.9182,6.9319,-1,0.00849919790904674,-6.9532,6.9263,6.9532,6.9182,6.9461,-1,0.00854863812676834,-6.9936,6.9263,6.9936,6.9182,6.9861,-1,0.00863869707905232,-7.0687,6.9263,7.0687,6.9182,7.0627,-1,0.0088081991597242,-7.0687,6.9936,7.0687,6.9861,7.0627,1,-74.4142582560299,74.44,29.297,74.44,29.296,74.49,0,-0,0,74.44,74.64,74.49,74.71,0,-0,0,74.44,74.89,74.49,74.95,0,-0,0,74.44,75.64,74.49,75.68,0,-0,0,74.44,77.21,74.49,77.25,0,-0,0,75.64,77.21,75.68,77.25,0,-0,0,1189.01,29.297,1187.29,29.296,-1,22.0177103272534,-29.205,29.297,29.205,29.296,29.213,-1,21.9371722088692,-29.096,29.297,29.096,29.296,29.114,-1,21.724883900371,-28.822,29.297,28.822,29.296,28.846,-1,21.4183170042702,-28.415,29.297,28.415,29.296,28.443,-1,21.1887267554267,-28.415,28.822,28.415,28.846,28.443,0,-0,0,25551.58,10336.95,25486.22,10291.85,1,-1607.15653400219,1607.13,22985.51,1607.13,23296.77,1625.23,0,-0,0,498.18,12647.13,503.19,12758.25
2020-08-26,0,-0,0,29.296,6.9182,29.295,6.8938,-1,0.00923410626146163,-6.9319,6.9182,6.9319,6.8938,6.9074,-1,0.00925223564242958,-6.9461,6.9182,6.9461,6.8938,6.9222,-1,0.00930601168735714,-6.9861,6.9182,6.9861,6.8938,6.9612,-1,0.00940437966849385,-7.0627,6.9182,7.0627,6.8938,7.039,-1,0.00958980793863752,-7.0627,6.9861,7.0627,6.9612,7.039,0,-0,0,29.296,74.49,29.295,74.46,0,-0,0,74.49,74.71,74.46,74.71,0,-0,0,74.49,74.95,74.46,74.96,0,-0,0,74.49,75.68,74.46,75.7,0,-0,0,74.49,77.25,74.46,77.36,0,-0,0,75.68,77.25,75.7,77.36,0,-0,0,1187.29,29.296,1184.97,29.295,-1,22.6335659406139,-29.213,29.296,29.213,29.295,29.196,-1,22.5514508026781,-29.114,29.296,29.114,29.295,29.101,-1,22.3343995392576,-28.846,29.296,28.846,29.295,28.831,-1,22.0195802990436,-28.443,29.296,28.443,29.295,28.44,-1,21.8167812133382,-28.443,28.846,28.443,28.831,28.44,0,-0,0,25486.22,10291.85,25491.79,10300.36,1,-1625.29555849611,1625.23,23296.77,1625.23,23290.86,1624.48,1,-12758.1977591939,12758.25,503.19,12758.25,506.88,12833.29
2020-08-27,0,-0,0,29.295,6.8938,29.328,6.9016,-1,0.00998752813134168,-6.9074,6.8938,6.9074,6.9016,6.9154,-1,0.010007277848475,-6.9222,6.8938,6.9222,6.9016,6.9291,-1,0.0100653018313778,-6.9612,6.8938,6.9612,6.9016,6.9692,-1,0.0101721763558151,-7.039,6.8938,7.039,6.9016,7.0478,-1,0.0103722941718751,-7.039,6.9612,7.039,6.9692,7.0478,0,-0,0,29.295,74.46,29.328,74,0,-0,0,74.46,74.71,74,74.29,0,-0,0,74.46,74.96,74,74.49,0,-0,0,74.46,75.7,74,75.29,0,-0,0,74.46,77.36,74,76.94,0,-0,0,75.7,77.36,75.29,76.94,0,-0,0,1184.97,29.295,1187.71,29.328,-1,23.1975119220759,-29.196,29.295,29.196,29.328,29.212,-1,23.1142944860094,-29.101,29.295,29.101,29.328,29.129,-1,22.8926975854832,-28.831,29.295,28.831,29.328,28.858,-1,22.5713385818706,-28.44,29.295,28.44,29.328,28.477,-1,22.3669561833367,-28.44,28.831,28.44,28.858,28.477,0,-0,0,25491.79,10300.36,25281.15,10201.94,1,-1624.48716863009,1624.48,23290.86,1624.48,23208.86,1615.89,1,-12833.2379053447,12833.29,506.88,12833.29,505.82,12797.31
2020-08-28,0,-0,0,29.328,6.9016,29.272,6.8761,-1,0.0108202098660475,-6.9154,6.9016,6.9154,6.8761,6.8872,-1,0.0108416091602503,-6.9291,6.9016,6.9291,6.8761,6.9006,-1,0.0109044616858543,-6.9692,6.9016,6.9692,6.8761,6.9413,-1,0.0110207937095828,-7.0478,6.9016,7.0478,6.8761,7.021,-1,0.0112377590285705,-7.0478,6.9692,7.0478,6.9413,7.021,1,-73.9659961819175,74,29.328,74,29.272,73.35,0,-0,0,74,74.29,73.35,73.76,0,-0,0,74,74.49,73.35,73.85,0,-0,0,74,75.29,73.35,74.6,0,-0,0,74,76.94,73.35,76.27,0,-0,0,75.29,76.94,74.6,76.27,0,-0,0,1187.71,29.328,1180.6,29.272,-1,23.7417103291277,-29.212,29.328,29.212,29.272,29.199,-1,23.6584346225775,-29.129,29.328,29.129,29.272,29.109,-1,23.4323388712567,-28.858,29.328,28.858,29.272,28.827,-1,23.1054987886792,-28.477,29.328,28.477,29.272,28.442,-1,22.9059886545433,-28.477,28.858,28.477,28.827,28.442,0,-0,0,25281.15,10201.94,25422.06,10182.83,1,-1615.94153394864,1615.89,23208.86,1615.89,22882.65,1604.87,1,-12797.2575795171,12797.31,505.82,12797.31,501.49,12728.85
2020-08-31,0,-0,0,29.272,6.8761,29.314,6.8651,-1,0.011624535513923,-6.8872,6.8761,6.8872,6.8651,6.8758,-1,0.0116474984091531,-6.9006,6.8761,6.9006,6.8651,6.8901,-1,0.0117151082699851,-6.9413,6.8761,6.9413,6.8651,6.9316,-1,0.0118407820290853,-7.021,6.8761,7.021,6.8651,7.0132,-1,0.0120698321372363,-7.021,6.9413,7.021,6.9316,7.0132,1,-73.3181599301283,73.35,29.272,73.35,29.314,73.68,0,-0,0,73.35,73.76,73.68,73.9,0,-0,0,73.35,73.85,73.68,74.13,0,-0,0,73.35,74.6,73.68,74.82,0,-0,0,73.35,76.27,73.68,76.46,0,-0,0,74.6,76.27,74.82,76.46,0,-0,0,1180.6,29.272,1187.43,29.314,-1,24.171973027522,-29.199,29.272,29.199,29.314,29.23,-1,24.0882668201084,-29.109,29.272,29.109,29.314,29.136,-1,23.8577319052153,-28.827,29.272,28.827,29.314,28.858,-1,23.5264425602506,-28.442,29.272,28.442,29.314,28.46,-1,23.3548491756156,-28.442,28.827,28.442,28.858,28.46,0,-0,0,25422.06,10182.83,25177.05,9991.48,-1,1604.65567464309,-1604.87,22882.65,1604.87,23139.76,1618.18,-1,12728.7953903751,-12728.85,501.49,12728.85,493.57,12591.45
2020-09-01,1,-6.88520767559239,6.8651,29.314,6.8651,29.318,6.853,-1,0.0124782818793764,-6.8758,6.8651,6.8758,6.853,6.8648,-1,0.0125030224586208,-6.8901,6.8651,6.8901,6.853,6.879,-1,0.012575789656332,-6.9316,6.8651,6.9316,6.853,6.921,-1,0.0127116166702921,-7.0132,6.8651,7.0132,6.853,7.0042,-1,0.0129600117836937,-7.0132,6.9316,7.0132,6.921,7.0042,-1,73.5781834450936,-73.68,29.314,73.68,29.318,73.31,0,-0,0,73.68,73.9,73.31,73.51,0,-0,0,73.68,74.13,73.31,73.74,0,-0,0,73.68,74.82,73.31,74.46,0,-0,0,73.68,76.46,73.31,76.08,0,-0,0,74.82,76.46,74.46,76.08,0,-0,0,1187.43,29.314,1185.55,29.318,-1,24.6429358128989,-29.23,29.314,29.23,29.318,29.21,-1,24.5582294523947,-29.136,29.314,29.136,29.318,29.139,-1,24.3232704977914,-28.858,29.314,28.858,29.318,28.865,-1,23.985754518645,-28.46,29.314,28.46,29.318,28.482,-1,23.814344835222,-28.46,28.858,28.46,28.865,28.482,-1,9991.47999854826,-9991.48,25177.05,9991.48,25184.85,10013.32,1,-1618.26110832618,1618.18,23139.76,1618.18,23138.07,1615.81,-1,12591.3940441382,-12591.45,493.57,12591.45,499.62,12703.28
2020-09-02,1,-6.87571856151406,6.853,29.318,6.853,29.305,6.8477,-1,0.0133561147183782,-6.8648,6.853,6.8648,6.8477,6.8591,-1,0.013382673146557,-6.879,6.853,6.879,6.8477,6.8732,-1,0.0134608178565094,-6.921,6.853,6.921,6.8477,6.9147,-1,0.0136073132465792,-7.0042,6.853,7.0042,6.8477,6.9987,-1,0.0138765467616148,-7.0042,6.921,7.0042,6.9147,6.9987,1,-73.2594686082976,73.31,29.318,73.31,29.305,73.47,0,-0,0,73.31,73.51,73.47,73.71,0,-0,0,73.31,73.74,73.47,73.94,0,-0,0,73.31,74.46,73.47,74.65,0,-0,0,73.31,76.08,73.47,76.28,0,-0,0,74.46,76.08,74.65,76.28,0,-0,0,1185.55,29.318,1189.63,29.305,-1,25.0433337041165,-29.21,29.318,29.21,29.305,29.198,-1,24.9598254138518,-29.139,29.318,29.139,29.305,29.118,-1,24.7214431524093,-28.865,29.318,28.865,29.305,28.844,-1,24.3799374800198,-28.482,29.318,28.482,29.305,28.425,-1,24.2195640364464,-28.482,28.865,28.482,28.844,28.425,0,-0,0,25184.85,10013.32,25120.09,10000.96,1,-1615.85201726278,1615.81,23138.07,1615.81,23247.15,1623.4,1,-12703.2284719951,12703.28,499.62,12703.28,499.26,12699.5
2020-09-03,0,-0,0,29.305,6.8477,29.295,6.8605,-1,0.0142753239517217,-6.8591,6.8477,6.8591,6.8605,6.8745,-1,0.014303772782776,-6.8732,6.8477,6.8732,6.8605,6.8877,-1,0.0143874814661029,-6.9147,6.8477,6.9147,6.8605,6.9292,-1,0.0145452495231137,-6.9987,6.8477,6.9987,6.8605,7.0131,-1,0.0148309623324789,-6.9987,6.9147,6.9987,6.9292,7.0131,-1,73.3696605812764,-73.47,29.305,73.47,29.295,73.65,0,-0,0,73.47,73.71,73.65,73.91,0,-0,0,73.47,73.94,73.65,74.13,0,-0,0,73.47,74.65,73.65,74.88,0,-0,0,73.47,76.28,73.65,76.47,0,-0,0,74.65,76.28,74.88,76.47,0,-0,0,1189.63,29.305,1191.8,29.295,-1,25.3947268243285,-29.198,29.305,29.198,29.295,29.198,-1,25.311568277429,-29.118,29.305,29.118,29.295,29.114,-1,25.0701855392216,-28.844,29.305,28.844,29.295,28.844,-1,24.7220619232191,-28.425,29.305,28.425,29.295,28.42,-1,24.5636871117455,-28.425,28.844,28.425,28.844,28.42,0,-0,0,25120.09,10000.96,25007.6,9940.13,0,-0,0,23247.15,1623.4,23465.53,1631.24,-1,12699.4465319553,-12699.5,499.26,12699.5,501.8,12757.97
2020-09-04,0,-0,0,29.295,6.8605,29.298,6.8506,-1,0.0152691387502113,-6.8745,6.8605,6.8745,6.8506,6.8646,-1,0.0152994976353855,-6.8877,6.8605,6.8877,6.8506,6.8778,-1,0.0153892015240824,-6.9292,6.8605,6.9292,6.8506,6.9196,-1,0.0155590702314387,-7.0131,6.8605,7.0131,6.8506,7.0036,-1,0.0158684821743217,-7.0131,6.9292,7.0131,6.9196,7.0036,-1,73.5434930862174,-73.65,29.295,73.65,29.298,73.46,0,-0,0,73.65,73.91,73.46,73.71,0,-0,0,73.65,74.13,73.46,73.94,0,-0,0,73.65,74.88,73.46,74.65,0,-0,0,73.65,76.47,73.46,76.26,0,-0,0,74.88,76.47,74.65,76.26,0,-0,0,1191.8,29.295,1187.43,29.298,-1,25.7178123341032,-29.198,29.295,29.198,29.298,29.21,-1,25.6346143693956,-29.114,29.295,29.114,29.298,29.109,-1,25.3908214120057,-28.844,29.295,28.844,29.298,28.837,-1,25.0361866085569,-28.42,29.295,28.42,29.298,28.435,-1,24.8942933744485,-28.42,28.844,28.42,28.837,28.435,0,-0,0,25007.6,9940.13,24695.45,9883.98,1,-1631.36987284805,1631.24,23465.53,1631.24,23205.43,1616.6,1,-12757.9170119378,12757.97,501.8,12757.97,495.97,12637.95
2020-09-07,0,-0,0,29.298,6.8506,29.255,6.8456,-1,0.0162419141911347,-6.8646,6.8506,6.8646,6.8456,6.8595,-1,0.0162741420472635,-6.8778,6.8506,6.8778,6.8456,6.8729,-1,0.0163697745791546,-6.9196,6.8506,6.9196,6.8456,6.9147,-1,0.0165515738500753,-7.0036,6.8506,7.0036,6.8456,6.9993,-1,0.0168819231923578,-7.0036,6.9196,7.0036,6.9147,6.9993,1,-73.3914629327135,73.46,29.298,73.46,29.255,73.69,0,-0,0,73.46,73.71,73.69,73.93,0,-0,0,73.46,73.94,73.69,74.14,0,-0,0,73.46,74.65,73.69,74.85,0,-0,0,73.46,76.26,73.69,76.46,0,-0,0,74.65,76.26,74.85,76.46,0,-0,0,1187.43,29.298,1187.82,29.255,-1,26.0243422208758,-29.21,29.298,29.21,29.255,29.165,-1,25.9395812391597,-29.109,29.298,29.109,29.255,29.08,-1,25.6933127047818,-28.837,29.298,28.837,29.255,28.805,-1,25.3345204324651,-28.435,29.298,28.435,29.255,28.379,-1,25.1923534964576,-28.435,28.837,28.435,28.805,28.379,0,-0,0,24695.45,9883.98,24589.65,9764.82,-1,1616.54063860409,-1616.6,23205.43,1616.6,23089.95,1609.74,-1,12637.8954672547,-12637.95,495.97,12637.95,494.53,12601.4
2020-09-08,0,-0,0,29.255,6.8456,29.153,6.8679,-1,0.0172544431650873,-6.8595,6.8456,6.8595,6.8679,6.8804,-1,0.017288648550905,-6.8729,6.8456,6.8729,6.8679,6.8939,-1,0.0173904541188655,-6.9147,6.8456,6.9147,6.8679,6.935,-1,0.0175847575160046,-6.9993,6.8456,6.9993,6.8679,7.0205,-1,0.0179363546967583,-6.9993,6.9147,6.9993,6.935,7.0205,-1,73.5736455852239,-73.69,29.255,73.69,29.153,74.08,0,-0,0,73.69,73.93,74.08,74.31,0,-0,0,73.69,74.14,74.08,74.54,0,-0,0,73.69,74.85,74.08,75.28,0,-0,0,73.69,76.46,74.08,76.93,0,-0,0,74.85,76.46,75.28,76.93,0,-0,0,1187.82,29.255,1190.23,29.153,-1,26.2622753269858,-29.165,29.255,29.165,29.153,29.041,-1,26.177615537968,-29.08,29.255,29.08,29.153,28.945,-1,25.9291821404114,-28.805,29.255,28.805,29.153,28.65,-1,25.5650127737621,-28.379,29.255,28.379,29.153,28.211,-1,25.4395059472906,-28.379,28.805,28.379,28.65,28.211,0,-0,0,24589.65,9764.82,24624.34,9830.39,-1,1609.71749709196,-1609.74,23089.95,1609.74,23274.13,1620.89,0,-0,0,494.53,12601.4,497.92,12663.56
2020-09-09,-1,6.82989443672712,-6.8679,29.153,6.8679,29.189,6.8452,-1,0.0183769029593563,-6.8804,6.8679,6.8804,6.8452,6.8577,-1,0.0184133118042336,-6.8939,6.8679,6.8939,6.8452,6.8712,-1,0.0185218184590256,-6.935,6.8679,6.935,6.8452,6.9122,-1,0.0187300079070457,-7.0205,6.8679,7.0205,6.8452,6.9957,-1,0.0190982470460638,-7.0205,6.935,7.0205,6.9122,6.9957,-1,73.9284314217155,-74.08,29.153,74.08,29.189,73.58,0,-0,0,74.08,74.31,73.58,73.84,0,-0,0,74.08,74.54,73.58,74.05,0,-0,0,74.08,75.28,73.58,74.79,0,-0,0,74.08,76.93,73.58,76.46,0,-0,0,75.28,76.93,74.79,76.46,1,-29.1631750000328,29.153,1190.23,29.153,1185.01,29.189,-1,26.4184387303255,-29.041,29.153,29.041,29.189,29.083,-1,26.3330676695518,-28.945,29.153,28.945,29.189,28.998,-1,26.081387733661,-28.65,29.153,28.65,29.189,28.703,-1,25.7118861953021,-28.211,29.153,28.211,29.189,28.278,-1,25.5490729261898,-28.211,28.65,28.211,28.703,28.278,0,-0,0,24624.34,9830.39,24468.93,9728.52,1,-1620.91968778912,1620.89,23274.13,1620.89,23032.54,1605.4,1,-12663.5076660306,12663.56,497.92,12663.56,494.78,12608.58
2020-09-10,0,-0,0,29.189,6.8452,29.176,6.8585,-1,0.019403584849676,-6.8577,6.8452,6.8577,6.8585,6.8726,-1,0.0194420140050466,-6.8712,6.8452,6.8712,6.8585,6.885,-1,0.019556663588741,-6.9122,6.8452,6.9122,6.8585,6.9256,-1,0.0197774079919169,-6.9957,6.8452,6.9957,6.8585,7.0083,-1,0.0201664849505258,-6.9957,6.9122,6.9957,6.9256,7.0083,1,-73.5444641460241,73.58,29.189,73.58,29.176,73.78,0,-0,0,73.58,73.84,73.78,74.04,0,-0,0,73.58,74.05,73.78,74.26,0,-0,0,73.58,74.79,73.78,75.01,0,-0,0,73.58,76.46,73.78,76.65,0,-0,0,74.79,76.46,75.01,76.65,-1,29.1793560723121,-29.189,1185.01,29.189,1188.53,29.176,-1,26.6788094709666,-29.083,29.189,29.083,29.176,29.059,-1,26.5933834666199,-28.998,29.189,28.998,29.176,28.975,-1,26.3376525884329,-28.703,29.189,28.703,29.176,28.697,-1,25.9629130821525,-28.278,29.189,28.278,29.176,28.252,-1,25.8245105163104,-28.278,28.703,28.278,28.697,28.252,0,-0,0,24468.93,9728.52,24313.54,9683.75,-1,1605.37626067487,-1605.4,23032.54,1605.4,23235.47,1624.86,-1,12608.5255504076,-12608.58,494.78,12608.58,499.89,12691.75
2020-09-11,0,-0,0,29.176,6.8585,29.198,6.8466,-1,0.0205671778075134,-6.8726,6.8585,6.8726,6.8466,6.8607,-1,0.0206077124642633,-6.885,6.8585,6.885,6.8466,6.8732,-1,0.0207292360329314,-6.9256,6.8585,6.9256,6.8466,6.9141,-1,0.0209639596691137,-7.0083,6.8585,7.0083,6.8466,6.9978,-1,0.0213761677740451,-7.0083,6.9256,7.0083,6.9141,6.9978,-1,73.676357158499,-73.78,29.176,73.78,29.198,73.72,0,-0,0,73.78,74.04,73.72,73.93,0,-0,0,73.78,74.26,73.72,74.22,0,-0,0,73.78,75.01,73.72,74.88,0,-0,0,73.78,76.65,73.72,76.48,0,-0,0,75.01,76.65,74.88,76.48,0,-0,0,1188.53,29.176,1187.76,29.198,-1,26.8736889067801,-29.059,29.176,29.059,29.198,29.099,-1,26.7884312576002,-28.975,29.176,28.975,29.198,29.008,-1,26.5308802007548,-28.697,29.176,28.697,29.198,28.724,-1,26.1501780489165,-28.252,29.176,28.252,29.198,28.294,-1,26.026008975449,-28.252,28.697,28.252,28.724,28.294,0,-0,0,24313.54,9683.75,24503.31,9752.5,-1,1624.76462912049,-1624.86,23235.47,1624.86,23406.49,1636.64,1,-12691.6985709953,12691.75,499.89,12691.75,500.7,12675.95
2020-09-14,0,-0,0,29.198,6.8466,29.132,6.8216,-1,0.0216832139687081,-6.8607,6.8466,6.8607,6.8216,6.8355,-1,0.0217257761734498,-6.8732,6.8466,6.8732,6.8216,6.8487,-1,0.0218539550548905,-6.9141,6.8466,6.9141,6.8216,6.8894,-1,0.0221023251221387,-6.9978,6.8466,6.9978,6.8216,6.9727,-1,0.0225385680931329,-6.9978,6.9141,6.9978,6.8894,6.9727,0,-0,0,29.198,73.72,29.132,73.63,0,-0,0,73.72,73.93,73.63,73.89,0,-0,0,73.72,74.22,73.63,74.1,0,-0,0,73.72,74.88,73.63,74.88,0,-0,0,73.72,76.48,73.63,76.55,0,-0,0,74.88,76.48,74.88,76.55,0,-0,0,1187.76,29.198,1182.02,29.132,-1,27.0847483183613,-29.099,29.198,29.099,29.132,29.007,-1,26.9989367265777,-29.008,29.198,29.008,29.132,28.939,-1,26.7389133175682,-28.724,29.198,28.724,29.132,28.637,-1,26.3536611146963,-28.294,29.198,28.294,29.132,28.159,-1,26.2415751748781,-28.294,28.724,28.294,28.637,28.159,0,-0,0,24503.31,9752.5,24640.28,9806.64,0,-0,0,23406.49,1636.64,23559.3,1651.1,1,-12675.8982757851,12675.95,500.7,12675.95,505.47,12787.82
2020-09-15,0,-0,0,29.132,6.8216,29.035,6.7939,-1,0.0227744694123513,-6.8355,6.8216,6.8355,6.7939,6.8063,-1,0.0228191362954745,-6.8487,6.8216,6.8487,6.7939,6.8194,-1,0.0229538162894523,-6.8894,6.8216,6.8894,6.7939,6.8597,-1,0.0232155455314576,-6.9727,6.8216,6.9727,6.7939,6.9397,-1,0.0236756973098844,-6.9727,6.8894,6.9727,6.8597,6.9397,0,-0,0,29.132,73.63,29.035,73.84,0,-0,0,73.63,73.89,73.84,74.06,0,-0,0,73.63,74.1,73.84,74.3,0,-0,0,73.63,74.88,73.84,75.04,0,-0,0,73.63,76.55,73.84,76.7,0,-0,0,74.88,76.55,75.04,76.7,0,-0,0,1182.02,29.132,1180.31,29.035,-1,27.1942540793864,-29.007,29.132,29.007,29.035,28.9,-1,27.1101863003235,-28.939,29.132,28.939,29.035,28.798,-1,26.8470540399881,-28.637,29.132,28.637,29.035,28.568,-1,26.4545230199049,-28.159,29.132,28.159,29.035,28.029,-1,26.3310294835642,-28.159,28.637,28.159,28.568,28.029,0,-0,0,24640.28,9806.64,24732.76,9829.07,-1,1651.03436714291,-1651.1,23559.3,1651.1,23454.89,1640.84,1,-12787.7671961997,12787.82,505.47,12787.82,507.99,12845.65
2020-09-16,0,-0,0,29.035,6.7939,29.002,6.7586,-1,0.023868868349932,-6.8063,6.7939,6.8063,6.7586,6.7716,-1,0.0239156380775242,-6.8194,6.7939,6.8194,6.7586,6.7844,-1,0.0240567987002065,-6.8597,6.7939,6.8597,6.7586,6.8245,-1,0.0243314165582087,-6.9397,6.7939,6.9397,6.7586,6.9041,-1,0.02480718899637,-6.9397,6.8597,6.9397,6.8245,6.9041,-1,73.7086974123023,-73.84,29.035,73.84,29.002,73.73,0,-0,0,73.84,74.06,73.73,74.01,0,-0,0,73.84,74.3,73.73,74.24,0,-0,0,73.84,75.04,73.73,74.99,0,-0,0,73.84,76.7,73.73,76.68,0,-0,0,75.04,76.7,74.99,76.68,0,-0,0,1180.31,29.035,1173.22,29.002,-1,27.2572384939013,-28.9,29.035,28.9,29.002,28.498,-1,27.171874454487,-28.798,29.035,28.798,29.002,28.743,-1,26.9124519944053,-28.568,29.035,28.568,29.002,28.435,-1,26.5084091328516,-28.029,29.035,28.029,29.002,27.97,-1,26.4157551140774,-28.029,28.568,28.029,28.435,27.97,0,-0,0,24732.76,9829.07,24725.63,9845.79,1,-1640.89048769338,1640.84,23454.89,1640.84,23475.53,1644.35,1,-12845.5970965119,12845.65,507.99,12845.65,515.31,12976.76
2020-09-17,1,-6.77979329101253,6.7586,29.002,6.7586,28.97,6.7677,-1,0.0249438313533177,-6.7716,6.7586,6.7716,6.7677,6.7825,-1,0.024992624147051,-6.7844,6.7586,6.7844,6.7677,6.795,-1,0.0251401514750001,-6.8245,6.7586,6.8245,6.7677,6.8352,-1,0.025427437541659,-6.9041,6.7586,6.9041,6.7677,6.9142,-1,0.0259261441780218,-6.9041,6.8245,6.9041,6.8352,6.9142,0,-0,0,29.002,73.73,28.97,73.81,0,-0,0,73.73,74.01,73.81,74.1,0,-0,0,73.73,74.24,73.81,74.31,0,-0,0,73.73,74.99,73.81,75.05,0,-0,0,73.73,76.68,73.81,76.72,0,-0,0,74.99,76.68,75.05,76.72,-1,28.9931663029716,-29.002,1173.22,29.002,1169.95,28.97,-1,27.3340363134369,-28.498,29.002,28.498,28.97,28.825,-1,27.2774914805739,-28.743,29.002,28.743,28.97,28.742,-1,27.0141414282416,-28.435,29.002,28.435,28.97,28.434,-1,26.6052596157846,-27.97,29.002,27.97,28.97,27.985,-1,26.4326835900604,-27.97,28.435,27.97,28.434,27.985,0,-0,0,24725.63,9845.79,24340.85,9732.15,-1,1644.31469479871,-1644.35,23475.53,1644.35,23319.37,1638.4,1,-12976.7089918936,12976.76,515.31,12976.76,508.3,12872.74
2020-09-18,0,-0,0,28.97,6.7677,28.792,6.7929,-1,0.0262120647108175,-6.7825,6.7677,6.7825,6.7929,6.8074,-1,0.0262631981030967,-6.795,6.7677,6.795,6.7929,6.8205,-1,0.0264182419074947,-6.8352,6.7677,6.8352,6.7929,6.8603,-1,0.0267202961083112,-6.9142,6.7677,6.9142,6.7929,6.938,-1,0.027250487312756,-6.9142,6.8352,6.9142,6.8603,6.938,-1,73.7072924816844,-73.81,28.97,73.81,28.792,73.81,0,-0,0,73.81,74.1,73.81,74.02,0,-0,0,73.81,74.31,73.81,74.25,0,-0,0,73.81,75.05,73.81,75,0,-0,0,73.81,76.72,73.81,76.72,0,-0,0,75.05,76.72,75,76.72,0,-0,0,1169.95,28.97,1165.01,28.792,-1,27.4332138183416,-28.825,28.97,28.825,28.792,28.67,-1,27.3744336029076,-28.742,28.97,28.742,28.792,28.556,-1,27.1074972657079,-28.434,28.97,28.434,28.792,28.205,-1,26.6955843981686,-27.985,28.97,27.985,28.792,27.779,-1,26.561311197139,-27.985,28.434,27.985,28.205,27.779,0,-0,0,24340.85,9732.15,24455.41,9803.1,-1,1638.31084963209,-1638.4,23319.37,1638.4,23360.3,1646.42,-1,12872.6837237275,-12872.74,508.3,12872.74,506.95,12875.62
2020-09-21,-1,6.74178751282118,-6.7929,28.792,6.7929,28.67,6.8076,-1,0.0275889018955282,-6.8074,6.7929,6.8074,6.8076,6.8214,-1,0.0276426872819693,-6.8205,6.7929,6.8205,6.8076,6.8349,-1,0.0278057872025082,-6.8603,6.7929,6.8603,6.8076,6.8751,-1,0.028123566816341,-6.938,6.7929,6.938,6.8076,6.9529,-1,0.0286801586372555,-6.938,6.8603,6.938,6.8751,6.9529,-1,73.6765031640249,-73.81,28.792,73.81,28.67,73.78,0,-0,0,73.81,74.02,73.78,74.03,0,-0,0,73.81,74.25,73.78,74.27,0,-0,0,73.81,75,73.78,75.01,0,-0,0,73.81,76.72,73.78,76.68,0,-0,0,75,76.72,75.01,76.68,0,-0,0,1165.01,28.792,1164.9,28.67,-1,27.3827183451144,-28.67,28.792,28.67,28.67,28.483,-1,27.3195258211188,-28.556,28.792,28.556,28.67,28.309,-1,27.0468871046613,-28.205,28.792,28.205,28.67,27.981,-1,26.6361180146114,-27.779,28.792,27.779,28.67,27.559,-1,26.4649851458103,-27.779,28.205,27.779,27.981,27.559,0,-0,0,24455.41,9803.1,23950.69,9640.42,-1,1646.32745871144,-1646.42,23360.3,1646.42,23360.3,1646.42,-1,12875.5649277373,-12875.62,506.95,12875.62,503.15,12795.12
2020-09-22,-1,6.73454873413504,-6.8076,28.67,6.8076,28.833,6.7998,-1,0.0289669965919002,-6.8214,6.8076,6.8214,6.7998,6.813,-1,0.0290235077170316,-6.8349,6.8076,6.8349,6.7998,6.8265,-1,0.0291947300577698,-6.8751,6.8076,6.8751,6.7998,6.8664,-1,0.0295282333642778,-6.9529,6.8076,6.9529,6.7998,6.9446,-1,0.0301124311688728,-6.9529,6.8751,6.9529,6.8664,6.9446,-1,73.6596523591508,-73.78,28.67,73.78,28.833,73.76,0,-0,0,73.78,74.03,73.76,73.98,0,-0,0,73.78,74.27,73.76,74.22,0,-0,0,73.78,75.01,73.76,74.97,0,-0,0,73.78,76.68,73.76,76.65,0,-0,0,75.01,76.68,74.97,76.65,0,-0,0,1164.9,28.67,1163.7,28.833,-1,27.3678812435445,-28.483,28.67,28.483,28.833,28.672,-1,27.2954681787407,-28.309,28.67,28.309,28.833,28.557,-1,27.0191814062729,-27.981,28.67,27.981,28.833,28.202,-1,26.6090858061285,-27.559,28.67,27.559,28.833,27.795,-1,26.3603658789641,-27.559,27.981,27.559,28.202,27.795,0,-0,0,23950.69,9640.42,23716.85,9576.81,0,-0,0,23360.3,1646.42,23360.3,1646.42,-1,12795.0656548053,-12795.12,503.15,12795.12,498.1,12645.51
2020-09-23,0,-0,0,28.833,6.7998,29.036,6.8397,-1,0.0302783905564004,-6.813,6.7998,6.813,6.8397,6.8535,-1,0.0303375014123644,-6.8265,6.7998,6.8265,6.8397,6.8669,-1,0.0305164017395114,-6.8664,6.7998,6.8664,6.8397,6.906,-1,0.0308649559267868,-6.9446,6.7998,6.9446,6.8397,6.9842,-1,0.0314716606084092,-6.9446,6.8664,6.9446,6.906,6.9842,1,-73.712125539229,73.76,28.833,73.76,29.036,74.02,0,-0,0,73.76,73.98,74.02,74.24,0,-0,0,73.76,74.22,74.02,74.51,0,-0,0,73.76,74.97,74.02,75.22,0,-0,0,73.76,76.65,74.02,76.88,0,-0,0,74.97,76.65,75.22,76.88,-1,28.8210486422457,-28.833,1163.7,28.833,1170.78,29.036,-1,27.620065814215,-28.672,28.833,28.672,29.036,28.877,-1,27.5435979929844,-28.557,28.833,28.557,29.036,28.693,-1,27.2590918247729,-28.202,28.833,28.202,29.036,28.387,-1,26.8471768091118,-27.795,28.833,27.795,29.036,27.992,-1,26.6694098370964,-27.795,28.202,27.795,28.387,27.992,0,-0,0,23716.85,9576.81,23742.51,9558.78,0,-0,0,23360.3,1646.42,23346.49,1644.25,1,-12645.4572625093,12645.51,498.1,12645.51,496.12,12583.88
2020-09-24,0,-0,0,29.036,6.8397,29.125,6.8409,-1,0.0318559026224354,-6.8535,6.8397,6.8535,6.8409,6.8558,-1,0.0319180973315129,-6.8669,6.8397,6.8669,6.8409,6.8691,-1,0.0321060323847694,-6.906,6.8397,6.906,6.8409,6.91,-1,0.032472603716226,-6.9842,6.8397,6.9842,6.8409,6.9887,-1,0.0331072757015485,-6.9842,6.906,6.9842,6.91,6.9887,1,-73.9614891785739,74.02,29.036,74.02,29.125,73.91,0,-0,0,74.02,74.24,73.91,74.17,0,-0,0,74.02,74.51,73.91,74.43,0,-0,0,74.02,75.22,73.91,75.2,0,-0,0,74.02,76.88,73.91,76.86,0,-0,0,75.22,76.88,75.2,76.86,0,-0,0,1170.78,29.036,1170.4,29.125,-1,27.9048938829311,-28.877,29.036,28.877,29.125,28.975,-1,27.8185059721474,-28.693,29.036,28.693,29.125,28.865,-1,27.5303159283261,-28.387,29.036,28.387,29.125,28.543,-1,27.1172826809166,-27.992,29.036,27.992,29.125,28.125,-1,26.9398073421934,-27.992,28.387,27.992,28.543,28.125,0,-0,0,23742.51,9558.78,23311.07,9371.19,1,-1644.27118141262,1644.25,23346.49,1644.25,23087.82,1626.44,1,-12583.826924322,12583.88,496.12,12583.88,483.76,12264.38
2020-09-25,0,-0,0,29.125,6.8409,29.085,6.8459,-1,0.0332936286336378,-6.8558,6.8409,6.8558,6.8459,6.8619,-1,0.0333586124629401,-6.8691,6.8409,6.8691,6.8459,6.8758,-1,0.0335551247145805,-6.91,6.8409,6.91,6.8459,6.9161,-1,0.033938200144224,-6.9887,6.8409,6.9887,6.8459,6.9949,-1,0.0346157579520957,-6.9887,6.91,6.9887,6.9161,6.9949,1,-73.8581218108826,73.91,29.125,73.91,29.085,73.94,0,-0,0,73.91,74.17,73.94,74.17,0,-0,0,73.91,74.43,73.94,74.43,0,-0,0,73.91,75.2,73.94,75.23,0,-0,0,73.91,76.86,73.94,76.9,0,-0,0,75.2,76.86,75.23,76.9,0,-0,0,1170.4,29.125,1174.5,29.085,-1,28.0743991112626,-28.975,29.125,28.975,29.085,28.938,-1,27.9856954222232,-28.865,29.125,28.865,29.085,28.806,-1,27.6937468661548,-28.543,29.125,28.543,29.085,28.451,-1,27.2791640393625,-28.125,29.125,28.125,29.085,28.015,-1,27.1747256569298,-28.125,28.543,28.125,28.451,28.015,0,-0,0,23311.07,9371.19,23235.42,9302.59,-1,1626.43299976746,-1626.44,23087.82,1626.44,23204.62,1634.23,1,-12264.3267725574,12264.38,483.76,12264.38,483.51,12232.91
2020-09-28,0,-0,0,29.085,6.8459,28.981,6.8305,-1,0.0347848416584161,-6.8619,6.8459,6.8619,6.8305,6.8453,-1,0.034852844948154,-6.8758,6.8459,6.8758,6.8305,6.86,-1,0.0350581156074644,-6.9161,6.8459,6.9161,6.8305,6.9003,-1,0.0354583160584095,-6.9949,6.8459,6.9949,6.8305,6.9791,-1,0.0361721978001479,-6.9949,6.9161,6.9949,6.9003,6.9791,0,-0,0,29.085,73.94,28.981,73.96,0,-0,0,73.94,74.17,73.96,74.15,0,-0,0,73.94,74.43,73.96,74.52,0,-0,0,73.94,75.23,73.96,75.16,0,-0,0,73.94,76.9,73.96,76.82,0,-0,0,75.23,76.9,75.16,76.82,1,-29.093592434933,29.085,1174.5,29.085,1167.58,28.981,-1,28.1122935149139,-28.938,29.085,28.938,28.981,28.847,-1,28.0199019558497,-28.806,29.085,28.806,28.981,28.725,-1,27.722803579142,-28.451,29.085,28.451,28.981,28.374,-1,27.3068991426102,-28.015,29.085,28.015,28.981,27.923,-1,27.1640449759269,-28.015,28.451,28.015,28.374,27.923,0,-0,0,23235.42,9302.59,23476.05,9383.4,1,-1634.23771640792,1634.23,23204.62,1634.23,23511.62,1661.93,1,-12232.8577012428,12232.91,483.51,12232.91,493.39,12462.76
2020-09-29,0,-0,0,28.981,6.8305,28.895,6.832,-1,0.0361944646130257,-6.8453,6.8305,6.8453,6.832,6.8468,-1,0.0362655115630082,-6.86,6.8305,6.86,6.832,6.8618,-1,0.0364790798311032,-6.9003,6.8305,6.9003,6.832,6.9019,-1,0.0368955077848569,-6.9791,6.8305,6.9791,6.832,6.9814,-1,0.0376374114237684,-6.9791,6.9003,6.9791,6.9019,6.9814,-1,73.8440478164913,-73.96,28.981,73.96,28.895,73.97,0,-0,0,73.96,74.15,73.97,74.18,0,-0,0,73.96,74.52,73.97,74.46,0,-0,0,73.96,75.16,73.97,75.28,0,-0,0,73.96,76.82,73.97,76.86,0,-0,0,75.16,76.82,75.28,76.86,0,-0,0,1167.58,28.981,1168.84,28.895,-1,28.0818453115517,-28.847,28.981,28.847,28.895,28.772,-1,27.9871783693058,-28.725,28.981,28.725,28.895,28.681,-1,27.6863716267332,-28.374,28.981,28.374,28.895,28.325,-1,27.268801469085,-27.923,28.981,27.923,28.895,27.873,-1,27.1588894048582,-27.923,28.374,27.923,28.325,27.873,0,-0,0,23476.05,9383.4,23275.53,9281.52,-1,1661.82402135855,-1661.93,23511.62,1661.93,23539.1,1658.1,1,-12462.7074575796,12462.76,493.39,12462.76,493.86,12467.73
2020-09-30,0,-0,0,28.895,6.832,28.826,6.7991,-1,0.0377223718557256,-6.8468,6.832,6.8468,6.7991,6.8135,-1,0.0377967662210702,-6.8618,6.832,6.8618,6.7991,6.8271,-1,0.0380192830474158,-6.9019,6.832,6.9019,6.7991,6.8673,-1,0.0384534519666506,-6.9814,6.832,6.9814,6.7991,6.946,-1,0.0392275707731559,-6.9814,6.9019,6.9814,6.8673,6.946,-1,73.8570783095137,-73.97,28.895,73.97,28.826,73.77,0,-0,0,73.97,74.18,73.77,74.06,0,-0,0,73.97,74.46,73.77,74.29,0,-0,0,73.97,75.28,73.77,75.15,0,-0,0,73.97,76.86,73.77,76.71,0,-0,0,75.28,76.86,75.15,76.71,0,-0,0,1168.84,28.895,1165.28,28.826,-1,28.0628523064827,-28.772,28.895,28.772,28.826,28.72,-1,27.9687702761326,-28.681,28.895,28.681,28.826,28.586,-1,27.664013106412,-28.325,28.895,28.325,28.826,28.232,-1,27.2446252172958,-27.873,28.895,27.873,28.826,27.809,-1,27.1740574009689,-27.873,28.325,27.873,28.232,27.809,0,-0,0,23275.53,9281.52,23459.05,9397.37,1,-1658.19872429697,1658.1,23539.1,1658.1,23185.12,1625.49,1,-12467.6769413795,12467.73,493.86,12467.73,495.89,12515.61
2020-10-01,0,-0,0,28.826,6.7991,28.755,6.7647,-1,0.0390693748954531,-6.8135,6.7991,6.8135,6.7647,6.7791,-1,0.039146462474028,-6.8271,6.7991,6.8271,6.7647,6.7931,-1,0.0393769269250754,-6.8673,6.7991,6.8673,6.7647,6.8327,-1,0.0398266623391031,-6.946,6.7991,6.946,6.7647,6.9114,-1,0.0406204273435515,-6.946,6.8673,6.946,6.8327,6.9114,0,-0,0,28.826,73.77,28.755,73.46,0,-0,0,73.77,74.06,73.46,73.7,0,-0,0,73.77,74.29,73.46,73.95,0,-0,0,73.77,75.15,73.46,74.87,0,-0,0,73.77,76.71,73.46,76.35,0,-0,0,75.15,76.71,74.87,76.35,0,-0,0,1165.28,28.826,1162.97,28.755,-1,28.0556613498435,-28.72,28.826,28.72,28.755,28.635,-1,27.9583381499019,-28.586,28.826,28.586,28.755,28.498,-1,27.6500136639482,-28.232,28.826,28.232,28.755,28.169,-1,27.2312708407153,-27.809,28.826,27.809,28.755,27.723,-1,27.1434357348048,-27.809,28.232,27.809,28.169,27.723,0,-0,0,23459.05,9397.37,23459.05,9397.37,1,-1625.62952396811,1625.49,23185.12,1625.49,23185.12,1625.49,0,-0,0,495.89,12515.61,495.89,12515.61
2020-10-02,0,-0,0,28.755,6.7647,28.814,6.7691,-1,0.0404074262591696,-6.7791,6.7647,6.7791,6.7691,6.7836,-1,0.040487296176444,-6.7931,6.7647,6.7931,6.7691,6.7973,-1,0.0407255649730395,-6.8327,6.7647,6.8327,6.7691,6.8371,-1,0.041190854367223,-6.9114,6.7647,6.9114,6.7691,6.9153,-1,0.0420127858177263,-6.9114,6.8327,6.9114,6.8371,6.9153,1,-73.3849617884405,73.46,28.755,73.46,28.814,73.56,0,-0,0,73.46,73.7,73.56,73.9,0,-0,0,73.46,73.95,73.56,74.04,0,-0,0,73.46,74.87,73.56,75.01,0,-0,0,73.46,76.35,73.56,76.63,0,-0,0,74.87,76.35,75.01,76.63,0,-0,0,1162.97,28.755,1166.45,28.814,-1,28.0396255797138,-28.635,28.755,28.635,28.814,28.681,-1,27.939108692484,-28.498,28.755,28.498,28.814,28.549,-1,27.6297262142606,-28.169,28.755,28.169,28.814,28.219,-1,27.2096173684528,-27.723,28.755,27.723,28.814,27.77,-1,27.1341681002802,-27.723,28.169,27.723,28.219,27.77,0,-0,0,23459.05,9397.37,23459.05,9397.37,0,-0,0,23185.12,1625.49,23029.9,1609.22,0,-0,0,495.89,12515.61,495.89,12515.61
2020-10-05,0,-0,0,28.814,6.7691,28.575,6.7343,-1,0.0420026130351726,-6.7836,6.7691,6.7836,6.7343,6.7489,-1,0.0420857038381479,-6.7973,6.7691,6.7973,6.7343,6.7622,-1,0.0423333322339201,-6.8371,6.7691,6.8371,6.7343,6.802,-1,0.0428170104110152,-6.9153,6.7691,6.9153,6.7343,6.8797,-1,0.0436711689857847,-6.9153,6.8371,6.9153,6.802,6.8797,0,-0,0,28.814,73.56,28.575,73.33,0,-0,0,73.56,73.9,73.33,73.57,0,-0,0,73.56,74.04,73.33,73.82,0,-0,0,73.56,75.01,73.33,74.68,0,-0,0,73.56,76.63,73.33,76.23,0,-0,0,75.01,76.63,74.68,76.23,0,-0,0,1166.45,28.814,1157.19,28.575,-1,28.1448770420877,-28.681,28.814,28.681,28.575,28.474,-1,28.0414531199745,-28.549,28.814,28.549,28.575,28.32,-1,27.7297356811842,-28.219,28.814,28.219,28.575,27.99,-1,27.3063785337177,-27.77,28.814,27.77,28.575,27.533,-1,27.2293972620139,-27.77,28.219,27.77,27.99,27.533,0,-0,0,23459.05,9397.37,23767.78,9447.99,1,-1609.31798771207,1609.22,23029.9,1609.22,23312.14,1637.25,0,-0,0,495.89,12515.61,495.79,12548.28
2020-10-06,0,-0,0,28.575,6.7343,28.675,6.7628,-1,0.043361214887757,-6.7489,6.7343,6.7489,6.7628,6.7772,-1,0.0434469813726151,-6.7622,6.7343,6.7622,6.7628,6.7908,-1,0.0437026221794354,-6.802,6.7343,6.802,6.7628,6.8306,-1,0.0442019413696576,-6.8797,6.7343,6.8797,6.7628,6.909,-1,0.045084114643368,-6.8797,6.802,6.8797,6.8306,6.909,-1,73.2047490650938,-73.33,28.575,73.33,28.675,73.87,0,-0,0,73.33,73.57,73.87,74.09,0,-0,0,73.33,73.82,73.87,74.33,0,-0,0,73.33,74.68,73.87,75.15,0,-0,0,73.33,76.23,73.87,76.6,0,-0,0,74.68,76.23,75.15,76.6,0,-0,0,1157.19,28.575,1164.95,28.675,-1,27.9566307910183,-28.474,28.575,28.474,28.675,28.518,-1,27.8496815781466,-28.32,28.575,28.32,28.675,28.329,-1,27.5387987991247,-27.99,28.575,27.99,28.675,27.997,-1,27.1158223287553,-27.533,28.575,27.533,28.675,27.549,-1,27.0495387048825,-27.533,27.99,27.533,27.997,27.549,0,-0,0,23767.78,9447.99,23980.65,9536.49,-1,1637.10431845173,-1637.25,23312.14,1637.25,23433.73,1645.75,-1,12548.22509327,-12548.28,495.79,12548.28,502.25,12704.23
2020-10-07,0,-0,0,28.675,6.7628,28.501,6.7495,-1,0.0451692840510577,-6.7772,6.7628,6.7772,6.7495,6.7638,-1,0.0452586738682373,-6.7908,6.7628,6.7908,6.7495,6.7774,-1,0.0455249367694048,-6.8306,6.7628,6.8306,6.7495,6.8173,-1,0.0460451629308543,-6.909,6.7628,6.909,6.7495,6.896,-1,0.0469628389290962,-6.909,6.8306,6.909,6.8173,6.896,-1,73.7498891395363,-73.87,28.675,73.87,28.501,73.55,0,-0,0,73.87,74.09,73.55,73.79,0,-0,0,73.87,74.33,73.55,74.07,0,-0,0,73.87,75.15,73.55,74.91,0,-0,0,73.87,76.6,73.55,76.47,0,-0,0,75.15,76.6,74.91,76.47,0,-0,0,1164.95,28.675,1157.5,28.501,-1,28.0915044925409,-28.518,28.675,28.518,28.501,28.362,-1,27.9771581174976,-28.329,28.675,28.329,28.501,28.208,-1,27.6634946467198,-27.997,28.675,27.997,28.501,27.861,-1,27.2370540769421,-27.549,28.675,27.549,28.501,27.345,-1,27.0948247300383,-27.549,27.997,27.549,27.861,27.345,0,-0,0,23980.65,9536.49,24242.86,9629.29,0,-0,0,23433.73,1645.75,23422.82,1646.47,1,-12704.1768335955,12704.23,502.25,12704.23,504.22,12746.37
2020-10-08,0,-0,0,28.501,6.7495,28.43,6.7533,-1,0.0467252233151915,-6.7638,6.7495,6.7638,6.7533,6.7678,-1,0.0468177448399862,-6.7774,6.7495,6.7774,6.7533,6.7816,-1,0.0470931867336432,-6.8173,6.7495,6.8173,6.7533,6.8221,-1,0.0476315288152868,-6.896,6.7495,6.896,6.7533,6.9017,-1,0.0485817889856126,-6.896,6.8173,6.896,6.8221,6.9017,-1,73.4454348563804,-73.55,28.501,73.55,28.43,73.51,0,-0,0,73.55,73.79,73.51,73.75,0,-0,0,73.55,74.07,73.51,74,0,-0,0,73.55,74.91,73.51,74.87,0,-0,0,73.55,76.47,73.51,76.41,0,-0,0,74.91,76.47,74.87,76.41,0,-0,0,1157.5,28.501,1151.5,28.43,-1,27.9557773387692,-28.362,28.501,28.362,28.43,28.273,-1,27.8386971989857,-28.208,28.501,28.208,28.43,28.115,-1,27.5239650978059,-27.861,28.501,27.861,28.43,27.762,-1,27.0923006450094,-27.345,28.501,27.345,28.43,27.235,-1,26.9921986515768,-27.345,27.861,27.345,27.762,27.235,0,-0,0,24242.86,9629.29,24193.35,9624.48,-1,1646.44381863957,-1646.47,23422.82,1646.47,23647.07,1655.47,1,-12746.3168608149,12746.37,504.22,12746.37,512.17,12887.19
2020-10-09,-1,6.70968491032796,-6.7533,28.43,6.7533,28.389,6.7037,-1,0.0484289356328422,-6.7678,6.7533,6.7678,6.7037,6.7178,-1,0.0485249302938541,-6.7816,6.7533,6.7816,6.7037,6.7317,-1,0.0488105662913732,-6.8221,6.7533,6.8221,6.7037,6.7733,-1,0.0493689432616056,-6.9017,6.7533,6.9017,6.7037,6.8533,-1,0.0503612129402619,-6.9017,6.8221,6.9017,6.7733,6.8533,-1,73.4052084276518,-73.51,28.43,73.51,28.389,73.15,0,-0,0,73.51,73.75,73.15,73.41,0,-0,0,73.51,74,73.15,73.65,0,-0,0,73.51,74.87,73.15,74.53,0,-0,0,73.51,76.41,73.15,76.06,0,-0,0,74.87,76.41,74.53,76.06,0,-0,0,1151.5,28.43,1143.63,28.389,-1,27.9161650552988,-28.273,28.43,28.273,28.389,28.234,-1,27.7958859112318,-28.115,28.43,28.115,28.389,28.063,-1,27.4786509108655,-27.762,28.43,27.762,28.389,27.706,-1,27.0399115476235,-27.235,28.43,27.235,28.389,27.17,-1,26.9215677916915,-27.235,27.762,27.235,27.706,27.17,0,-0,0,24193.35,9624.48,24119.13,9617.85,1,-1655.58631087948,1655.47,23647.07,1655.47,23619.69,1647.38,1,-12887.1388850765,12887.19,512.17,12887.19,512.17,12887.19
2020-10-12,0,-0,0,28.389,6.7037,28.408,6.7636,-1,0.0497430110942639,-6.7178,6.7037,6.7178,6.7636,6.7784,-1,0.0498417567460119,-6.7317,6.7037,6.7317,6.7636,6.7934,-1,0.0501356385180818,-6.7733,6.7037,6.7733,6.7636,6.8358,-1,0.0507098037748038,-6.8533,6.7037,6.8533,6.7636,6.9179,-1,0.0517395500108254,-6.8533,6.7733,6.8533,6.8358,6.9179,1,-73.0853025732841,73.15,28.389,73.15,28.408,73.57,0,-0,0,73.15,73.41,73.57,73.75,0,-0,0,73.15,73.65,73.57,74,0,-0,0,73.15,74.53,73.57,74.85,0,-0,0,73.15,76.06,73.57,76.38,0,-0,0,74.53,76.06,74.85,76.38,-1,28.3784233029051,-28.389,1143.63,28.389,1148.4,28.408,-1,27.9034616939035,-28.234,28.389,28.234,28.408,28.26,-1,27.7790466806152,-28.063,28.389,28.063,28.408,28.091,-1,27.4588862023086,-27.706,28.389,27.706,28.408,27.745,-1,27.0125117750849,-27.17,28.389,27.17,28.408,27.198,-1,26.8895231514123,-27.17,27.706,27.17,27.745,27.198,0,-0,0,24119.13,9617.85,24649.68,9878.74,1,-1647.48886725251,1647.38,23619.69,1647.38,23558.69,1643.35,0,-0,0,512.17,12887.19,517.07,12955.91
2020-10-13,-1,6.71623490595497,-6.7636,28.408,6.7636,28.522,6.7561,-1,0.0519324315149675,-6.7784,6.7636,6.7784,6.7561,6.7712,-1,0.0520359239414405,-6.7934,6.7636,6.7934,6.7561,6.7877,-1,0.0523433512093247,-6.8358,6.7636,6.8358,6.7561,6.8287,-1,0.0529437892345767,-6.9179,6.7636,6.9179,6.7561,6.9098,-1,0.0540356041099895,-6.9179,6.8358,6.9179,6.8287,6.9098,-1,73.446238343892,-73.57,28.408,73.57,28.522,73.63,0,-0,0,73.57,73.75,73.63,73.85,0,-0,0,73.57,74,73.63,74.1,0,-0,0,73.57,74.85,73.63,74.93,0,-0,0,73.57,76.38,73.63,76.47,0,-0,0,74.85,76.38,74.93,76.47,0,-0,0,1148.4,28.408,1148.93,28.522,-1,27.9480459243848,-28.26,28.408,28.26,28.522,28.354,-1,27.8197707661592,-28.091,28.408,28.091,28.522,28.147,-1,27.4972467878156,-27.745,28.408,27.745,28.522,27.813,-1,27.0420756455146,-27.198,28.408,27.198,28.522,27.272,-1,26.9470643892016,-27.198,27.745,27.198,27.813,27.272,0,-0,0,24649.68,9878.74,24649.68,9878.74,0,-0,0,23558.69,1643.35,23601.78,1649.1,1,-12955.8587280261,12955.91,517.07,12955.91,516.74,12947.13
2020-10-14,0,-0,0,28.522,6.7561,28.508,6.729,-1,0.0536438043947191,-6.7712,6.7561,6.7712,6.729,6.7441,-1,0.0537514988412011,-6.7877,6.7561,6.7877,6.729,6.7608,-1,0.0540692982484765,-6.8287,6.7561,6.8287,6.729,6.8015,-1,0.0546902634343526,-6.9098,6.7561,6.9098,6.729,6.8828,-1,0.0558231758709418,-6.9098,6.8287,6.9098,6.8015,6.8828,1,-73.5610889883536,73.63,28.522,73.63,28.508,73.5,0,-0,0,73.63,73.85,73.5,73.73,0,-0,0,73.63,74.1,73.5,73.99,0,-0,0,73.63,74.93,73.5,74.81,0,-0,0,73.63,76.47,73.5,76.33,0,-0,0,74.93,76.47,74.81,76.33,0,-0,0,1148.93,28.522,1147.35,28.508,-1,28.0825459742031,-28.354,28.522,28.354,28.508,28.497,-1,27.9470512859851,-28.147,28.522,28.147,28.508,28.186,-1,27.6223920238129,-27.813,28.522,27.813,28.508,27.797,-1,27.1582259020306,-27.272,28.522,27.272,28.508,27.411,-1,27.0319339062582,-27.272,27.813,27.272,27.797,27.411,0,-0,0,24649.68,9878.74,24667.09,9920.77,-1,1649.05239381569,-1649.1,23601.78,1649.1,23626.73,1643.9,0,-0,0,516.74,12947.13,514.3,12919.31
2020-10-15,0,-0,0,28.508,6.729,28.561,6.7295,-1,0.0552057374066859,-6.7441,6.729,6.7441,6.7295,6.7455,-1,0.0553174072113084,-6.7608,6.729,6.7608,6.7295,6.7604,-1,0.0556446581495904,-6.8015,6.729,6.8015,6.7295,6.8032,-1,0.056284562485726,-6.8828,6.729,6.8828,6.7295,6.8849,-1,0.0574532743595306,-6.8828,6.8015,6.8828,6.8032,6.8849,1,-73.4226607630192,73.5,28.508,73.5,28.561,73.58,0,-0,0,73.5,73.73,73.58,73.85,0,-0,0,73.5,73.99,73.58,74.07,0,-0,0,73.5,74.81,73.58,74.91,0,-0,0,73.5,76.33,73.58,76.42,0,-0,0,74.81,76.33,74.91,76.42,0,-0,0,1147.35,28.508,1145.35,28.561,-1,28.1026399207403,-28.497,28.508,28.497,28.561,28.425,-1,27.9521502689343,-28.186,28.508,28.186,28.561,28.247,-1,27.6221456600335,-27.797,28.508,27.797,28.561,27.861,-1,27.1649478671777,-27.411,28.508,27.411,28.561,27.364,-1,27.0465536134914,-27.411,27.797,27.411,27.861,27.364,0,-0,0,24667.09,9920.77,24158.54,9762.28,1,-1644.01928442641,1643.9,23626.73,1643.9,23507.23,1631.79,-1,12919.2552694802,-12919.31,514.3,12919.31,509.82,12827.82
2020-10-16,0,-0,0,28.561,6.7295,28.558,6.709,-1,0.0570168936139141,-6.7455,6.7295,6.7455,6.709,6.7246,-1,0.0571325661176025,-6.7604,6.7295,6.7604,6.709,6.7397,-1,0.0574713134345684,-6.8032,6.7295,6.8032,6.709,6.7832,-1,0.0581331598892009,-6.8849,6.7295,6.8849,6.709,6.8646,-1,0.0593521283288133,-6.8849,6.8032,6.8849,6.7832,6.8646,0,-0,0,28.561,73.58,28.558,73.63,0,-0,0,73.58,73.85,73.63,73.88,0,-0,0,73.58,74.07,73.63,74.13,0,-0,0,73.58,74.91,73.63,74.96,0,-0,0,73.58,76.42,73.63,76.47,0,-0,0,74.91,76.42,74.96,76.47,0,-0,0,1145.35,28.561,1142.55,28.558,-1,28.1752624633317,-28.425,28.561,28.425,28.558,28.419,-1,28.0221616677591,-28.247,28.561,28.247,28.558,28.25,-1,27.6868039596593,-27.861,28.561,27.861,28.558,27.87,-1,27.2254461056996,-27.364,28.561,27.364,28.558,27.359,-1,27.1274258772478,-27.364,27.861,27.364,27.87,27.359,0,-0,0,24158.54,9762.28,24386.79,9914.9,1,-1631.85838757479,1631.79,23507.23,1631.79,23410.63,1617.69,-1,12827.7655964778,-12827.82,509.82,12827.82,506.65,12750.37
2020-10-19,1,-6.73118596780099,6.709,28.558,6.709,28.535,6.6948,-1,0.0586627019011685,-6.7246,6.709,6.7246,6.6948,6.7094,-1,0.05878211112797,-6.7397,6.709,6.7397,6.6948,6.725,-1,0.0591316048318593,-6.7832,6.709,6.7832,6.6948,6.7685,-1,0.0598134676662068,-6.8646,6.709,6.8646,6.6948,6.8502,-1,0.0610757889476672,-6.8646,6.7832,6.8646,6.7685,6.8502,0,-0,0,28.558,73.63,28.535,73.59,0,-0,0,73.63,73.88,73.59,73.8,0,-0,0,73.63,74.13,73.59,74.05,0,-0,0,73.63,74.96,73.59,74.91,0,-0,0,73.63,76.47,73.59,76.42,0,-0,0,74.96,76.47,74.91,76.42,0,-0,0,1142.55,28.558,1141.13,28.535,-1,28.19065745317,-28.419,28.558,28.419,28.535,28.385,-1,28.0362170887893,-28.25,28.558,28.25,28.535,28.207,-1,27.697078464006,-27.87,28.558,27.87,28.535,27.83,-1,27.2315339072394,-27.359,28.558,27.359,28.535,27.34,-1,27.1520823185312,-27.359,27.87,27.359,27.83,27.34,0,-0,0,24386.79,9914.9,24542.26,9978.16,1,-1617.82142430884,1617.69,23410.63,1617.69,23671.13,1637.98,0,-0,0,506.65,12750.37,513.46,12908.34
2020-10-20,1,-6.71610975249386,6.6948,28.535,6.6948,28.542,6.6889,-1,0.0603750247252716,-6.7094,6.6948,6.7094,6.6889,6.7038,-1,0.0604984560055582,-6.725,6.6948,6.725,6.6889,6.7198,-1,0.0608591254195278,-6.7685,6.6948,6.7685,6.6889,6.7634,-1,0.0615619169834372,-6.8502,6.6948,6.8502,6.6889,6.8447,-1,0.0628593983489221,-6.8502,6.7685,6.8502,6.7634,6.8447,0,-0,0,28.535,73.59,28.542,73.71,0,-0,0,73.59,73.8,73.71,73.95,0,-0,0,73.59,74.05,73.71,74.19,0,-0,0,73.59,74.91,73.71,75.04,0,-0,0,73.59,76.42,73.71,76.55,0,-0,0,74.91,76.42,75.04,76.55,0,-0,0,1141.13,28.535,1140.5,28.542,-1,28.1837288214161,-28.385,28.535,28.385,28.542,28.386,-1,28.0273904133637,-28.207,28.535,28.207,28.542,28.215,-1,27.6852775457873,-27.83,28.535,27.83,28.542,27.834,-1,27.2180189065671,-27.34,28.535,27.34,28.542,27.315,-1,27.1293089770932,-27.34,27.83,27.34,27.834,27.315,0,-0,0,24542.26,9978.16,24569.54,9988.33,-1,1637.94284131992,-1637.98,23671.13,1637.98,23567.04,1625.74,1,-12908.2869115195,12908.34,513.46,12908.34,510.43,12862.37
,1,-6.70862283573112,6.6889,28.542,6.6889,NaN,NaN,-1,0.0621822058206549,-6.7038,6.6889,6.7038,NaN,NaN,-1,0.0623099744334629,-6.7198,6.6889,6.7198,NaN,NaN,-1,0.0626824346921405,-6.7634,6.6889,6.7634,NaN,NaN,-1,0.0634071770748391,-6.8447,6.6889,6.8447,NaN,NaN,-1,0.0647534757423752,-6.8447,6.7634,6.8447,NaN,NaN,-1,73.6108143977514,-73.71,28.542,73.71,NaN,NaN,0,-0,0,73.71,73.95,NaN,NaN,0,-0,0,73.71,74.19,NaN,NaN,0,-0,0,73.71,75.04,NaN,NaN,0,-0,0,73.71,76.55,NaN,NaN,0,-0,0,75.04,76.55,NaN,NaN,0,-0,0,1140.5,28.542,NaN,NaN,-1,28.2045588437567,-28.386,28.542,28.386,NaN,NaN,-1,28.0469389967864,-28.215,28.542,28.215,NaN,NaN,-1,27.7014353756651,-27.834,28.542,27.834,NaN,NaN,-1,27.22966367357,-27.315,28.542,27.315,NaN,NaN,-1,27.1456263579028,-27.315,27.834,27.315,NaN,NaN,0,-0,0,24569.54,9988.33,NaN,NaN,1,-1625.82693570825,1625.74,23567.04,1625.74,NaN,NaN,-1,12862.3150855961,-12862.37,510.43,12862.37,NaN,NaN
