date,I000300_I1,I000905_I2,I000001_I3
2005-01-04,_,_,_
2005-01-05,_,_,_
2005-01-06,_,_,_
2005-01-07,_,_,_
2005-01-10,_,_,_
2005-01-11,_,_,_
2005-01-12,_,_,_
2005-01-13,_,_,_
2005-01-14,_,_,_
2005-01-17,_,_,_
2005-01-18,_,_,_
2005-01-19,_,_,_
2005-01-20,_,_,_
2005-01-21,_,_,_
2005-01-24,_,_,_
2005-01-25,_,_,_
2005-01-26,_,_,_
2005-01-27,_,_,_
2005-01-28,_,_,_
2005-01-31,_,_,_
2005-02-01,_,_,_
2005-02-02,_,_,_
2005-02-03,_,_,_
2005-02-04,_,_,_
2005-02-16,_,_,_
2005-02-17,_,_,_
2005-02-18,_,_,_
2005-02-21,_,_,_
2005-02-22,_,_,_
2005-02-23,_,_,_
2005-02-24,_,_,_
2005-02-25,_,_,_
2005-02-28,_,_,_
2005-03-01,_,_,_
2005-03-02,_,_,_
2005-03-03,_,_,_
2005-03-04,_,_,_
2005-03-07,_,_,_
2005-03-08,_,_,_
2005-03-09,_,_,_
2005-03-10,_,_,_
2005-03-11,_,_,_
2005-03-14,_,_,_
2005-03-15,_,_,_
2005-03-16,_,_,_
2005-03-17,_,_,_
2005-03-18,_,_,_
2005-03-21,_,_,_
2005-03-22,_,_,_
2005-03-23,_,_,_
2005-03-24,_,_,_
2005-03-25,_,_,_
2005-03-28,_,_,_
2005-03-29,_,_,_
2005-03-30,_,_,_
2005-03-31,_,_,_
2005-04-01,_,_,_
2005-04-04,_,_,_
2005-04-05,_,_,_
2005-04-06,_,_,_
2005-04-07,_,_,_
2005-04-08,_,_,_
2005-04-11,_,_,_
2005-04-12,_,_,_
2005-04-13,_,_,_
2005-04-14,_,_,_
2005-04-15,_,_,_
2005-04-18,_,_,_
2005-04-19,_,_,_
2005-04-20,_,_,_
2005-04-21,_,_,_
2005-04-22,_,_,_
2005-04-25,_,_,_
2005-04-26,_,_,_
2005-04-27,_,_,_
2005-04-28,_,_,_
2005-04-29,_,_,_
2005-05-09,_,_,_
2005-05-10,_,_,_
2005-05-11,_,_,_
2005-05-12,_,_,_
2005-05-13,_,_,_
2005-05-16,_,_,_
2005-05-17,_,_,_
2005-05-18,_,_,_
2005-05-19,_,_,_
2005-05-20,_,_,_
2005-05-23,_,_,_
2005-05-24,_,_,_
2005-05-25,_,_,_
2005-05-26,_,_,600135
2005-05-27,_,_,_
2005-05-30,_,_,_
2005-05-31,_,_,600333
2005-06-01,_,_,_
2005-06-02,_,_,_
2005-06-03,_,_,_
2005-06-06,_,_,_
2005-06-07,_,_,_
2005-06-08,_,_,_
2005-06-09,_,_,_
2005-06-10,_,_,_
2005-06-13,_,600701-000938-000990,600883-900932
2005-06-14,_,600249,600406
2005-06-15,600000,_,600719
2005-06-16,_,_,600169-600016-900919-600476
2005-06-17,_,_,900919
2005-06-20,_,600187,600050-600476
2005-06-21,_,_,_
2005-06-22,600104-600098,_,600680-600792
2005-06-23,_,_,_
2005-06-24,_,_,600701
2005-06-27,_,_,_
2005-06-28,_,_,_
2005-06-29,_,_,_
2005-06-30,600058,_,_
2005-07-01,_,_,_
2005-07-04,_,_,_
2005-07-05,_,_,_
2005-07-06,_,_,_
2005-07-07,_,_,_
2005-07-08,_,600063,600283
2005-07-11,_,600092,_
2005-07-12,_,_,_
2005-07-13,_,_,_
2005-07-14,_,_,_
2005-07-15,_,_,_
2005-07-18,_,_,_
2005-07-19,_,_,_
2005-07-20,_,_,_
2005-07-21,_,_,_
2005-07-22,_,_,_
2005-07-25,_,_,_
2005-07-26,_,_,_
2005-07-27,_,_,_
2005-07-28,_,_,_
2005-07-29,000636,600415,601588-601005
2005-08-01,_,_,_
2005-08-02,_,_,_
2005-08-03,_,_,_
2005-08-04,_,_,600053
2005-08-05,_,_,_
2005-08-08,_,_,600793-900942
2005-08-09,600104-600035,600505,600829-600680-600335
2005-08-10,_,_,_
2005-08-11,_,_,_
2005-08-12,_,600801,600610
2005-08-15,_,000617-600740-600199,600702-600086-600282-600748-601186
2005-08-16,_,_,_
2005-08-17,_,_,600883-601933
2005-08-18,_,_,_
2005-08-19,600221,600061-000090-600773-600702-600767,600161-600262-600488-600436-600890-600163-600016-600103-600546
2005-08-22,_,_,600161-600476-600501
2005-08-23,_,000070,600501
2005-08-24,_,_,_
2005-08-25,_,_,_
2005-08-26,_,_,_
2005-08-29,_,_,_
2005-08-30,_,600199-600086-600767-600187,601988-600050-600093-601991-600476-600748-600546
2005-08-31,_,600181-000631-000034-600515-600086-600767,600053-600161-600488-600537-600009-601991-600501-600565-600145-600756
2005-09-01,_,000993-600181-000631-600086,600488-600537-601991-601718-600501
2005-09-02,_,_,_
2005-09-05,_,_,601126
2005-09-06,_,_,_
2005-09-07,_,_,_
2005-09-08,_,_,_
2005-09-09,_,_,_
2005-09-12,_,000753,_
2005-09-13,_,_,_
2005-09-14,_,_,_
2005-09-15,_,_,_
2005-09-16,_,_,_
2005-09-19,_,600133,600498
2005-09-20,_,_,600797
2005-09-21,_,_,_
2005-09-22,_,600086-600187,601988-600050-601991-600160-600783
2005-09-23,_,000632-600181-600092-000631-000034-600515-000906-600767-600187,600466-600332-600050-600093-600698-600648-600501-600145-600240-600546
2005-09-26,_,600181-000034,600156-600501
2005-09-27,_,000993-600181-600092,600112-600009-600501-600565-600235
2005-09-28,_,000993,600112-601988-600235
2005-09-29,_,000862,600112-600702-600235
2005-09-30,_,_,600702
2005-10-10,_,_,_
2005-10-11,_,_,_
2005-10-12,_,_,_
2005-10-13,_,_,_
2005-10-14,_,_,600987
2005-10-17,_,_,_
2005-10-18,_,_,600021-600348
2005-10-19,_,_,_
2005-10-20,_,_,_
2005-10-21,_,_,_
2005-10-24,_,_,_
2005-10-25,_,000782,600638
2005-10-26,_,600150,600967
2005-10-27,_,_,601003
2005-10-28,_,_,_
2005-10-31,_,_,_
2005-11-01,_,_,_
2005-11-02,_,_,_
2005-11-03,_,_,_
2005-11-04,_,_,_
2005-11-07,600724,_,900950
2005-11-08,600688,_,600477
2005-11-09,_,_,_
2005-11-10,_,_,_
2005-11-11,_,_,600701
2005-11-14,_,_,_
2005-11-15,_,_,_
2005-11-16,_,_,600701
2005-11-17,_,_,_
2005-11-18,_,600682,900953
2005-11-21,_,_,_
2005-11-22,_,600702,600890
2005-11-23,_,_,600075
2005-11-24,_,_,_
2005-11-25,_,_,_
2005-11-28,600098,_,600170
2005-11-29,_,_,_
2005-11-30,_,_,601718
2005-12-01,_,_,601718
2005-12-02,_,_,_
2005-12-05,_,_,600121
2005-12-06,_,600750,600596
2005-12-07,_,_,_
2005-12-08,_,_,_
2005-12-09,_,_,_
2005-12-12,_,_,_
2005-12-13,_,_,_
2005-12-14,_,_,_
2005-12-15,_,_,_
2005-12-16,_,_,_
2005-12-19,_,_,_
2005-12-20,_,_,_
2005-12-21,_,_,_
2005-12-22,_,_,_
2005-12-23,_,_,_
2005-12-26,_,_,_
2005-12-27,_,_,_
2005-12-28,_,_,_
2005-12-29,_,_,_
2005-12-30,_,_,_
2006-01-04,_,_,_
2006-01-05,_,_,_
2006-01-06,_,_,_
2006-01-09,_,_,_
2006-01-10,_,_,_
2006-01-11,_,_,_
2006-01-12,_,_,600365
2006-01-13,_,600897,600397
2006-01-16,_,600573,600980
2006-01-17,_,_,600717
2006-01-18,_,000722,_
2006-01-19,_,_,_
2006-01-20,_,_,_
2006-01-23,600597,600092,600182-600320
2006-01-24,_,_,_
2006-01-25,600073-600035,000598-600853,600068-600354-600235
2006-02-06,_,_,_
2006-02-07,_,_,_
2006-02-08,000758,600549-600331-600547,600749-600866-600089
2006-02-09,_,_,_
2006-02-10,_,_,_
2006-02-13,_,_,_
2006-02-14,_,_,_
2006-02-15,_,_,_
2006-02-16,600036,_,_
2006-02-17,600005,_,_
2006-02-20,_,_,_
2006-02-21,_,_,_
2006-02-22,_,_,_
2006-02-23,_,_,_
2006-02-24,_,_,_
2006-02-27,_,_,_
2006-02-28,000983,_,_
2006-03-01,_,_,_
2006-03-02,_,_,_
2006-03-03,_,_,_
2006-03-06,_,600092,_
2006-03-07,_,600181,_
2006-03-08,_,_,_
2006-03-09,_,_,_
2006-03-10,_,_,_
2006-03-13,_,_,_
2006-03-14,_,_,_
2006-03-15,_,_,_
2006-03-16,_,_,_
2006-03-17,_,_,_
2006-03-20,_,_,_
2006-03-21,_,_,_
2006-03-22,_,_,_
2006-03-23,_,_,_
2006-03-24,_,_,_
2006-03-27,_,_,600238
2006-03-28,_,_,_
2006-03-29,_,_,_
2006-03-30,_,_,600508-600638
2006-03-31,_,_,_
2006-04-03,_,_,_
2006-04-04,_,_,_
2006-04-05,_,_,_
2006-04-06,_,_,_
2006-04-07,_,_,_
2006-04-10,_,_,_
2006-04-11,_,_,_
2006-04-12,000968,000903-600202-600582,600019-600774-600993
2006-04-13,_,_,600256-600969
2006-04-14,_,600275-600415-600865,600163-601588-600253-600093-600236-900937-600617-600462
2006-04-17,_,_,601718
2006-04-18,600170,600181,600555
2006-04-19,_,000569,_
2006-04-20,_,_,600403
2006-04-21,_,000548,600537
2006-04-24,_,_,600501
2006-04-25,000651,600131,600611-600258-600629
2006-04-26,_,600131,600629
2006-04-27,_,_,_
2006-04-28,600320-600060,600533-000969,601117-600153
2006-05-08,_,_,_
2006-05-09,_,_,_
2006-05-10,_,000569,_
2006-05-11,_,600525,600844
2006-05-12,_,_,_
2006-05-15,_,000569,_
2006-05-16,000518,000569,600252
2006-05-17,600103-600228-600808-600029-600761-600690-600548,000738-600728-000961,600033-600779-600765-600783-600767
2006-05-18,600761-600690,600595-000833-000657,600033-600163-600223
2006-05-19,_,600084-000833-000657-000045,900927-600468
2006-05-22,_,000421-600595-000045,600223-601777-600403
2006-05-23,000956-600205,600547-600276,600130-600163-600138-600998-600749-600661
2006-05-24,000763,600452,600497-601919
2006-05-25,600196,000578-000988-600773,600995-600702-600021-600765-600103
2006-05-26,_,_,_
2006-05-29,_,_,_
2006-05-30,_,000969,600348
2006-05-31,600705,_,_
2006-06-01,600348,600981,601607-600872-601777
2006-06-02,_,_,_
2006-06-05,000423,000901,600420
2006-06-06,_,600084,600468
2006-06-07,600863,_,601107-600418-601989
2006-06-08,600705-000571-600866-600016-000157-600675,000789-600084-000626-600093-600173-000540-000757-000738-000693-600734,600609-600468-600207-600815-900902-600479-600052-600145-600068-600235
2006-06-09,_,000509-600093-600173-600209-000540-000034-000757-600773-000506-600734,600156-601199-600880-600815-600052-600718-600145-600028-600103-600438
2006-06-12,_,000688-000509-600463-000540-000034-000757-600880,600488-600192-600880-600677-600648-600145
2006-06-13,_,_,600848
2006-06-14,_,_,600284
2006-06-15,_,600576,600012-600746-600565
2006-06-16,_,_,600770-600565
2006-06-19,_,_,600770
2006-06-20,_,_,600667
2006-06-21,_,_,_
2006-06-22,_,_,_
2006-06-23,_,_,_
2006-06-26,_,_,_
2006-06-27,_,_,_
2006-06-28,_,_,_
2006-06-29,_,_,_
2006-06-30,_,_,_
2006-07-03,_,_,_
2006-07-04,_,_,_
2006-07-05,_,_,600565
2006-07-06,_,600432,600656-600783
2006-07-07,_,_,_
2006-07-10,_,_,_
2006-07-11,_,_,600831
2006-07-12,_,_,_
2006-07-13,DY600018,600606,900924-600743
2006-07-14,000543-600688,600815-000748-600685-000738,601107-600477-600241-600160-600570-600360-600235
2006-07-17,_,_,_
2006-07-18,000022,600547,600749-600326-600865
2006-07-19,_,000922,600865
2006-07-20,_,000922,_
2006-07-21,_,_,_
2006-07-24,_,600067,600895
2006-07-25,_,_,_
2006-07-26,_,_,_
2006-07-27,_,_,_
2006-07-28,_,000918,_
2006-07-31,_,_,_
2006-08-01,_,000688,_
2006-08-02,_,000540,_
2006-08-03,_,000748-600606,600743
2006-08-04,_,_,_
2006-08-07,_,_,_
2006-08-08,_,_,_
2006-08-09,_,_,_
2006-08-10,_,_,_
2006-08-11,_,_,_
2006-08-14,_,_,_
2006-08-15,_,_,_
2006-08-16,_,_,_
2006-08-17,_,_,_
2006-08-18,_,_,_
2006-08-21,_,000728-600622-600467,600207-600741-600889-600736-600180
2006-08-22,_,_,_
2006-08-23,_,000540,_
2006-08-24,_,_,_
2006-08-25,_,_,_
2006-08-28,_,_,_
2006-08-29,_,_,600529
2006-08-30,_,_,_
2006-08-31,_,_,_
2006-09-01,_,_,_
2006-09-04,_,_,_
2006-09-05,_,_,_
2006-09-06,_,_,_
2006-09-07,_,_,_
2006-09-08,_,600657-000688,600183
2006-09-11,_,_,_
2006-09-12,_,_,_
2006-09-13,_,_,_
2006-09-14,_,_,_
2006-09-15,_,_,_
2006-09-18,_,000688,_
2006-09-19,_,_,_
2006-09-20,_,_,_
2006-09-21,_,_,_
2006-09-22,_,_,_
2006-09-25,_,_,_
2006-09-26,_,_,_
2006-09-27,_,_,_
2006-09-28,_,600173,601199
2006-09-29,_,_,_
2006-10-09,_,000506,_
2006-10-10,_,_,_
2006-10-11,_,_,600683
2006-10-12,_,_,_
2006-10-13,_,_,_
2006-10-16,_,_,_
2006-10-17,_,_,_
2006-10-18,_,_,_
2006-10-19,_,_,_
2006-10-20,_,600173-600667,601199-601009
2006-10-23,600621,600667,900938-601009
2006-10-24,_,_,_
2006-10-25,_,_,_
2006-10-26,_,000032,_
2006-10-27,_,_,_
2006-10-30,000807,_,_
2006-10-31,_,_,_
2006-11-01,_,_,_
2006-11-02,_,_,_
2006-11-03,_,_,_
2006-11-06,_,_,_
2006-11-07,_,_,_
2006-11-08,_,_,_
2006-11-09,000498,_,600380
2006-11-10,_,_,_
2006-11-13,_,_,_
2006-11-14,_,_,_
2006-11-15,_,_,_
2006-11-16,_,_,_
2006-11-17,600126,_,600535
2006-11-20,_,_,_
2006-11-21,_,_,_
2006-11-22,_,_,_
2006-11-23,_,_,_
2006-11-24,_,_,_
2006-11-27,_,_,_
2006-11-28,_,_,601126
2006-11-29,600138-000680,600284,601618-600037
2006-11-30,_,_,_
2006-12-01,_,_,_
2006-12-04,_,_,_
2006-12-05,_,_,_
2006-12-06,_,_,600661
2006-12-07,000022,600547,600749-600326
2006-12-08,000920-000666,000748,600338-600469-600139
2006-12-11,_,600677-000576-600130,600550-600338-600195
2006-12-12,_,_,_
2006-12-13,_,_,_
2006-12-14,_,600150,600967
2006-12-15,_,_,_
2006-12-18,_,_,600663
2006-12-19,_,_,_
2006-12-20,_,_,_
2006-12-21,_,_,_
2006-12-22,_,000821,600488-600573
2006-12-25,_,_,_
2006-12-26,_,_,_
2006-12-27,_,_,_
2006-12-28,_,_,600648
2006-12-29,_,600259-600395-600706,600593-600643-601788
2007-01-04,_,_,_
2007-01-05,_,_,_
2007-01-08,_,_,600270
2007-01-09,_,_,_
2007-01-10,_,_,_
2007-01-11,_,_,_
2007-01-12,600110,600180,600759
2007-01-15,000100,000789-000787,_
2007-01-16,_,_,_
2007-01-17,_,_,_
2007-01-18,600874-000507-000682-000527,600067-000608-600376-600052,900925-600730-600558-600895-600301-600704-600793-600736-600868-600965
2007-01-19,_,000034-600052,600704
2007-01-22,_,_,600991
2007-01-23,_,600740,601186
2007-01-24,_,600415,601588
2007-01-25,600026,000515-600857,600829-600061-600579-601518
2007-01-26,600583-600171-000063,000748-600143-000963-600769-600857-000702-600199-000576-600378-600801,600376-600848-600325-600061-600346-600566-600476-600610-600661-600748
2007-01-29,_,000506,_
2007-01-30,_,_,600529
2007-01-31,000930-600207,600398,600120
2007-02-01,000780-000698-600126-600835-000410,600969-600682-600399-600624-000953,600535-600009-900924-601018-600123-600661-600068-600131-600521-600491
2007-02-02,_,_,600028
2007-02-05,_,000700-600209-600063,600283-600016-600256-600718
2007-02-06,000933-600608,000509-600802,600978-600496
2007-02-07,_,_,_
2007-02-08,_,_,_
2007-02-09,_,_,_
2007-02-12,_,_,600369
2007-02-13,_,_,_
2007-02-14,_,_,_
2007-02-15,_,_,_
2007-02-16,_,_,600753
2007-02-26,_,_,_
2007-02-27,_,_,_
2007-02-28,000562-000933-600073-000528-600881-600072-000917-600642-600000-600028,600716-000026-600682-600553-600728-600367-000525-600898-000506-600133,900910-600084-600874-600826-600009-600189-600438-600767-900953-600498
2007-03-01,_,_,_
2007-03-02,000060,000034,600251
2007-03-05,000060,000034,600251-600422
2007-03-06,_,000034,600792
2007-03-07,_,600225-000693-600734,600537-600332-601003-600052-600438-600266
2007-03-08,_,000688-000757-000787,_
2007-03-09,_,_,_
2007-03-12,_,_,_
2007-03-13,_,_,_
2007-03-14,_,_,_
2007-03-15,_,_,_
2007-03-16,_,600722,601328
2007-03-19,000916-000024-000420-000806-000066-600207-600808-000612-000573-600900,000753-000607-600857-000881-600209-000502-000738-000713-600258-000787,600981-600156-600836-600061-600537-600009-600718-600371-600145-600720
2007-03-20,_,_,_
2007-03-21,_,_,_
2007-03-22,_,_,600491
2007-03-23,_,_,_
2007-03-26,600642,000026-600173,601199-600114-600250-600235
2007-03-27,600705-000410-600642-600296,000509-600225-000034-000923-600656-600728-000506-000521-000975-600734,600161-600784-600093-600052-600116-600966-600438-600235-600767-600266
2007-03-28,000503,600288-600488,600660-900909-600976-600186
2007-03-29,600705,000688-000509-600093,600815-600438-600075
2007-03-30,600705,000632-000688-600093-600076-600645-000034-000757-600767,600156-600112-900910-600332-600815-600375-600798-600546-600075
2007-04-02,_,_,_
2007-04-03,_,_,_
2007-04-04,_,600682,900953
2007-04-05,_,600477,601999
2007-04-06,000068,600477,601999-600987
2007-04-09,_,_,600020
2007-04-10,_,000692,600190-600278
2007-04-11,_,600259,600643
2007-04-12,_,600980,600200
2007-04-13,_,600491,600297
2007-04-16,_,600216,601801
2007-04-17,_,_,_
2007-04-18,_,_,_
2007-04-19,600608-000725,600827-000586,600287-600552-600496-600601
2007-04-20,_,600657-600728,600009-600767-600183
2007-04-23,_,_,_
2007-04-24,_,000509-600259-600656-000787,600643-601003-600784
2007-04-25,600705,000688-600259-600076-600299-000034-600356,600330-600643-600533-600798-600997-600148-600075
2007-04-26,_,600161-000688,600981-600268
2007-04-27,_,600547,600749
2007-04-30,600207-000735,600773-600212,600055-600662-600871-600103
2007-05-08,_,000509-600645-600824,600628-600097-600375
2007-05-09,_,_,600525
2007-05-10,_,600716,600826
2007-05-11,600881-600868,000055,600084-600838
2007-05-14,600726,600733-000923-000738-600197,601666-600707-600020-600984-600865
2007-05-15,_,_,900935
2007-05-16,_,600733,900935-600984
2007-05-17,000410,_,600116
2007-05-18,000410,_,600694-600116
2007-05-21,600747-000520-600887-600282-000061-000402-600228-600072-600662-600153,600149-600199-600875-600403-000598-600359-000897-600237-600626-000544,600216-600361-600859-600505-600220-600683-601098-600825-600622-600133
2007-05-22,_,_,_
2007-05-23,_,_,_
2007-05-24,600688,000826-600202,600477-600993
2007-05-25,600631-600688,000692-000922,600117-600477-600692
2007-05-28,_,_,600421-600332-600600-600533
2007-05-29,_,600580,600590
2007-05-30,600674-600757-600710-600519-600103-600091-000503-600102-000063-000021,600701-600480-000700-600704-600802-600310-000677-000889-600059-600512,600665-600678-600281-600595-600038-900909-600168-600177-600070-600750
2007-05-31,000100-000780-600500-000698-000581-600694-600089-000921-000733-600900,000404-600310-600064-600199-600677-600273-600372-000953-000033-600477,600161-600281-601999-600421-600807-600218-600195-900913-600999-600750
2007-06-01,000100-600500,600093-600390-600209-600728-600898-600767-600287-000033,900945-600332-600815-600533-600718-600770-600976-600962-600145-600997
2007-06-04,600207-600036-000932-000527-000895,000509-600209-600898-600322-600052,600117-600338-600332-600301-600704-600533-601518-600718-600193-600080
2007-06-05,000825-600207-600741-600308,000509-600173-600157-600898-600158,601199-600885-600667-600377-600795-600565-900901
2007-06-06,_,600511-600173-600157,600088-601199-600667-600377-600565
2007-06-07,_,600157,600377
2007-06-08,_,_,_
2007-06-11,_,_,_
2007-06-12,_,_,_
2007-06-13,_,_,600667
2007-06-14,_,600592,600076
2007-06-15,_,_,600667-600661
2007-06-18,_,_,_
2007-06-19,_,_,_
2007-06-20,_,_,600005
2007-06-21,000096,600831,600961-600738
2007-06-22,600688,600405-600981,601607-600477-600760-600892
2007-06-25,600849,000923-600981,600769-601607-600892
2007-06-26,000429,600366-600526-000570,601318-600871-600345-600306
2007-06-27,_,_,_
2007-06-28,_,600173,601199
2007-06-29,_,600528-600328-600982-600301-000906-600226,600764-900905-600605-601106-601333-600481-600108-600532
2007-07-02,_,_,_
2007-07-03,_,600682-600619,900953-600110
2007-07-04,_,_,_
2007-07-05,_,_,_
2007-07-06,_,_,600173
2007-07-09,_,_,_
2007-07-10,_,_,_
2007-07-11,_,_,_
2007-07-12,_,_,900941
2007-07-13,_,_,_
2007-07-16,_,_,_
2007-07-17,_,_,_
2007-07-18,_,_,_
2007-07-19,_,_,900935
2007-07-20,_,600133,600498
2007-07-23,_,_,_
2007-07-24,_,_,_
2007-07-25,_,_,_
2007-07-26,_,_,_
2007-07-27,_,_,_
2007-07-30,_,_,_
2007-07-31,_,_,_
2007-08-01,_,_,_
2007-08-02,_,600716-600898-600859,600826-600821
2007-08-03,_,000668,_
2007-08-06,_,_,601288-900911
2007-08-07,600866,000413,600423-600565
2007-08-08,_,_,600981-600565-600020
2007-08-09,_,000692,600207-600565
2007-08-10,_,_,_
2007-08-13,_,002023,600824
2007-08-14,600694,_,600355
2007-08-15,_,_,_
2007-08-16,_,600301,600529-600605
2007-08-17,_,600716,600826
2007-08-20,_,000509,_
2007-08-21,_,_,_
2007-08-22,_,600415,601588
2007-08-23,_,600415,601588
2007-08-24,_,_,_
2007-08-27,000623,_,600155-600476
2007-08-28,_,600706,601788
2007-08-29,_,_,600332
2007-08-30,_,000692,600097
2007-08-31,_,_,_
2007-09-03,_,_,600028
2007-09-04,_,600716,600826-600028
2007-09-05,_,_,600966-600028
2007-09-06,_,000922,600028
2007-09-07,_,_,_
2007-09-10,_,600209,600880-600533-600399-600718
2007-09-11,_,_,601107
2007-09-12,_,000685-600458,600981-600848-601107-600114-600093-601268
2007-09-13,600500,_,600981-601107
2007-09-14,600500,_,_
2007-09-17,_,_,_
2007-09-18,_,_,_
2007-09-19,_,_,_
2007-09-20,_,_,_
2007-09-21,_,_,_
2007-09-24,_,_,_
2007-09-25,_,000509,_
2007-09-26,000060-600635-600838,_,600251-601718-600426-600159
2007-09-27,000060,600801-600667-000906-600706,600251-600163-601009-600610-601788
2007-09-28,600016,600706,601788
2007-10-08,600016,_,_
2007-10-09,600028,_,600783
2007-10-10,_,000692,600020
2007-10-11,000625,_,600538
2007-10-12,_,_,600112
2007-10-15,_,_,_
2007-10-16,_,_,_
2007-10-17,_,_,_
2007-10-18,_,_,600021
2007-10-19,_,_,_
2007-10-22,000528-600881,000997-000155,600084-600189-600797
2007-10-23,600881-600029,_,600084
2007-10-24,_,600515,600240
2007-10-25,_,600094,_
2007-10-26,000737,_,_
2007-10-29,_,_,600758-600163
2007-10-30,_,_,_
2007-10-31,_,_,_
2007-11-01,_,_,_
2007-11-02,_,_,_
2007-11-05,_,_,_
2007-11-06,_,_,_
2007-11-07,_,_,_
2007-11-08,_,_,_
2007-11-09,_,_,_
2007-11-12,_,_,600529-600976
2007-11-13,_,600773,600103
2007-11-14,_,_,_
2007-11-15,_,_,_
2007-11-16,_,_,_
2007-11-19,_,_,_
2007-11-20,_,_,_
2007-11-21,_,_,_
2007-11-22,_,_,_
2007-11-23,_,_,600537
2007-11-26,_,_,_
2007-11-27,_,_,_
2007-11-28,_,600094,_
2007-11-29,_,_,_
2007-11-30,_,_,_
2007-12-03,_,_,_
2007-12-04,_,_,_
2007-12-05,_,_,601989
2007-12-06,_,_,_
2007-12-07,_,_,_
2007-12-10,_,_,_
2007-12-11,_,_,_
2007-12-12,_,_,_
2007-12-13,_,_,_
2007-12-14,600795,000848-000668,600476-600770-600773-900913
2007-12-17,_,_,_
2007-12-18,_,_,_
2007-12-19,600688,600343,600477-600235-900908
2007-12-20,_,_,_
2007-12-21,_,_,_
2007-12-24,_,_,_
2007-12-25,_,_,_
2007-12-26,_,_,_
2007-12-27,_,_,_
2007-12-28,_,_,_
2008-01-02,_,600604,601616
2008-01-03,_,_,_
2008-01-04,_,_,_
2008-01-07,_,_,_
2008-01-08,_,_,_
2008-01-09,_,_,_
2008-01-10,_,_,_
2008-01-11,_,_,_
2008-01-14,_,_,600193
2008-01-15,_,_,_
2008-01-16,600674,600706,600467-601788
2008-01-17,_,000738,600086
2008-01-18,_,000922,_
2008-01-21,_,_,600173
2008-01-22,000423-000767,600191-600897-600218-000837-002017-000923-600828-000045-600410-600318,600724-600173-600428-600702-600833-600823-600982-600850-600501-600193
2008-01-23,_,600722-600094,600173-600332-601098-601328
2008-01-24,_,_,_
2008-01-25,_,_,_
2008-01-28,_,600359,600216
2008-01-29,_,_,600600-600698
2008-01-30,_,_,600698
2008-01-31,_,_,600698
2008-02-01,_,_,600698
2008-02-04,_,_,_
2008-02-05,_,_,_
2008-02-13,_,_,_
2008-02-14,_,_,_
2008-02-15,_,_,_
2008-02-18,_,_,_
2008-02-19,_,_,_
2008-02-20,_,_,_
2008-02-21,_,_,_
2008-02-22,_,_,_
2008-02-25,_,_,_
2008-02-26,_,600596,600733
2008-02-27,_,_,_
2008-02-28,_,_,900907
2008-02-29,_,_,_
2008-03-03,_,_,_
2008-03-04,_,_,_
2008-03-05,_,_,_
2008-03-06,_,_,_
2008-03-07,_,_,600229
2008-03-10,_,600742,600616
2008-03-11,_,_,600332
2008-03-12,_,_,_
2008-03-13,_,000407-600556,_
2008-03-14,_,_,_
2008-03-17,_,_,_
2008-03-18,_,_,_
2008-03-19,_,_,_
2008-03-20,_,_,_
2008-03-21,_,_,_
2008-03-24,_,_,_
2008-03-25,_,000909,600963
2008-03-26,_,_,_
2008-03-27,_,_,_
2008-03-28,000503,_,900909
2008-03-31,_,_,_
2008-04-01,_,_,_
2008-04-02,_,_,_
2008-04-03,_,_,_
2008-04-07,_,_,_
2008-04-08,_,_,_
2008-04-09,_,_,_
2008-04-10,_,_,_
2008-04-11,_,600722,601328
2008-04-14,_,_,_
2008-04-15,_,_,_
2008-04-16,_,_,_
2008-04-17,_,_,_
2008-04-18,_,_,_
2008-04-21,_,_,_
2008-04-22,_,_,_
2008-04-23,_,_,_
2008-04-24,_,_,_
2008-04-25,_,_,_
2008-04-28,_,600740,601186
2008-04-29,_,_,_
2008-04-30,_,_,_
2008-05-05,_,_,_
2008-05-06,_,_,_
2008-05-07,_,_,_
2008-05-08,_,000413,600595-600698
2008-05-09,_,_,_
2008-05-12,_,600076-600733,600798-600984
2008-05-13,600688,600076-000525,600477-900935-600798-600020
2008-05-14,_,600728,600767-600491
2008-05-15,_,_,_
2008-05-16,000968,_,_
2008-05-19,_,_,600880
2008-05-20,_,600556,600118
2008-05-21,_,000045,600667
2008-05-22,_,_,_
2008-05-23,_,_,_
2008-05-26,600718,000935-600106,600562-601958
2008-05-27,_,_,600586-600501
2008-05-28,_,_,_
2008-05-29,_,_,_
2008-05-30,_,_,_
2008-06-02,_,_,_
2008-06-03,_,_,_
2008-06-04,_,_,_
2008-06-05,_,_,_
2008-06-06,_,_,_
2008-06-10,000528-600308,002012,600287-600698-600189-600966-600987-600795
2008-06-11,_,_,_
2008-06-12,_,_,_
2008-06-13,_,_,_
2008-06-16,_,_,_
2008-06-17,_,_,_
2008-06-18,_,_,_
2008-06-19,_,_,_
2008-06-20,_,_,_
2008-06-23,_,_,_
2008-06-24,_,_,_
2008-06-25,_,_,_
2008-06-26,_,_,_
2008-06-27,_,_,_
2008-06-30,_,_,_
2008-07-01,_,_,_
2008-07-02,_,_,_
2008-07-03,_,_,_
2008-07-04,_,_,_
2008-07-07,_,_,_
2008-07-08,_,_,_
2008-07-09,_,_,_
2008-07-10,_,_,_
2008-07-11,_,_,_
2008-07-14,_,_,_
2008-07-15,_,_,_
2008-07-16,_,000821,_
2008-07-17,_,_,600173-600163
2008-07-18,_,_,_
2008-07-21,_,_,_
2008-07-22,_,_,_
2008-07-23,_,_,_
2008-07-24,_,_,_
2008-07-25,_,_,_
2008-07-28,_,_,_
2008-07-29,_,_,_
2008-07-30,_,_,600215
2008-07-31,_,_,_
2008-08-01,_,000722,600729
2008-08-04,_,_,_
2008-08-05,_,_,_
2008-08-06,_,_,_
2008-08-07,_,_,_
2008-08-08,_,_,_
2008-08-11,_,600716,600826-600976
2008-08-12,_,_,_
2008-08-13,_,_,_
2008-08-14,_,_,_
2008-08-15,_,_,_
2008-08-18,_,_,_
2008-08-19,_,_,_
2008-08-20,_,_,_
2008-08-21,_,_,_
2008-08-22,_,_,_
2008-08-25,_,_,_
2008-08-26,_,_,_
2008-08-27,_,_,_
2008-08-28,_,_,_
2008-08-29,_,_,_
2008-09-01,_,_,_
2008-09-02,_,_,_
2008-09-03,_,_,_
2008-09-04,_,_,_
2008-09-05,_,_,_
2008-09-08,_,_,_
2008-09-09,_,_,_
2008-09-10,_,_,_
2008-09-11,_,_,_
2008-09-12,_,_,_
2008-09-16,_,_,_
2008-09-17,_,_,_
2008-09-18,_,_,_
2008-09-19,_,_,_
2008-09-22,_,_,_
2008-09-23,_,_,_
2008-09-24,_,_,_
2008-09-25,_,_,_
2008-09-26,_,_,_
2008-10-06,000022,600547,600753-600749-600326
2008-10-07,000780-600797-000917-000031,600701,900932-900939-600456
2008-10-08,000562-600320,000728-600733-600837,600158-601558-600984-600153
2008-10-09,_,_,_
2008-10-10,600598-600008,600837,600981-600689-600600-601558
2008-10-13,_,_,600981-600611-600600
2008-10-14,_,_,_
2008-10-15,_,_,_
2008-10-16,_,000989,_
2008-10-17,_,_,_
2008-10-20,_,600180,600759
2008-10-21,_,600180,600759
2008-10-22,_,_,_
2008-10-23,_,600180,600759
2008-10-24,_,_,_
2008-10-27,_,000957,_
2008-10-28,_,000973,_
2008-10-29,_,_,_
2008-10-30,_,_,_
2008-10-31,_,_,_
2008-11-03,_,_,_
2008-11-04,_,_,_
2008-11-05,_,_,_
2008-11-06,_,_,_
2008-11-07,_,_,_
2008-11-10,_,_,_
2008-11-11,_,_,_
2008-11-12,_,_,_
2008-11-13,_,_,_
2008-11-14,_,_,_
2008-11-17,_,_,_
2008-11-18,_,_,_
2008-11-19,000780-000518-000410,600657-600275-000509-600076-600656-600860-000151-600728-600870-600212,600005-600163-600021-600798-900937-600536-600252-600767-600219-600663
2008-11-20,_,_,_
2008-11-21,_,600370-000935-600487-000902-600400,600575-600185-600794-600880-600259-600178-600525-600519-600020-600761
2008-11-24,_,_,_
2008-11-25,_,600773,900919-600103
2008-11-26,000623,600982,600257-900919-600155-600481
2008-11-27,_,_,_
2008-11-28,_,600452-600485,600497-600864
2008-12-01,_,600733,600984
2008-12-02,_,600733,600698-600984
2008-12-03,_,_,_
2008-12-04,_,_,_
2008-12-05,_,_,600667
2008-12-08,_,_,_
2008-12-09,_,_,_
2008-12-10,_,_,_
2008-12-11,_,_,_
2008-12-12,_,_,900919-600687
2008-12-15,600519,000034-600515-600722-600870,600537-600880-601518-600145-600240-601328-601398
2008-12-16,000623-600519,600076-000034-600773-600722-600556,601518-600155-600798-600103-601328
2008-12-17,_,_,_
2008-12-18,_,_,_
2008-12-19,_,_,_
2008-12-22,_,_,_
2008-12-23,_,_,_
2008-12-24,000623-000528,000909-000034-000657-600579-000922-600771,900910-600097-601137-600537-600386-600093-600155-600189-600035
2008-12-25,_,600870,601398
2008-12-26,_,600857,600061-600028
2008-12-29,_,_,_
2008-12-30,_,600275,900937
2008-12-31,_,000976,_
2009-01-05,_,_,_
2009-01-06,_,_,_
2009-01-07,_,_,_
2009-01-08,_,_,_
2009-01-09,_,_,_
2009-01-12,_,_,_
2009-01-13,_,600656,600784
2009-01-14,_,_,_
2009-01-15,_,_,_
2009-01-16,_,_,_
2009-01-19,_,_,_
2009-01-20,_,_,_
2009-01-21,_,_,_
2009-01-22,_,_,_
2009-01-23,_,_,600719-900902
2009-02-02,_,_,600491
2009-02-03,_,_,_
2009-02-04,_,_,_
2009-02-05,_,_,600511
2009-02-06,_,_,_
2009-02-09,_,_,_
2009-02-10,_,_,_
2009-02-11,_,_,_
2009-02-12,_,_,_
2009-02-13,_,_,_
2009-02-16,_,_,_
2009-02-17,_,_,_
2009-02-18,600091-600694-000410-600006,600521-600877-600645-600301-000922-600080,601088-600097-600163-600087-600114-600355-600375-601518-600987-600028
2009-02-19,000623-600519-600866-600074,600645-000034-600870,600747-600537-600667-600423-600375-600155-600068-601398
2009-02-20,_,600773,600103
2009-02-23,_,_,_
2009-02-24,600035,_,_
2009-02-25,_,_,_
2009-02-26,000875,_,600078
2009-02-27,000068-600030-600694-000875,600120-600549-600331-600259-000901-600787-600604-000657-600509-600686,600794-600636-600862-600307-600726-600866-600089-600438-600612-900913
2009-03-02,600000,600728,600552-600021-601098-600767-900913
2009-03-03,_,_,_
2009-03-04,_,_,_
2009-03-05,_,_,_
2009-03-06,_,_,_
2009-03-09,_,_,_
2009-03-10,_,_,_
2009-03-11,_,_,_
2009-03-12,_,_,_
2009-03-13,_,_,_
2009-03-16,_,_,_
2009-03-17,_,_,_
2009-03-18,_,_,_
2009-03-19,_,_,_
2009-03-20,_,_,_
2009-03-23,_,_,_
2009-03-24,_,_,_
2009-03-25,_,_,_
2009-03-26,_,_,_
2009-03-27,_,_,_
2009-03-30,600548,_,600779
2009-03-31,600660,600111-600657-600605-600259-600645-000906-600644-000953,600090-600234-600643-600600-600021-600375-600463-600165-601011-600183
2009-04-01,_,_,_
2009-04-02,_,_,_
2009-04-03,_,_,_
2009-04-07,_,_,600097-600197-900911
2009-04-08,_,_,_
2009-04-09,_,600619,600110
2009-04-10,_,_,_
2009-04-13,_,_,_
2009-04-14,_,_,_
2009-04-15,_,_,_
2009-04-16,_,600515,600240
2009-04-17,_,_,_
2009-04-20,_,_,_
2009-04-21,_,_,600156
2009-04-22,_,_,_
2009-04-23,_,600706-600771,600156-601137-600533-600020-600797-601788
2009-04-24,_,_,600075
2009-04-27,600519,600870,600814-601398
2009-04-28,600519-000410,000509-600870,600537-600116-600966-600987-600997-600193-601398
2009-04-29,600519,600084-000692-600579,600468-600386-600075
2009-04-30,_,_,_
2009-05-04,_,_,_
2009-05-05,_,_,_
2009-05-06,_,_,_
2009-05-07,_,_,_
2009-05-08,_,_,_
2009-05-11,_,_,600410
2009-05-12,_,600275-600579,600112-600386-900937-600410-600525-600020
2009-05-13,_,_,_
2009-05-14,_,_,_
2009-05-15,_,_,_
2009-05-18,_,_,600552
2009-05-19,_,_,_
2009-05-20,_,_,_
2009-05-21,_,_,600020
2009-05-22,000623,000045,600155
2009-05-25,000780,600292-600773-600301-600604-600706-600355-600734,600400-600173-600600-600069-600052-601616-600228-600103-600875-601788
2009-05-26,_,600421,600983
2009-05-27,_,_,_
2009-06-01,_,_,_
2009-06-02,_,_,_
2009-06-03,_,_,_
2009-06-04,_,_,_
2009-06-05,600886,_,600242
2009-06-08,_,_,_
2009-06-09,_,_,_
2009-06-10,_,_,_
2009-06-11,_,600493,900949
2009-06-12,_,_,_
2009-06-15,_,_,600880
2009-06-16,_,_,600880
2009-06-17,000410,000722,600116-600536
2009-06-18,_,_,_
2009-06-19,_,_,_
2009-06-22,_,_,_
2009-06-23,000875,600530,600162-600078
2009-06-24,_,_,600066
2009-06-25,600058,_,_
2009-06-26,_,_,_
2009-06-29,_,_,_
2009-06-30,_,_,_
2009-07-01,_,_,_
2009-07-02,_,600829,600221
2009-07-03,_,600579,600386
2009-07-06,_,_,_
2009-07-07,600812,_,600129
2009-07-08,600866,_,600423
2009-07-09,_,600656,600784
2009-07-10,000817,_,_
2009-07-13,_,600180,600759
2009-07-14,_,600180,600759
2009-07-15,_,000697,_
2009-07-16,_,_,_
2009-07-17,000725,_,_
2009-07-20,_,_,_
2009-07-21,600654,_,900948
2009-07-22,_,600461-600722,600526-601328
2009-07-23,_,600722,601328
2009-07-24,_,_,_
2009-07-27,_,_,600880-600256
2009-07-28,_,_,_
2009-07-29,_,000722,_
2009-07-30,_,000722-600773,600533-600729-600103
2009-07-31,000068,_,600097
2009-08-03,_,_,600097
2009-08-04,_,_,_
2009-08-05,_,_,_
2009-08-06,_,_,_
2009-08-07,_,_,_
2009-08-10,_,_,_
2009-08-11,_,_,_
2009-08-12,_,_,_
2009-08-13,_,_,_
2009-08-14,_,_,_
2009-08-17,_,_,600257
2009-08-18,_,_,600163-600853
2009-08-19,_,_,600163
2009-08-20,_,_,600163
2009-08-21,_,_,_
2009-08-24,_,_,_
2009-08-25,_,_,_
2009-08-26,_,_,_
2009-08-27,_,_,_
2009-08-28,_,_,_
2009-08-31,_,_,600114-600897
2009-09-01,_,_,_
2009-09-02,_,_,600284
2009-09-03,_,_,600617
2009-09-04,_,_,_
2009-09-07,_,_,_
2009-09-08,_,600706,601788
2009-09-09,_,_,_
2009-09-10,_,_,_
2009-09-11,_,_,_
2009-09-14,_,_,600667
2009-09-15,_,_,600897
2009-09-16,_,_,600966
2009-09-17,_,_,_
2009-09-18,_,_,_
2009-09-21,_,600584,600716
2009-09-22,_,_,_
2009-09-23,_,_,_
2009-09-24,_,_,600529
2009-09-25,_,_,_
2009-09-28,_,_,_
2009-09-29,_,000586,_
2009-09-30,_,_,_
2009-10-09,_,_,_
2009-10-12,_,_,_
2009-10-13,_,_,900935
2009-10-14,_,_,_
2009-10-15,_,_,_
2009-10-16,_,_,_
2009-10-19,_,_,_
2009-10-20,_,_,900911
2009-10-21,_,_,_
2009-10-22,_,_,_
2009-10-23,_,_,_
2009-10-26,_,_,_
2009-10-27,_,_,_
2009-10-28,_,_,600507-600679
2009-10-29,_,600701-600149-600278-000966,600439-600505-900932
2009-10-30,_,_,_
2009-11-02,000968-600879,000404-600549-600323-000797-000897-000782,600671-600866-600806
2009-11-03,_,_,_
2009-11-04,_,_,_
2009-11-05,_,_,_
2009-11-06,_,_,_
2009-11-09,600011,_,_
2009-11-10,_,600410,600850
2009-11-11,_,600356,600148
2009-11-12,_,_,_
2009-11-13,_,_,_
2009-11-16,_,_,600145
2009-11-17,_,_,_
2009-11-18,_,_,_
2009-11-19,_,_,_
2009-11-20,_,_,_
2009-11-23,_,_,_
2009-11-24,_,_,_
2009-11-25,600694-600074-000875,600253-000692-000586-000510,600190-600295-600355-600078-600028
2009-11-26,_,_,_
2009-11-27,000912-000410-000786,000032-600604-000978-600080,600114-900935-600116-600966-601616-600145-600028-600650
2009-11-30,_,600727-600080,600529-600650
2009-12-01,_,_,_
2009-12-02,_,_,_
2009-12-03,_,_,_
2009-12-04,_,_,_
2009-12-07,_,_,_
2009-12-08,_,_,_
2009-12-09,_,_,_
2009-12-10,_,_,_
2009-12-11,_,_,_
2009-12-14,_,_,600248
2009-12-15,_,_,_
2009-12-16,_,_,_
2009-12-17,_,_,_
2009-12-18,_,_,_
2009-12-21,_,_,_
2009-12-22,_,600728,600767
2009-12-23,_,_,_
2009-12-24,_,_,_
2009-12-25,_,_,_
2009-12-28,_,_,_
2009-12-29,_,_,_
2009-12-30,_,_,_
2009-12-31,_,000657,_
2010-01-04,_,_,_
2010-01-05,_,_,_
2010-01-06,_,_,_
2010-01-07,_,_,_
2010-01-08,_,_,_
2010-01-11,_,_,_
2010-01-12,_,_,_
2010-01-13,_,_,_
2010-01-14,_,_,_
2010-01-15,_,_,_
2010-01-18,_,_,_
2010-01-19,_,000922,_
2010-01-20,_,600728,600767
2010-01-21,_,_,_
2010-01-22,_,_,_
2010-01-25,600177,_,601688
2010-01-26,_,_,_
2010-01-27,_,_,900935-600145
2010-01-28,_,_,_
2010-01-29,_,_,_
2010-02-01,_,_,_
2010-02-02,_,_,_
2010-02-03,_,_,_
2010-02-04,_,_,_
2010-02-05,_,600723,600812-600640
2010-02-08,_,600238-600515,601168-600240
2010-02-09,_,_,_
2010-02-10,_,_,_
2010-02-11,_,_,_
2010-02-12,_,_,_
2010-02-22,_,_,_
2010-02-23,_,_,_
2010-02-24,_,_,_
2010-02-25,_,_,_
2010-02-26,_,_,_
2010-03-01,_,_,_
2010-03-02,_,_,_
2010-03-03,_,_,600235
2010-03-04,_,_,_
2010-03-05,_,_,900935
2010-03-08,_,_,_
2010-03-09,_,_,_
2010-03-10,_,_,_
2010-03-11,_,_,_
2010-03-12,_,_,_
2010-03-15,_,_,900910
2010-03-16,_,_,_
2010-03-17,_,_,_
2010-03-18,_,_,_
2010-03-19,_,000971,_
2010-03-22,_,_,_
2010-03-23,_,_,_
2010-03-24,_,_,_
2010-03-25,_,_,_
2010-03-26,_,_,_
2010-03-29,_,_,900910
2010-03-30,_,_,_
2010-03-31,000886,_,_
2010-04-01,_,_,_
2010-04-02,_,_,_
2010-04-06,_,_,_
2010-04-07,_,_,_
2010-04-08,_,_,_
2010-04-09,_,_,_
2010-04-12,_,_,_
2010-04-13,_,_,_
2010-04-14,_,600860,600219
2010-04-15,_,_,_
2010-04-16,_,_,_
2010-04-19,_,600249,600406
2010-04-20,_,_,600572
2010-04-21,_,_,_
2010-04-22,_,_,_
2010-04-23,_,_,600892-600536
2010-04-26,600296,000404,_
2010-04-27,_,_,_
2010-04-28,_,000938,_
2010-04-29,_,600645,600375
2010-04-30,_,600111-000055-600367,600802-600463
2010-05-04,_,_,_
2010-05-05,_,_,_
2010-05-06,_,_,_
2010-05-07,600103-600108,600452-600789-600161-600206-600436-000988-600409-600980-600563,600268-600511-600506-600292-600636-600179-600497-600200-600247-600761
2010-05-10,_,_,_
2010-05-11,_,_,_
2010-05-12,_,_,_
2010-05-13,_,_,_
2010-05-14,_,_,_
2010-05-17,_,_,_
2010-05-18,_,_,_
2010-05-19,_,_,_
2010-05-20,_,_,_
2010-05-21,_,_,_
2010-05-24,_,_,_
2010-05-25,_,_,_
2010-05-26,_,_,_
2010-05-27,_,_,_
2010-05-28,_,_,_
2010-05-31,_,_,_
2010-06-01,_,600656,600784
2010-06-02,600795,_,600679-600773
2010-06-03,_,_,_
2010-06-04,_,_,_
2010-06-07,000960,000407,601988
2010-06-08,_,_,_
2010-06-09,_,_,_
2010-06-10,_,_,_
2010-06-11,_,_,_
2010-06-17,_,_,_
2010-06-18,000573,000976,600435
2010-06-21,_,_,_
2010-06-22,_,_,_
2010-06-23,_,_,_
2010-06-24,600190,_,600843
2010-06-25,_,_,_
2010-06-28,_,600370,600575
2010-06-29,_,_,_
2010-06-30,600866,_,600423
2010-07-01,_,_,_
2010-07-02,_,_,_
2010-07-05,_,_,_
2010-07-06,_,_,_
2010-07-07,_,_,_
2010-07-08,_,_,_
2010-07-09,_,_,_
2010-07-12,_,_,_
2010-07-13,_,_,_
2010-07-14,_,_,_
2010-07-15,_,_,_
2010-07-16,_,600636,601872-900907
2010-07-19,_,_,_
2010-07-20,_,_,_
2010-07-21,_,_,_
2010-07-22,_,_,_
2010-07-23,_,_,_
2010-07-26,_,_,_
2010-07-27,_,_,_
2010-07-28,_,_,_
2010-07-29,_,_,_
2010-07-30,_,_,_
2010-08-02,_,_,_
2010-08-03,_,_,_
2010-08-04,_,_,_
2010-08-05,_,_,_
2010-08-06,000725,_,_
2010-08-09,_,_,_
2010-08-10,_,_,600665-600630
2010-08-11,_,_,_
2010-08-12,_,_,600112
2010-08-13,_,_,_
2010-08-16,_,_,_
2010-08-17,_,_,_
2010-08-18,_,_,_
2010-08-19,000533,_,601519
2010-08-20,_,_,_
2010-08-23,_,_,_
2010-08-24,_,_,_
2010-08-25,_,_,_
2010-08-26,_,600696-600319,600102-600737
2010-08-27,_,_,_
2010-08-30,_,_,_
2010-08-31,_,_,_
2010-09-01,_,_,_
2010-09-02,_,_,_
2010-09-03,_,_,_
2010-09-06,_,_,_
2010-09-07,_,_,600378
2010-09-08,_,_,_
2010-09-09,_,_,_
2010-09-10,_,_,_
2010-09-13,_,_,_
2010-09-14,_,_,_
2010-09-15,_,600530,600162-600687
2010-09-16,_,600644,600165
2010-09-17,_,_,_
2010-09-20,_,000153,600602
2010-09-21,_,_,_
2010-09-27,_,_,_
2010-09-28,_,_,_
2010-09-29,_,_,_
2010-09-30,_,600165,900906
2010-10-08,_,_,_
2010-10-11,_,_,_
2010-10-12,_,_,_
2010-10-13,_,_,_
2010-10-14,_,600668,600416
2010-10-15,_,_,600408
2010-10-18,_,_,_
2010-10-19,_,000902,600039
2010-10-20,_,600547,600749-600315
2010-10-21,_,_,_
2010-10-22,_,_,_
2010-10-25,_,_,600508
2010-10-26,_,_,_
2010-10-27,_,_,_
2010-10-28,_,000902,600667
2010-10-29,_,000911-000738,_
2010-11-01,_,_,_
2010-11-02,_,_,_
2010-11-03,_,600740,601186
2010-11-04,_,_,_
2010-11-05,_,_,_
2010-11-08,_,_,_
2010-11-09,_,_,_
2010-11-10,_,_,_
2010-11-11,_,_,_
2010-11-12,_,600372,600807
2010-11-15,_,600209-600728-600421-600722,600848-600983-600718-600767-601328
2010-11-16,_,_,_
2010-11-17,000601,000509-000697-600706-600276,600694-600130-600537-600229-600638-600145-601989-600756-601788
2010-11-18,000651,000509-000697-600400,600185-600537-600258
2010-11-19,_,_,_
2010-11-22,_,000697,_
2010-11-23,_,_,_
2010-11-24,_,_,600537
2010-11-25,_,_,_
2010-11-26,_,_,_
2010-11-29,_,_,600966-600193
2010-11-30,_,_,600966
2010-12-01,_,_,_
2010-12-02,_,_,_
2010-12-03,_,_,_
2010-12-06,_,_,_
2010-12-07,_,_,_
2010-12-08,_,_,_
2010-12-09,_,_,_
2010-12-10,_,_,_
2010-12-13,_,_,_
2010-12-14,_,_,_
2010-12-15,_,_,_
2010-12-16,_,_,_
2010-12-17,_,_,600987
2010-12-20,_,_,_
2010-12-21,_,_,_
2010-12-22,_,_,_
2010-12-23,_,_,_
2010-12-24,_,_,_
2010-12-27,_,_,_
2010-12-28,_,_,_
2010-12-29,_,_,_
2010-12-30,_,_,_
2010-12-31,_,_,_
2011-01-04,_,_,_
2011-01-05,_,_,_
2011-01-06,_,_,_
2011-01-07,_,_,600303
2011-01-10,_,_,_
2011-01-11,_,_,_
2011-01-12,_,_,_
2011-01-13,_,600180,600759
2011-01-14,_,_,_
2011-01-17,_,_,_
2011-01-18,_,_,_
2011-01-19,_,_,_
2011-01-20,_,_,_
2011-01-21,_,_,_
2011-01-24,_,_,_
2011-01-25,_,600821-000902,600176
2011-01-26,_,_,_
2011-01-27,_,600179,600684
2011-01-28,_,_,_
2011-01-31,_,_,_
2011-02-01,_,_,_
2011-02-09,_,000902,_
2011-02-10,_,_,_
2011-02-11,_,_,_
2011-02-14,_,_,_
2011-02-15,_,_,_
2011-02-16,_,_,_
2011-02-17,_,_,_
2011-02-18,_,_,_
2011-02-21,_,000902,_
2011-02-22,_,_,_
2011-02-23,_,_,_
2011-02-24,_,_,_
2011-02-25,_,_,_
2011-02-28,_,_,_
2011-03-01,_,_,_
2011-03-02,_,_,_
2011-03-03,_,_,_
2011-03-04,_,600106,600562
2011-03-07,_,_,_
2011-03-08,_,_,_
2011-03-09,_,_,_
2011-03-10,_,_,_
2011-03-11,_,_,601877
2011-03-14,_,600728-600165,900906-600767
2011-03-15,_,_,_
2011-03-16,_,_,600529
2011-03-17,_,_,_
2011-03-18,_,_,_
2011-03-21,_,600769-000510,600376
2011-03-22,_,600769,600376
2011-03-23,_,_,_
2011-03-24,_,_,_
2011-03-25,_,_,_
2011-03-28,_,_,600190
2011-03-29,_,_,600190
2011-03-30,_,_,_
2011-03-31,_,600372,600807
2011-04-01,_,000626,_
2011-04-06,_,_,_
2011-04-07,_,_,_
2011-04-08,_,_,601939
2011-04-11,_,_,_
2011-04-12,_,_,_
2011-04-13,_,000953,_
2011-04-14,_,_,_
2011-04-15,_,_,_
2011-04-18,_,_,_
2011-04-19,_,600870,601398
2011-04-20,_,_,600525
2011-04-21,_,600180,600156-900919-600759
2011-04-22,_,000677-600180,600759
2011-04-25,_,_,900919
2011-04-26,000022-000875,_,600078-600326
2011-04-27,600022-600602-000875,_,600782-600579-600078-600668
2011-04-28,000875,_,600078
2011-04-29,_,_,_
2011-05-03,_,_,_
2011-05-04,_,_,_
2011-05-05,_,_,_
2011-05-06,_,_,_
2011-05-09,_,_,_
2011-05-10,_,_,_
2011-05-11,_,600645,600375
2011-05-12,_,_,_
2011-05-13,_,_,_
2011-05-16,_,_,_
2011-05-17,_,_,_
2011-05-18,_,000033,_
2011-05-19,_,_,_
2011-05-20,_,000042,_
2011-05-23,_,_,_
2011-05-24,_,000519,600193
2011-05-25,_,_,_
2011-05-26,_,_,_
2011-05-27,_,_,_
2011-05-30,_,000626-600771,600466-601137-600476-600068-600075
2011-05-31,_,_,_
2011-06-01,_,_,_
2011-06-02,_,_,_
2011-06-03,_,_,_
2011-06-07,_,_,_
2011-06-08,_,_,_
2011-06-09,_,_,_
2011-06-10,_,_,600461
2011-06-13,_,_,_
2011-06-14,_,_,_
2011-06-15,_,_,_
2011-06-16,_,000509,_
2011-06-17,_,_,_
2011-06-20,_,_,600236
2011-06-21,_,_,_
2011-06-22,_,_,_
2011-06-23,_,_,_
2011-06-24,_,_,_
2011-06-27,_,_,_
2011-06-28,000060,_,600251
2011-06-29,_,_,_
2011-06-30,_,_,_
2011-07-01,_,600539,600350
2011-07-04,_,600539,600350
2011-07-05,_,_,_
2011-07-06,_,_,_
2011-07-07,_,_,_
2011-07-08,_,_,_
2011-07-11,_,_,600579-600277
2011-07-12,_,000883,600579
2011-07-13,_,600180,600579-600759
2011-07-14,_,_,_
2011-07-15,_,_,600787
2011-07-18,_,000971,_
2011-07-19,_,000971,600630
2011-07-20,_,_,_
2011-07-21,_,_,_
2011-07-22,000063,000586,600566
2011-07-25,000063,_,600566
2011-07-26,_,_,_
2011-07-27,_,_,_
2011-07-28,_,_,_
2011-07-29,_,_,_
2011-08-01,000063,600378,600346-600566
2011-08-02,_,_,_
2011-08-03,_,_,_
2011-08-04,_,_,_
2011-08-05,600096-000898-000581-600718-000518-600638,600328-600345-600422-600163-600537-000525-600767-600106-600467-600734,600771-600063-600052-601601-600562-601958-600559-600546-600532-600491
2011-08-08,_,_,_
2011-08-09,_,_,_
2011-08-10,_,_,_
2011-08-11,_,_,_
2011-08-12,_,_,_
2011-08-15,_,_,_
2011-08-16,_,_,_
2011-08-17,_,_,_
2011-08-18,_,_,_
2011-08-19,600015,_,600016-600651-600228
2011-08-22,_,_,_
2011-08-23,_,_,_
2011-08-24,_,_,_
2011-08-25,_,_,_
2011-08-26,_,_,_
2011-08-29,_,_,_
2011-08-30,_,_,_
2011-08-31,_,_,_
2011-09-01,_,_,_
2011-09-02,_,_,_
2011-09-05,_,600273,600997-600999
2011-09-06,_,_,_
2011-09-07,_,_,_
2011-09-08,_,_,_
2011-09-09,_,_,_
2011-09-13,_,000998,601933-600028
2011-09-14,_,_,_
2011-09-15,_,_,_
2011-09-16,_,_,_
2011-09-19,_,_,_
2011-09-20,_,_,_
2011-09-21,_,_,_
2011-09-22,_,_,_
2011-09-23,_,600992,600765-600290
2011-09-26,_,_,_
2011-09-27,_,600579,600386
2011-09-28,_,_,_
2011-09-29,_,_,600028
2011-09-30,_,_,_
2011-10-10,_,_,_
2011-10-11,_,_,_
2011-10-12,_,_,_
2011-10-13,_,_,_
2011-10-14,_,_,_
2011-10-17,_,_,_
2011-10-18,_,_,_
2011-10-19,_,_,_
2011-10-20,_,_,600519
2011-10-21,_,_,_
2011-10-24,_,_,_
2011-10-25,_,_,_
2011-10-26,_,_,_
2011-10-27,_,_,_
2011-10-28,_,_,_
2011-10-31,_,_,_
2011-11-01,_,_,_
2011-11-02,_,600321,600673-600391
2011-11-03,_,_,_
2011-11-04,_,_,600438
2011-11-07,_,_,600516
2011-11-08,_,_,_
2011-11-09,_,_,_
2011-11-10,_,_,_
2011-11-11,600190,_,600843
2011-11-14,_,_,_
2011-11-15,_,_,_
2011-11-16,_,_,_
2011-11-17,_,_,_
2011-11-18,_,_,_
2011-11-21,_,_,_
2011-11-22,_,_,_
2011-11-23,_,_,_
2011-11-24,_,600275,600248-900937
2011-11-25,_,600275,900937
2011-11-28,_,_,_
2011-11-29,_,_,_
2011-11-30,_,_,_
2011-12-01,_,_,_
2011-12-02,_,600456-600732,600845-600839
2011-12-05,_,_,600520
2011-12-06,_,_,_
2011-12-07,_,_,_
2011-12-08,_,_,600432
2011-12-09,_,_,_
2011-12-12,000726,_,_
2011-12-13,_,_,_
2011-12-14,_,_,_
2011-12-15,_,_,_
2011-12-16,_,_,_
2011-12-19,_,_,_
2011-12-20,_,_,_
2011-12-21,_,_,_
2011-12-22,_,_,_
2011-12-23,_,_,_
2011-12-26,_,_,_
2011-12-27,_,_,_
2011-12-28,_,_,_
2011-12-29,_,_,_
2011-12-30,_,_,_
2012-01-04,_,_,_
2012-01-05,_,_,_
2012-01-06,_,_,_
2012-01-09,_,_,_
2012-01-10,_,_,_
2012-01-11,_,_,_
2012-01-12,_,_,_
2012-01-13,_,_,_
2012-01-16,000089,_,600119
2012-01-17,_,_,600009
2012-01-18,_,_,_
2012-01-19,600231,_,600500-600768
2012-01-20,_,_,_
2012-01-30,_,_,_
2012-01-31,600057,600262-600515,600975-600240
2012-02-01,_,_,_
2012-02-02,_,_,_
2012-02-03,_,_,_
2012-02-06,_,_,_
2012-02-07,600718,_,601958
2012-02-08,_,_,_
2012-02-09,_,_,_
2012-02-10,_,_,_
2012-02-13,000825,_,_
2012-02-14,_,_,_
2012-02-15,_,_,_
2012-02-16,_,_,_
2012-02-17,_,_,_
2012-02-20,_,_,_
2012-02-21,_,600897,600397
2012-02-22,_,_,_
2012-02-23,_,_,_
2012-02-24,_,_,_
2012-02-27,_,_,600997
2012-02-28,_,_,600256
2012-02-29,000543,_,600360
2012-03-01,_,000509,601177
2012-03-02,_,_,_
2012-03-05,_,_,_
2012-03-06,_,600720,600599
2012-03-07,_,_,_
2012-03-08,_,_,_
2012-03-09,_,_,601877
2012-03-12,_,_,_
2012-03-13,_,_,_
2012-03-14,_,_,_
2012-03-15,_,_,_
2012-03-16,_,_,_
2012-03-19,_,_,_
2012-03-20,_,_,_
2012-03-21,_,_,_
2012-03-22,_,_,_
2012-03-23,600718,_,601958
2012-03-26,_,_,_
2012-03-27,_,_,_
2012-03-28,_,_,_
2012-03-29,_,_,_
2012-03-30,_,_,_
2012-04-05,_,_,_
2012-04-06,_,_,_
2012-04-09,_,_,_
2012-04-10,_,_,_
2012-04-11,_,_,_
2012-04-12,_,_,_
2012-04-13,_,_,_
2012-04-16,000726,_,_
2012-04-17,_,_,_
2012-04-18,600198,_,900946
2012-04-19,_,_,_
2012-04-20,_,000957-600546,600588
2012-04-23,_,_,_
2012-04-24,_,600281,600067
2012-04-25,_,_,600747
2012-04-26,_,_,_
2012-04-27,000735-600707,000993-600620-000626,600793-600111-601000-600222-600113-600460
2012-05-02,_,600130-600783,600550-600880-600666
2012-05-03,_,_,_
2012-05-04,_,_,_
2012-05-07,_,_,_
2012-05-08,_,_,_
2012-05-09,_,_,_
2012-05-10,_,_,_
2012-05-11,_,_,_
2012-05-14,_,_,_
2012-05-15,_,_,600735-600569
2012-05-16,_,600668,600416
2012-05-17,_,_,_
2012-05-18,_,_,_
2012-05-21,_,000632,600859
2012-05-22,_,_,_
2012-05-23,000737,_,_
2012-05-24,_,_,_
2012-05-25,_,_,_
2012-05-28,_,_,_
2012-05-29,_,_,_
2012-05-30,_,_,_
2012-05-31,_,_,_
2012-06-01,_,_,_
2012-06-04,600190-600073-000920-000016-600884,000881-600733-000548-600330,600843-600409-600513-600970-600790-600984
2012-06-05,_,_,_
2012-06-06,_,_,_
2012-06-07,_,_,_
2012-06-08,_,_,_
2012-06-11,_,_,_
2012-06-12,_,_,_
2012-06-13,_,_,_
2012-06-14,_,_,_
2012-06-15,_,_,_
2012-06-18,_,_,_
2012-06-19,600851,_,600571
2012-06-20,_,_,_
2012-06-21,_,_,_
2012-06-25,_,_,_
2012-06-26,_,000501,600747
2012-06-27,_,_,600028
2012-06-28,_,000971-600093,600815-600028
2012-06-29,_,000607,600747-600028
2012-07-02,_,_,_
2012-07-03,_,_,_
2012-07-04,_,_,_
2012-07-05,_,_,_
2012-07-06,_,_,_
2012-07-09,_,_,_
2012-07-10,_,_,_
2012-07-11,_,_,_
2012-07-12,_,_,_
2012-07-13,_,_,_
2012-07-16,_,_,_
2012-07-17,_,600438,600396
2012-07-18,_,_,_
2012-07-19,_,_,_
2012-07-20,_,_,_
2012-07-23,600868,_,600838
2012-07-24,600100,_,600617
2012-07-25,_,_,_
2012-07-26,_,_,_
2012-07-27,_,_,_
2012-07-30,_,_,900933
2012-07-31,_,_,_
2012-08-01,_,_,_
2012-08-02,_,_,_
2012-08-03,_,_,_
2012-08-06,_,_,_
2012-08-07,_,_,_
2012-08-08,_,_,_
2012-08-09,_,_,_
2012-08-10,_,_,_
2012-08-13,_,_,600235
2012-08-14,600694,_,600355
2012-08-15,_,_,_
2012-08-16,_,600667,601009
2012-08-17,600707,_,600111
2012-08-20,_,600232,600647
2012-08-21,_,_,_
2012-08-22,_,_,_
2012-08-23,_,_,600875
2012-08-24,_,_,_
2012-08-27,000886-000921,600076-600860,600190-600798-600875-600219
2012-08-28,_,600355,600069
2012-08-29,_,_,_
2012-08-30,_,600275-000413,900933-900937
2012-08-31,600597,600299,600330-600533-600320
2012-09-03,_,_,_
2012-09-04,_,_,_
2012-09-05,_,_,_
2012-09-06,_,_,_
2012-09-07,_,_,_
2012-09-10,_,_,_
2012-09-11,_,_,_
2012-09-12,_,_,_
2012-09-13,_,_,_
2012-09-14,_,_,_
2012-09-17,_,_,600529
2012-09-18,_,600432,600702-600656-600966-600987
2012-09-19,_,_,_
2012-09-20,_,_,_
2012-09-21,_,600399,600529-601018-600215
2012-09-24,_,000530,_
2012-09-25,_,_,_
2012-09-26,_,_,600797
2012-09-27,000900,_,601107-600883
2012-09-28,_,_,_
2012-10-08,_,_,_
2012-10-09,_,_,_
2012-10-10,_,_,_
2012-10-11,_,_,_
2012-10-12,_,_,_
2012-10-15,_,000707,_
2012-10-16,_,_,_
2012-10-17,_,_,_
2012-10-18,_,_,_
2012-10-19,_,_,_
2012-10-22,_,600212,600662-601998
2012-10-23,_,_,_
2012-10-24,_,_,600758
2012-10-25,_,_,601098
2012-10-26,_,600299-600130-600963,600330-600136-600550-601880
2012-10-29,_,600071-600076,600798-600522-600368
2012-10-30,_,_,_
2012-10-31,_,600586-600288,600141-600066-600186
2012-11-01,_,_,_
2012-11-02,_,_,_
2012-11-05,_,_,_
2012-11-06,_,_,_
2012-11-07,_,_,_
2012-11-08,_,_,_
2012-11-09,_,_,_
2012-11-12,_,_,_
2012-11-13,_,_,_
2012-11-14,000581,000692-600189,600063-600804
2012-11-15,_,_,_
2012-11-16,_,_,_
2012-11-19,000068,_,_
2012-11-20,_,_,_
2012-11-21,_,_,_
2012-11-22,_,_,_
2012-11-23,_,_,_
2012-11-26,_,_,_
2012-11-27,_,_,_
2012-11-28,_,_,_
2012-11-29,_,_,_
2012-11-30,_,_,_
2012-12-03,_,_,600963
2012-12-04,_,_,_
2012-12-05,_,_,_
2012-12-06,_,_,_
2012-12-07,_,_,_
2012-12-10,_,_,_
2012-12-11,_,_,_
2012-12-12,_,000837-600168,600388
2012-12-13,600058,_,_
2012-12-14,_,_,600847-600578
2012-12-17,_,_,_
2012-12-18,_,_,_
2012-12-19,_,000876,_
2012-12-20,_,_,_
2012-12-21,_,000033,600732
2012-12-24,_,_,600735
2012-12-25,_,_,_
2012-12-26,_,_,_
2012-12-27,_,_,_
2012-12-28,600718,000151,601958
2012-12-31,_,_,_
2013-01-04,_,_,_
2013-01-07,_,_,_
2013-01-08,_,_,_
2013-01-09,_,_,600880
2013-01-10,_,_,_
2013-01-11,_,_,_
2013-01-14,_,_,_
2013-01-15,_,_,_
2013-01-16,_,_,_
2013-01-17,_,_,_
2013-01-18,_,_,600332
2013-01-21,600100,_,_
2013-01-22,_,_,_
2013-01-23,_,600821,600176
2013-01-24,_,_,_
2013-01-25,000068-600705,_,601777
2013-01-28,_,_,600875
2013-01-29,_,_,_
2013-01-30,_,000971,_
2013-01-31,_,600777,600353-600602
2013-02-01,_,_,_
2013-02-04,_,_,600701
2013-02-05,_,_,_
2013-02-06,_,_,_
2013-02-07,_,600162,600776
2013-02-08,_,_,_
2013-02-18,_,_,600361
2013-02-19,_,_,_
2013-02-20,_,_,_
2013-02-21,_,_,_
2013-02-22,_,_,_
2013-02-25,_,_,_
2013-02-26,_,_,_
2013-02-27,_,_,_
2013-02-28,_,_,_
2013-03-01,_,_,_
2013-03-04,_,600657-600806,600096-600183
2013-03-05,_,_,_
2013-03-06,_,_,_
2013-03-07,_,_,600880
2013-03-08,_,_,_
2013-03-11,_,_,_
2013-03-12,_,_,_
2013-03-13,_,_,_
2013-03-14,_,_,_
2013-03-15,_,600734,600052
2013-03-18,_,002012,600307
2013-03-19,_,_,_
2013-03-20,_,_,_
2013-03-21,_,_,_
2013-03-22,_,_,_
2013-03-25,_,_,_
2013-03-26,_,_,600390
2013-03-27,_,_,_
2013-03-28,_,_,600448
2013-03-29,000886,_,_
2013-04-01,000886,_,_
2013-04-02,600739,_,600081
2013-04-03,_,_,600079
2013-04-08,600207,600626,600694-600220
2013-04-09,_,_,_
2013-04-10,_,_,_
2013-04-11,_,_,_
2013-04-12,_,_,_
2013-04-15,_,_,_
2013-04-16,_,600789,600179
2013-04-17,_,_,_
2013-04-18,_,_,_
2013-04-19,_,_,_
2013-04-22,_,_,_
2013-04-23,_,_,_
2013-04-24,_,_,_
2013-04-25,_,_,_
2013-04-26,_,600345-000525-600686,600726-600549
2013-05-02,_,000935,_
2013-05-03,_,_,_
2013-05-06,_,_,_
2013-05-07,000709,_,_
2013-05-08,_,_,_
2013-05-09,_,_,_
2013-05-10,_,_,_
2013-05-13,_,600736,600811-600460
2013-05-14,_,_,_
2013-05-15,_,_,600373
2013-05-16,_,_,_
2013-05-17,_,600330,600409
2013-05-20,_,_,600642
2013-05-21,_,_,_
2013-05-22,_,_,_
2013-05-23,000016,_,600790
2013-05-24,_,_,_
2013-05-27,_,_,_
2013-05-28,_,_,_
2013-05-29,_,_,_
2013-05-30,_,_,_
2013-05-31,_,000662,_
2013-06-03,_,600897,600397
2013-06-04,_,600579,600386-600491
2013-06-05,_,_,_
2013-06-06,_,_,_
2013-06-07,_,000155,_
2013-06-13,_,000657,900935
2013-06-14,_,_,_
2013-06-17,_,_,_
2013-06-18,_,_,_
2013-06-19,_,_,_
2013-06-20,_,_,_
2013-06-21,600190-000708,600893,600843-600732-600249
2013-06-24,_,_,_
2013-06-25,_,_,_
2013-06-26,_,_,_
2013-06-27,_,_,_
2013-06-28,_,000829,_
2013-07-01,_,_,_
2013-07-02,_,_,_
2013-07-03,_,_,_
2013-07-04,_,_,_
2013-07-05,_,_,_
2013-07-08,000623-000666,600570,600747-600155-601111-600098-600469
2013-07-09,_,_,_
2013-07-10,_,_,_
2013-07-11,_,_,_
2013-07-12,_,_,_
2013-07-15,600489,_,_
2013-07-16,_,_,_
2013-07-17,_,_,_
2013-07-18,600886,600116,600763-600242
2013-07-19,_,_,_
2013-07-22,600854-600009,600405-600287,900945-600760-600308
2013-07-23,_,_,_
2013-07-24,_,_,_
2013-07-25,_,_,_
2013-07-26,_,600528,601106
2013-07-29,600028,_,_
2013-07-30,_,_,_
2013-07-31,_,_,_
2013-08-01,_,_,_
2013-08-02,_,_,_
2013-08-05,_,_,_
2013-08-06,_,_,_
2013-08-07,_,_,_
2013-08-08,000727,_,_
2013-08-09,_,_,_
2013-08-12,_,_,_
2013-08-13,_,_,600679
2013-08-14,_,_,_
2013-08-15,_,_,_
2013-08-16,_,_,600075
2013-08-19,_,600830,600630-600184
2013-08-20,_,_,_
2013-08-21,_,_,_
2013-08-22,_,600095,600213
2013-08-23,_,_,_
2013-08-26,_,_,_
2013-08-27,_,_,_
2013-08-28,_,_,_
2013-08-29,_,_,_
2013-08-30,_,_,_
2013-09-02,_,_,600369
2013-09-03,600138,600279-000905-600399-600821,600122-601618-600176-600231-601018-600507-600075-600631-600827
2013-09-04,_,_,_
2013-09-05,600630,_,900951
2013-09-06,_,_,600307
2013-09-09,_,_,_
2013-09-10,_,_,_
2013-09-11,_,_,_
2013-09-12,000898-600006,_,600882-600879
2013-09-13,_,_,_
2013-09-16,_,_,600127
2013-09-17,_,_,_
2013-09-18,600177,600400-600133,600185-601688-600498
2013-09-23,_,_,600560
2013-09-24,_,_,_
2013-09-25,_,_,_
2013-09-26,_,_,_
2013-09-27,_,_,_
2013-09-30,_,_,_
2013-10-08,_,_,_
2013-10-09,_,_,_
2013-10-10,_,_,_
2013-10-11,_,_,_
2013-10-14,600608,_,600496
2013-10-15,_,_,_
2013-10-16,_,_,_
2013-10-17,_,_,_
2013-10-18,_,600825-600421-600963,600983-601880-601008
2013-10-21,_,_,_
2013-10-22,_,_,_
2013-10-23,_,_,_
2013-10-24,_,600321,600649-600391-600068-600965
2013-10-25,_,600119,600531-900924
2013-10-28,_,_,_
2013-10-29,_,_,_
2013-10-30,_,_,_
2013-10-31,_,_,_
2013-11-01,000806,_,600385
2013-11-04,000806,_,_
2013-11-05,_,_,_
2013-11-06,_,_,_
2013-11-07,_,_,600385
2013-11-08,_,_,_
2013-11-11,_,_,_
2013-11-12,_,_,_
2013-11-13,000806,_,600385
2013-11-14,_,_,_
2013-11-15,_,_,_
2013-11-18,_,_,_
2013-11-19,_,_,_
2013-11-20,_,_,_
2013-11-21,_,_,_
2013-11-22,_,_,_
2013-11-25,600308,_,600361-600795
2013-11-26,_,_,_
2013-11-27,_,_,_
2013-11-28,_,_,_
2013-11-29,_,_,_
2013-12-02,600096-600724-000780-000886-600519-600007-600060-000541-000423,000789-600877-600764-600545-600107-600584-000687-600980-600075-600226,601088-600862-600777-600812-600716-600200-600487-600420-600211-600881
2013-12-03,600269-000541,600485-000099,600864-600487-600075
2013-12-04,_,_,_
2013-12-05,000629,_,600581
2013-12-06,600884,_,600513-600157
2013-12-09,_,_,_
2013-12-10,_,_,_
2013-12-11,_,_,_
2013-12-12,_,_,_
2013-12-13,_,_,_
2013-12-16,_,_,_
2013-12-17,_,_,_
2013-12-18,_,_,_
2013-12-19,_,_,_
2013-12-20,_,_,_
2013-12-23,_,_,_
2013-12-24,_,_,_
2013-12-25,000012,_,600708
2013-12-26,_,_,_
2013-12-27,_,600351,600322
2013-12-30,_,_,_
2013-12-31,_,_,_
2014-01-02,_,_,_
2014-01-03,_,_,_
2014-01-06,_,_,_
2014-01-07,_,_,_
2014-01-08,_,_,_
2014-01-09,_,_,_
2014-01-10,_,600422,600062
2014-01-13,600718,_,601958
2014-01-14,_,_,_
2014-01-15,_,_,_
2014-01-16,_,_,_
2014-01-17,_,_,_
2014-01-20,_,000070,_
2014-01-21,_,_,_
2014-01-22,_,_,_
2014-01-23,_,_,_
2014-01-24,_,_,_
2014-01-27,_,600145,900916
2014-01-28,_,_,_
2014-01-29,_,000677,_
2014-01-30,_,_,_
2014-02-07,_,600421-000028-600237,600983-600854-600133
2014-02-10,_,_,_
2014-02-11,_,_,_
2014-02-12,_,_,_
2014-02-13,_,_,_
2014-02-14,_,_,_
2014-02-17,_,_,_
2014-02-18,_,_,_
2014-02-19,_,_,_
2014-02-20,_,600696,600737
2014-02-21,_,_,600639
2014-02-24,000527,000509,600301
2014-02-25,_,600620,601000
2014-02-26,000623-000939,_,600155
2014-02-27,_,_,_
2014-02-28,_,_,_
2014-03-03,_,_,_
2014-03-04,_,_,_
2014-03-05,000022,600547,600747-600749-600326
2014-03-06,_,_,_
2014-03-07,_,_,_
2014-03-10,_,_,_
2014-03-11,_,600405,600760
2014-03-12,_,600846,601139
2014-03-13,_,600375,600166
2014-03-14,_,_,600156
2014-03-17,_,600846,601139
2014-03-18,_,_,_
2014-03-19,_,_,600446
2014-03-20,_,_,_
2014-03-21,_,_,_
2014-03-24,_,_,_
2014-03-25,_,_,_
2014-03-26,_,_,_
2014-03-27,_,000755,_
2014-03-28,_,000923,_
2014-03-31,_,000958-600409-000687,600506
2014-04-01,_,_,_
2014-04-02,_,_,_
2014-04-03,_,600480-000158,600070
2014-04-04,600037,600528,600143-601106-600837
2014-04-08,_,_,_
2014-04-09,_,_,_
2014-04-10,_,_,_
2014-04-11,_,_,_
2014-04-14,_,000032,_
2014-04-15,_,_,_
2014-04-16,_,_,_
2014-04-17,_,_,_
2014-04-18,_,600539,600350
2014-04-21,_,_,600657
2014-04-22,_,_,_
2014-04-23,_,_,_
2014-04-24,_,_,_
2014-04-25,_,_,600131
2014-04-28,_,_,600005
2014-04-29,_,600870,601398
2014-04-30,_,_,_
2014-05-05,_,_,_
2014-05-06,_,_,_
2014-05-07,_,_,_
2014-05-08,_,_,_
2014-05-09,_,_,_
2014-05-12,_,_,_
2014-05-13,_,_,_
2014-05-14,_,_,_
2014-05-15,600026,600432,600656-600086-600543
2014-05-16,_,_,600537
2014-05-19,_,_,_
2014-05-20,_,_,_
2014-05-21,_,_,_
2014-05-22,_,_,_
2014-05-23,_,_,_
2014-05-26,_,_,_
2014-05-27,_,_,_
2014-05-28,_,_,_
2014-05-29,_,_,_
2014-05-30,_,_,600452
2014-06-03,_,_,_
2014-06-04,_,_,_
2014-06-05,_,_,_
2014-06-06,000063,_,600566
2014-06-09,_,000837-600683-600287,900945-600149
2014-06-10,_,_,_
2014-06-11,_,_,_
2014-06-12,_,_,_
2014-06-13,_,_,_
2014-06-16,_,_,_
2014-06-17,_,_,_
2014-06-18,_,_,_
2014-06-19,_,600145,900916
2014-06-20,_,600530,600162
2014-06-23,_,_,_
2014-06-24,_,_,_
2014-06-25,_,_,_
2014-06-26,_,_,_
2014-06-27,_,_,_
2014-06-30,_,600331,600089
2014-07-01,600031,_,_
2014-07-02,_,_,_
2014-07-03,_,_,_
2014-07-04,000060,_,600665-600251
2014-07-07,000912,_,600970
2014-07-08,_,_,_
2014-07-09,_,_,_
2014-07-10,_,_,600884
2014-07-11,_,_,_
2014-07-14,_,000935-000902,_
2014-07-15,_,_,_
2014-07-16,_,_,_
2014-07-17,_,_,_
2014-07-18,000733,600345,600549
2014-07-21,600103,_,_
2014-07-22,_,_,600569
2014-07-23,_,_,_
2014-07-24,_,_,_
2014-07-25,_,600250,600835
2014-07-28,_,600823,600751
2014-07-29,_,_,_
2014-07-30,600104-000758-600205,_,600680-600138
2014-07-31,_,_,_
2014-08-01,_,_,_
2014-08-04,600010,_,_
2014-08-05,_,600773,600103
2014-08-06,_,_,_
2014-08-07,_,_,_
2014-08-08,000817-000573,_,600435-600642-600015
2014-08-11,_,_,_
2014-08-12,_,_,_
2014-08-13,_,_,_
2014-08-14,_,_,_
2014-08-15,600166,600189,601158-600804-600135
2014-08-18,_,600622,600361-600180
2014-08-19,_,_,_
2014-08-20,_,_,_
2014-08-21,_,_,600139
2014-08-22,600135,_,600615
2014-08-25,_,_,_
2014-08-26,_,600158,600885
2014-08-27,_,600476,600894
2014-08-28,_,000045,_
2014-08-29,600006,000153-600656,600784-600172-600976
2014-09-01,_,600576,600746-600576
2014-09-02,_,_,_
2014-09-03,_,_,_
2014-09-04,_,_,_
2014-09-05,_,_,_
2014-09-09,_,_,_
2014-09-10,_,000821-000859,_
2014-09-11,_,_,_
2014-09-12,_,_,_
2014-09-15,_,000548,600793
2014-09-16,_,_,_
2014-09-17,_,_,600383
2014-09-18,_,_,_
2014-09-19,_,000677,600729
2014-09-22,_,_,_
2014-09-23,_,_,_
2014-09-24,_,_,_
2014-09-25,_,_,_
2014-09-26,000912,_,_
2014-09-29,_,_,_
2014-09-30,600790,600485,600864-600288
2014-10-08,_,_,600576
2014-10-09,_,_,_
2014-10-10,_,_,600113
2014-10-13,_,600310,600750
2014-10-14,_,_,600307
2014-10-15,_,_,_
2014-10-16,_,_,600851
2014-10-17,600057-000089,000626,600488-600119-600517
2014-10-20,_,_,_
2014-10-21,_,600195-600533-600398,600829-600809-601117-600108-601989-600120
2014-10-22,_,_,_
2014-10-23,600269,_,_
2014-10-24,_,_,600491
2014-10-27,_,_,_
2014-10-28,_,600275,900937
2014-10-29,_,_,_
2014-10-30,_,_,_
2014-10-31,_,_,_
2014-11-03,_,_,_
2014-11-04,_,_,_
2014-11-05,_,_,_
2014-11-06,600726,_,601666
2014-11-07,_,_,_
2014-11-10,_,_,_
2014-11-11,_,_,_
2014-11-12,000002,_,600483-600091-600756
2014-11-13,_,_,_
2014-11-14,_,_,_
2014-11-17,_,_,_
2014-11-18,_,_,600803
2014-11-19,_,_,_
2014-11-20,_,_,_
2014-11-21,_,_,_
2014-11-24,_,_,_
2014-11-25,_,_,_
2014-11-26,_,_,_
2014-11-27,_,_,_
2014-11-28,_,_,_
2014-12-01,600236,_,_
2014-12-02,_,600783,600666
2014-12-03,_,_,_
2014-12-04,_,_,_
2014-12-05,_,_,_
2014-12-08,_,_,_
2014-12-09,_,_,600828
2014-12-10,000878,000901-000563-600372-000531,600807
2014-12-11,_,_,_
2014-12-12,600741,_,900901
2014-12-15,_,600279-000768-000901-600343-000738-000045-600893-600391,600109-900911-600631-600249-900908
2014-12-16,_,_,_
2014-12-17,_,_,_
2014-12-18,_,_,_
2014-12-19,_,_,600560
2014-12-22,_,600208,600561
2014-12-23,000543,600733-600896,600560-600303-600873-600360-600984
2014-12-24,_,_,_
2014-12-25,_,_,_
2014-12-26,_,_,_
2014-12-29,_,_,_
2014-12-30,_,_,_
2014-12-31,_,_,_
2015-01-05,_,_,_
2015-01-06,_,600187,600050
2015-01-07,_,000631,_
2015-01-08,_,_,_
2015-01-09,_,_,_
2015-01-12,_,_,_
2015-01-13,_,_,_
2015-01-14,_,_,_
2015-01-15,_,_,_
2015-01-16,_,_,_
2015-01-19,600104-600005-600895-600031-600115-600000-000573-600266-000733-600308,000530-000046-000728-600723-600107-600875-600219-000922,601001-600136-600270-600680-600613-600435-600736-600551-600008-600979
2015-01-20,_,_,_
2015-01-21,_,_,_
2015-01-22,_,_,_
2015-01-23,_,_,600665
2015-01-26,_,_,_
2015-01-27,_,_,_
2015-01-28,_,_,_
2015-01-29,_,000728,600525-600863-601699
2015-01-30,_,_,_
2015-02-02,600266-600205,600071-600292-600367-600086-600550,600400-600136-601727-600169-600802-600560-600138-601991-600522-600685
2015-02-03,_,_,_
2015-02-04,_,_,_
2015-02-05,_,_,_
2015-02-06,_,_,_
2015-02-09,_,000504,_
2015-02-10,_,_,_
2015-02-11,_,_,_
2015-02-12,_,_,_
2015-02-13,_,_,_
2015-02-16,_,_,_
2015-02-17,_,_,_
2015-02-25,_,_,_
2015-02-26,_,_,_
2015-02-27,_,_,_
2015-03-02,_,_,_
2015-03-03,_,_,_
2015-03-04,_,_,_
2015-03-05,_,_,_
2015-03-06,_,_,_
2015-03-09,_,_,601818
2015-03-10,_,_,_
2015-03-11,_,_,600576
2015-03-12,_,_,600576
2015-03-13,_,_,_
2015-03-16,_,_,_
2015-03-17,_,_,_
2015-03-18,_,_,_
2015-03-19,_,_,_
2015-03-20,_,_,_
2015-03-23,_,600317,600682
2015-03-24,_,_,_
2015-03-25,_,_,_
2015-03-26,_,000525,_
2015-03-27,_,600399,600218-601018
2015-03-30,_,600966-600403-600145-002001,600841-600604-900916-600113-600315
2015-03-31,_,_,_
2015-04-01,_,000657,_
2015-04-02,_,_,_
2015-04-03,_,_,_
2015-04-07,_,_,_
2015-04-08,_,_,_
2015-04-09,_,_,_
2015-04-10,_,_,_
2015-04-13,000680,000504,_
2015-04-14,_,_,_
2015-04-15,000822-000533,600227,601519-600299
2015-04-16,000533-000800-600350,600116-600857-600545-600288-002017-600425-600821-000966,601519-600061-600777-600176-600763-601998-600731-600186-600022
2015-04-17,_,_,_
2015-04-20,_,000922-600165,900906
2015-04-21,_,600668-600545-600540-600165-600477,600777-601999-900906-600416-600105
2015-04-22,_,_,600884-600685
2015-04-23,_,_,_
2015-04-24,_,600727-600897-000662-600557,600397-900919-600793-600031
2015-04-27,_,_,_
2015-04-28,_,_,_
2015-04-29,_,_,600653
2015-04-30,_,600732,600845
2015-05-04,000831-000060,600626,600251-600146-600220-600113
2015-05-05,_,600656,600784-600113
2015-05-06,000916-000568,600656-600606,600691-600784-600113-600145-600743
2015-05-07,600548,_,600779
2015-05-08,_,_,_
2015-05-11,_,_,_
2015-05-12,_,_,_
2015-05-13,_,_,_
2015-05-14,_,_,_
2015-05-15,_,_,600009
2015-05-18,_,600867-600225-000657-600421-600493,600395-600983-600009-900949-600266
2015-05-19,_,_,_
2015-05-20,_,_,_
2015-05-21,_,_,_
2015-05-22,_,_,_
2015-05-25,_,_,600991-600887
2015-05-26,_,_,_
2015-05-27,_,_,_
2015-05-28,_,000738,_
2015-05-29,600707-000875,600452-600733-600178-600479-000713-600301-600540-000731-600556,600702-600605-600114-600497-601777-600499-600111-600987-601919-600075
2015-06-01,_,_,_
2015-06-02,_,_,_
2015-06-03,_,_,_
2015-06-04,600015,600157-600477,601999-600377
2015-06-05,_,_,_
2015-06-08,_,_,600493-600113
2015-06-09,600866-600597,600701-600071-600458-600696,600529-600737-600423-601268-600522-900932-600113-600320
2015-06-10,600739-600597,_,600529-600081-600320
2015-06-11,_,_,_
2015-06-12,_,_,_
2015-06-15,_,_,601101
2015-06-16,600060-600871-600600,000833-000797-600644-000155,600097-601390-600029-600137-600165-600697
2015-06-17,000543-000666-600060,000976-600301-000155-600732,600845-600605-600630-600360-600469
2015-06-18,600006,_,600515
2015-06-19,000623-600282-600348-000096-600597-000488-600108-600135-600031-000401,600829-600225-600189-600573-600301-000151-000935-600421-600172-600287,600150-600221-600287-600983-600696-600980-600804-600369-600830-600385
2015-06-23,600631-600710,600507-000938-600488-600493,600660-600560-600985-600038-900949-600269-600692
2015-06-24,_,_,_
2015-06-25,_,_,_
2015-06-26,_,600426-000957,600620-600783
2015-06-29,_,000687-000821,_
2015-06-30,_,600232,600647
2015-07-01,000528,_,600189
2015-07-02,_,600084,600468
2015-07-03,000410,600086-000510,601991-600116
2015-07-06,_,_,_
2015-07-07,_,_,_
2015-07-08,_,_,_
2015-07-09,_,_,_
2015-07-10,_,_,_
2015-07-13,_,_,_
2015-07-14,_,_,_
2015-07-15,_,_,_
2015-07-16,_,_,_
2015-07-17,_,_,_
2015-07-20,_,_,_
2015-07-21,_,_,_
2015-07-22,_,_,_
2015-07-23,_,_,600211
2015-07-24,_,_,_
2015-07-27,_,600528-600165,601106-900919-900906
2015-07-28,600270-600688-600519-000806-000878-000060-000733,600701-600179-600877-600107-600696-600728-600980-600590-600893-000099,600694-600684-600488-600742-600477-600200-600973-900932-600202-600249
2015-07-29,_,_,_
2015-07-30,_,_,_
2015-07-31,_,_,_
2015-08-03,_,000971-000070-000151-600118-000510,600882-600517-600337-600333
2015-08-04,000068,000923-600158,600885-900941-600882
2015-08-05,_,_,_
2015-08-06,_,_,_
2015-08-07,_,_,_
2015-08-10,_,_,_
2015-08-11,_,_,_
2015-08-12,_,_,_
2015-08-13,_,_,_
2015-08-14,_,_,_
2015-08-17,_,_,_
2015-08-18,_,_,_
2015-08-19,600096-000930-000024-600282-000729-600029-000831-600707-600266-000875,600262-000722-600802-000909-002012-000019-600178-600067-600963-000922,600033-600895-600611-600978-600732-600248-600207-600499-600517-600078
2015-08-20,_,_,_
2015-08-21,000068-600887-000089,000993-600163-600067-600337-000922,600895-600239-600119-600340-601933-600352-600011-600783
2015-08-24,600887-600641-600177-600608-000932-000089-000875,000993-000837-600163-000757-000713-600301-600367-600287,900945-601688-600970-601933-600352-600078-601877-600496-600783-600858
2015-08-25,600724-600138,600301,900950-601618-600605-900919
2015-08-26,_,600160-600301,600605-600539
2015-08-27,_,_,_
2015-08-28,_,_,_
2015-08-31,_,_,_
2015-09-01,_,_,600016-600491
2015-09-02,_,_,_
2015-09-07,_,_,_
2015-09-08,_,_,_
2015-09-09,_,_,_
2015-09-10,_,_,_
2015-09-11,_,_,_
2015-09-14,_,_,_
2015-09-15,_,_,_
2015-09-16,_,_,_
2015-09-17,_,_,_
2015-09-18,_,_,_
2015-09-21,_,600604,601616
2015-09-22,_,_,_
2015-09-23,_,_,_
2015-09-24,_,_,_
2015-09-25,_,_,_
2015-09-28,_,_,_
2015-09-29,_,_,_
2015-09-30,_,_,_
2015-10-08,_,_,_
2015-10-09,_,_,_
2015-10-12,_,_,_
2015-10-13,_,_,_
2015-10-14,_,_,_
2015-10-15,_,_,_
2015-10-16,_,_,_
2015-10-19,_,_,_
2015-10-20,_,_,_
2015-10-21,_,_,_
2015-10-22,_,_,_
2015-10-23,_,_,_
2015-10-26,_,_,_
2015-10-27,_,_,900919
2015-10-28,_,_,_
2015-10-29,_,_,_
2015-10-30,_,_,_
2015-11-02,_,000019,600448
2015-11-03,_,_,_
2015-11-04,_,_,_
2015-11-05,_,_,_
2015-11-06,_,_,_
2015-11-09,_,_,_
2015-11-10,_,_,_
2015-11-11,_,_,_
2015-11-12,_,_,_
2015-11-13,_,_,600256
2015-11-16,_,000510,_
2015-11-17,_,_,_
2015-11-18,_,_,_
2015-11-19,_,_,_
2015-11-20,_,_,_
2015-11-23,_,_,600987
2015-11-24,_,_,_
2015-11-25,_,_,_
2015-11-26,_,_,_
2015-11-27,_,_,_
2015-11-30,_,_,_
2015-12-01,_,_,_
2015-12-02,_,_,_
2015-12-03,_,600165,600053-600695-900906
2015-12-04,_,_,_
2015-12-07,_,_,_
2015-12-08,_,_,_
2015-12-09,_,_,_
2015-12-10,_,_,_
2015-12-11,_,_,_
2015-12-14,_,_,_
2015-12-15,_,_,_
2015-12-16,_,_,_
2015-12-17,_,_,_
2015-12-18,_,_,_
2015-12-21,_,_,_
2015-12-22,_,_,_
2015-12-23,_,_,_
2015-12-24,_,_,_
2015-12-25,_,_,_
2015-12-28,_,_,_
2015-12-29,_,_,_
2015-12-30,_,_,_
2015-12-31,_,_,_
2016-01-04,_,_,_
2016-01-05,600350,600258-600722-600734,600307-600114-600052-601933-600371-600731-601328-600075
2016-01-06,_,_,_
2016-01-07,_,_,_
2016-01-08,_,600734,600052
2016-01-11,_,_,_
2016-01-12,600639-600089,_,600311
2016-01-13,_,_,_
2016-01-14,600087,_,_
2016-01-15,_,_,_
2016-01-18,600087,_,_
2016-01-19,_,_,_
2016-01-20,_,_,_
2016-01-21,_,_,_
2016-01-22,_,_,_
2016-01-25,_,_,_
2016-01-26,_,_,_
2016-01-27,_,600116,600763
2016-01-28,_,_,_
2016-01-29,_,_,_
2016-02-01,_,_,_
2016-02-02,_,_,_
2016-02-03,_,_,_
2016-02-04,_,_,_
2016-02-05,_,_,_
2016-02-15,600060,000923-000738-600619,600207-600300-600110
2016-02-16,_,_,_
2016-02-17,_,_,_
2016-02-18,_,_,_
2016-02-19,_,_,_
2016-02-22,_,_,_
2016-02-23,_,_,_
2016-02-24,_,_,_
2016-02-25,_,_,_
2016-02-26,600060,600071-600733-000935-600644,600522-600525-600984-600165
2016-02-29,_,600980,600200
2016-03-01,_,_,600874-600517
2016-03-02,_,_,_
2016-03-03,_,_,_
2016-03-04,_,_,_
2016-03-07,_,_,_
2016-03-08,_,_,_
2016-03-09,600663-600011-600089,600395-000975,600636-600593-600163-600886
2016-03-10,_,600706,601788
2016-03-11,_,_,_
2016-03-14,_,_,_
2016-03-15,_,_,_
2016-03-16,_,_,_
2016-03-17,_,_,_
2016-03-18,_,_,_
2016-03-21,_,_,_
2016-03-22,_,_,_
2016-03-23,_,_,_
2016-03-24,_,_,_
2016-03-25,_,_,_
2016-03-28,_,_,_
2016-03-29,_,_,_
2016-03-30,_,_,_
2016-03-31,_,_,_
2016-04-01,_,_,_
2016-04-05,_,_,_
2016-04-06,_,_,_
2016-04-07,_,_,_
2016-04-08,_,_,600516
2016-04-11,_,_,_
2016-04-12,_,_,_
2016-04-13,_,_,_
2016-04-14,_,_,_
2016-04-15,_,_,_
2016-04-18,_,_,600097
2016-04-19,_,_,_
2016-04-20,_,_,_
2016-04-21,_,_,_
2016-04-22,_,600359-600540,600216-600105
2016-04-25,_,_,_
2016-04-26,_,_,_
2016-04-27,_,_,_
2016-04-28,_,_,_
2016-04-29,_,_,_
2016-05-03,_,_,_
2016-05-04,_,_,_
2016-05-05,_,_,_
2016-05-06,_,_,_
2016-05-09,_,_,_
2016-05-10,_,_,_
2016-05-11,_,_,_
2016-05-12,_,_,_
2016-05-13,_,_,_
2016-05-16,_,_,_
2016-05-17,_,_,_
2016-05-18,_,_,_
2016-05-19,_,_,_
2016-05-20,_,_,_
2016-05-23,_,_,_
2016-05-24,_,_,_
2016-05-25,_,_,_
2016-05-26,_,_,_
2016-05-27,_,_,_
2016-05-30,_,_,_
2016-05-31,_,_,_
2016-06-01,_,_,_
2016-06-02,_,_,_
2016-06-03,_,_,_
2016-06-06,_,_,_
2016-06-07,_,_,_
2016-06-08,_,_,_
2016-06-13,_,_,_
2016-06-14,_,_,_
2016-06-15,_,_,_
2016-06-16,_,_,_
2016-06-17,_,_,_
2016-06-20,_,_,_
2016-06-21,_,_,_
2016-06-22,_,_,_
2016-06-23,_,_,_
2016-06-24,_,_,_
2016-06-27,_,_,_
2016-06-28,_,_,_
2016-06-29,_,_,_
2016-06-30,_,_,_
2016-07-01,_,_,_
2016-07-04,_,_,_
2016-07-05,_,_,_
2016-07-06,_,_,_
2016-07-07,_,_,_
2016-07-08,600270,_,600654
2016-07-11,_,_,_
2016-07-12,_,_,_
2016-07-13,_,_,_
2016-07-14,600805,_,600132
2016-07-15,000039-600489-600879,_,600806
2016-07-18,600198,_,900946
2016-07-19,000511,_,600503
2016-07-20,_,_,_
2016-07-21,_,_,_
2016-07-22,000937,_,_
2016-07-25,_,_,600267-600101
2016-07-26,_,_,_
2016-07-27,_,_,_
2016-07-28,_,_,_
2016-07-29,_,_,_
2016-08-01,_,_,_
2016-08-02,_,600084,600468
2016-08-03,_,000785,_
2016-08-04,_,_,_
2016-08-05,600123,_,600739
2016-08-08,_,_,_
2016-08-09,_,_,_
2016-08-10,_,_,_
2016-08-11,_,_,_
2016-08-12,_,_,_
2016-08-15,_,_,_
2016-08-16,_,_,_
2016-08-17,_,_,_
2016-08-18,_,_,_
2016-08-19,600320,_,600153
2016-08-22,_,_,_
2016-08-23,600839,600084-600187-600981,601607-600468-600050-900955
2016-08-24,_,_,_
2016-08-25,000507-000089,600082-600187,600603-600558-601918-600119-600050-600991
2016-08-26,_,_,_
2016-08-29,_,_,_
2016-08-30,_,_,_
2016-08-31,_,_,_
2016-09-01,_,_,_
2016-09-02,_,_,_
2016-09-05,_,_,_
2016-09-06,_,_,_
2016-09-07,_,_,_
2016-09-08,_,_,_
2016-09-09,_,_,_
2016-09-12,000920-600307-600103-600597-600851-600600-600058,600605-000509-600093-600505-600736-000028-600481-600830-000731,600234-600461-600991-600711-600815-600184-600113-600565-600320-600853
2016-09-13,_,_,_
2016-09-14,_,_,_
2016-09-19,_,_,_
2016-09-20,_,_,_
2016-09-21,_,_,_
2016-09-22,_,_,_
2016-09-23,_,_,_
2016-09-26,_,_,_
2016-09-27,_,600488,600660
2016-09-28,_,000617,_
2016-09-29,_,600275,900937
2016-09-30,_,_,_
2016-10-10,_,600325,600563-600783-600348
2016-10-11,_,_,_
2016-10-12,_,_,_
2016-10-13,_,_,_
2016-10-14,_,_,_
2016-10-17,_,_,_
2016-10-18,_,_,_
2016-10-19,_,600870,601398
2016-10-20,_,_,_
2016-10-21,_,_,600333
2016-10-24,_,_,_
2016-10-25,_,_,_
2016-10-26,_,_,_
2016-10-27,_,_,_
2016-10-28,_,_,_
2016-10-31,_,600815-600485-000923-000922,600864-600241
2016-11-01,_,600351,600072-600322
2016-11-02,_,_,_
2016-11-03,_,_,600637
2016-11-04,_,_,600778
2016-11-07,_,600857,600061
2016-11-08,_,000019,_
2016-11-09,_,_,_
2016-11-10,_,_,_
2016-11-11,_,_,_
2016-11-14,_,_,_
2016-11-15,_,_,_
2016-11-16,_,_,_
2016-11-17,_,_,_
2016-11-18,000520,_,600507
2016-11-21,_,_,_
2016-11-22,_,_,_
2016-11-23,_,_,_
2016-11-24,_,_,_
2016-11-25,_,_,_
2016-11-28,_,_,_
2016-11-29,_,_,600211
2016-11-30,600811-000758,_,600188
2016-12-01,_,_,_
2016-12-02,600866,_,600114-600423
2016-12-05,600085-600170-600005-000096-000488-600652-600377,600201-600668-600039-000407-600150-600992-600158-600376,900925-600415-600736-600976-900934-600891-600416-600290-600870-600392
2016-12-06,000983,600992,600290
2016-12-07,_,_,_
2016-12-08,_,_,_
2016-12-09,_,600122,600232
2016-12-12,_,_,600537
2016-12-13,_,600865,600462
2016-12-14,_,_,_
2016-12-15,_,_,_
2016-12-16,_,_,_
2016-12-19,_,_,_
2016-12-20,_,_,600222
2016-12-21,_,600722,601328
2016-12-22,_,_,_
2016-12-23,_,_,600507
2016-12-26,_,000993,600222
2016-12-27,_,_,_
2016-12-28,_,_,_
2016-12-29,_,_,_
2016-12-30,_,_,_
2017-01-03,_,000993,_
2017-01-04,_,_,_
2017-01-05,_,_,_
2017-01-06,_,_,_
2017-01-09,_,_,600683
2017-01-10,_,_,_
2017-01-11,600581,_,600253-601188
2017-01-12,_,_,_
2017-01-13,_,_,_
2017-01-16,_,600481,600332-600243
2017-01-17,_,_,_
2017-01-18,_,_,_
2017-01-19,_,_,_
2017-01-20,_,_,_
2017-01-23,_,000428,_
2017-01-24,_,_,_
2017-01-25,_,_,_
2017-01-26,_,600425,600333-600022
2017-02-03,_,_,_
2017-02-06,_,_,_
2017-02-07,_,_,_
2017-02-08,_,_,_
2017-02-09,_,_,_
2017-02-10,_,_,_
2017-02-13,600037,_,600383-600307
2017-02-14,_,_,_
2017-02-15,_,_,600987
2017-02-16,_,_,_
2017-02-17,_,_,_
2017-02-20,_,_,600332
2017-02-21,_,_,_
2017-02-22,_,_,_
2017-02-23,_,_,_
2017-02-24,_,_,_
2017-02-27,_,_,_
2017-02-28,_,_,_
2017-03-01,_,600363,600693
2017-03-02,600171,_,600861
2017-03-03,_,600101,600724-600285
2017-03-06,_,_,_
2017-03-07,_,_,_
2017-03-08,_,_,_
2017-03-09,_,_,_
2017-03-10,_,_,_
2017-03-13,_,_,_
2017-03-14,000036,_,600658
2017-03-15,_,_,_
2017-03-16,_,_,_
2017-03-17,_,_,_
2017-03-20,_,_,_
2017-03-21,_,_,_
2017-03-22,_,_,_
2017-03-23,_,_,_
2017-03-24,_,_,_
2017-03-27,_,_,_
2017-03-28,_,_,_
2017-03-29,_,_,_
2017-03-30,_,_,_
2017-03-31,_,_,_
2017-04-05,_,600509,600303-600507-600655
2017-04-06,_,_,_
2017-04-07,_,_,600085
2017-04-10,_,_,_
2017-04-11,_,_,600422
2017-04-12,_,_,_
2017-04-13,600100-600236,000958-600480-600436,600824-600714-600533-600969-600070
2017-04-14,_,_,_
2017-04-17,600001-000659,000519-000158-000616-600893-000415,600533-600882-600517-600191-600085-600249
2017-04-18,600001,000923,600579
2017-04-19,600228-600153,_,600583
2017-04-20,_,600550,601727-600822
2017-04-21,_,600550,601727-600822
2017-04-24,_,_,600259
2017-04-25,_,_,_
2017-04-26,_,_,_
2017-04-27,_,_,_
2017-04-28,_,_,_
2017-05-02,600166,_,601158
2017-05-03,_,_,_
2017-05-04,_,000158,_
2017-05-05,_,_,_
2017-05-08,_,600960,600688
2017-05-09,_,_,_
2017-05-10,_,_,600501
2017-05-11,_,000852,_
2017-05-12,_,_,_
2017-05-15,_,_,_
2017-05-16,_,_,_
2017-05-17,_,_,_
2017-05-18,600171,_,600029-600861
2017-05-19,_,_,_
2017-05-22,_,_,_
2017-05-23,_,600756,601777-600509
2017-05-24,000410,000504,600116-600151
2017-05-25,_,_,_
2017-05-26,_,_,_
2017-05-31,_,000852,_
2017-06-01,_,600853,600354
2017-06-02,_,600361,900947
2017-06-05,_,_,_
2017-06-06,_,_,600879
2017-06-07,_,_,_
2017-06-08,000932,_,_
2017-06-09,000031,002001,600456
2017-06-12,_,_,_
2017-06-13,_,_,_
2017-06-14,600196,600066,600995-600592
2017-06-15,_,_,600511
2017-06-16,000651,_,600258
2017-06-19,_,_,600887
2017-06-20,_,600742,600616
2017-06-21,_,_,600087-600512
2017-06-22,_,_,_
2017-06-23,_,000631,_
2017-06-26,_,_,_
2017-06-27,_,_,_
2017-06-28,_,_,_
2017-06-29,_,_,_
2017-06-30,_,_,_
2017-07-03,600307,_,600573-600458
2017-07-04,_,_,_
2017-07-05,_,_,_
2017-07-06,_,_,_
2017-07-07,_,_,_
2017-07-10,_,_,_
2017-07-11,_,_,_
2017-07-12,_,_,_
2017-07-13,_,_,_
2017-07-14,600805,600343,600270-600132-900908
2017-07-17,000878,_,_
2017-07-18,_,_,_
2017-07-19,600308,_,600795
2017-07-20,_,_,_
2017-07-21,_,_,_
2017-07-24,_,_,600101-600701
2017-07-25,000937-600649,_,601116
2017-07-26,_,_,_
2017-07-27,_,_,_
2017-07-28,_,600101,600285
2017-07-31,_,_,_
2017-08-01,_,_,_
2017-08-02,_,_,_
2017-08-03,_,_,_
2017-08-04,_,_,600663
2017-08-07,_,_,_
2017-08-08,_,_,_
2017-08-09,_,_,_
2017-08-10,_,_,600870
2017-08-11,600757-600057-000002-600087-600011,600507-600219,600269-600832-600483-600676
2017-08-14,_,_,_
2017-08-15,_,_,_
2017-08-16,_,_,600104
2017-08-17,_,_,_
2017-08-18,_,_,_
2017-08-21,_,600846,601139
2017-08-22,_,_,_
2017-08-23,_,_,_
2017-08-24,_,_,_
2017-08-25,_,_,_
2017-08-28,_,_,_
2017-08-29,_,600299,600330
2017-08-30,_,_,_
2017-08-31,_,_,_
2017-09-01,_,600319,600102
2017-09-04,_,000966,_
2017-09-05,_,_,_
2017-09-06,_,_,_
2017-09-07,_,_,_
2017-09-08,_,_,_
2017-09-11,_,_,_
2017-09-12,_,600561,600260
2017-09-13,_,_,_
2017-09-14,_,_,_
2017-09-15,_,600232,600647
2017-09-18,600087,_,_
2017-09-19,_,_,_
2017-09-20,_,_,_
2017-09-21,_,_,_
2017-09-22,600073,_,_
2017-09-25,_,600736,600811-600736
2017-09-26,_,_,600735
2017-09-27,_,_,_
2017-09-28,_,_,_
2017-09-29,_,_,600976
2017-10-09,_,_,_
2017-10-10,_,_,_
2017-10-11,_,000957,_
2017-10-12,_,_,_
2017-10-13,_,000301,_
2017-10-16,_,_,_
2017-10-17,_,_,_
2017-10-18,_,_,_
2017-10-19,_,000687,600075
2017-10-20,_,_,_
2017-10-23,_,_,_
2017-10-24,_,600284,600758-600626-600037
2017-10-25,_,_,_
2017-10-26,_,_,_
2017-10-27,_,_,600991
2017-10-30,_,600278,600439
2017-10-31,_,_,_
2017-11-01,_,_,600536
2017-11-02,_,_,_
2017-11-03,_,_,600161
2017-11-06,_,_,_
2017-11-07,_,_,_
2017-11-08,_,_,_
2017-11-09,_,_,_
2017-11-10,_,_,_
2017-11-13,_,_,_
2017-11-14,_,_,600617
2017-11-15,_,_,_
2017-11-16,_,_,_
2017-11-17,_,_,_
2017-11-20,600621-600747,_,900938-600210-600702-600476
2017-11-21,_,_,_
2017-11-22,_,_,_
2017-11-23,_,_,_
2017-11-24,_,600438,600396
2017-11-27,_,_,_
2017-11-28,_,_,_
2017-11-29,_,_,_
2017-11-30,_,_,_
2017-12-01,_,_,_
2017-12-04,_,_,_
2017-12-05,_,_,600530
2017-12-06,_,_,_
2017-12-07,_,_,_
2017-12-08,_,_,_
2017-12-11,_,_,_
2017-12-12,_,_,_
2017-12-13,_,_,_
2017-12-14,_,_,_
2017-12-15,_,_,_
2017-12-18,_,_,_
2017-12-19,_,_,_
2017-12-20,_,600644,600165
2017-12-21,_,_,600461
2017-12-22,_,_,_
2017-12-25,_,_,_
2017-12-26,_,_,_
2017-12-27,_,_,_
2017-12-28,_,600351,600322
2017-12-29,_,_,_
2018-01-02,_,_,_
2018-01-03,_,_,_
2018-01-04,_,_,_
2018-01-05,_,600550,601727
2018-01-08,_,_,_
2018-01-09,600674,_,600467
2018-01-10,_,_,_
2018-01-11,_,_,_
2018-01-12,_,_,_
2018-01-15,_,_,600087
2018-01-16,_,_,600824
2018-01-17,000717,_,600087
2018-01-18,_,_,_
2018-01-19,_,000989,_
2018-01-22,600886-600115,600370-600093,600575-600815-600056-600242
2018-01-23,_,600992,600290
2018-01-24,_,600180-600287,900945-600759
2018-01-25,_,000531,_
2018-01-26,_,000918,600520-600446
2018-01-29,_,_,_
2018-01-30,_,_,_
2018-01-31,000758,600853-000608,600354-900918-600356
2018-02-01,000089,_,600119
2018-02-02,_,600828,600114-600757
2018-02-05,_,_,_
2018-02-06,_,_,_
2018-02-07,_,_,_
2018-02-08,600102,600398,600120
2018-02-09,_,_,_
2018-02-12,_,_,_
2018-02-13,_,_,_
2018-02-14,_,_,_
2018-02-22,_,_,_
2018-02-23,600694,_,600355
2018-02-26,_,_,_
2018-02-27,_,_,_
2018-02-28,_,000909,_
2018-03-01,_,600579,600386
2018-03-02,_,_,_
2018-03-05,600688,600289,600477-600686
2018-03-06,_,_,_
2018-03-07,_,600422,600062
2018-03-08,600019-000875,_,600253-600078
2018-03-09,_,_,_
2018-03-12,_,_,_
2018-03-13,_,_,_
2018-03-14,600863,_,600418
2018-03-15,600190-600519,000890-600889-000687-600249,600843-600307-900904-600222-600406
2018-03-16,_,_,_
2018-03-19,_,600644,600165
2018-03-20,_,000890-000530,600623
2018-03-21,_,_,_
2018-03-22,_,_,600687
2018-03-23,000528-000507-600694-000858-000921-600308,600716-600580-000909-600299-600736-600192-600801-600594-600400-600391,600053-600883-600185-600125-600667-600182-600355-600811-600193-600756
2018-03-26,600585,000993-600099-600302-000032-000972,600699-600196-600182-601179-600703-600193
2018-03-27,600642,600095-000713-600311,600764-600250-600818-600213
2018-03-28,600010,_,900910
2018-03-29,_,_,601988
2018-03-30,_,600767,600546
2018-04-02,_,_,600236
2018-04-03,_,000993,_
2018-04-04,_,600769-600311,600376-600818
2018-04-09,_,000862-000701,_
2018-04-10,_,_,_
2018-04-11,_,600540,600105
2018-04-12,_,_,_
2018-04-13,_,_,_
2018-04-16,_,600830,600812-600184
2018-04-17,_,_,_
2018-04-18,600207,600232-600896,600647-600873-600965
2018-04-19,_,_,_
2018-04-20,_,600319,600102
2018-04-23,000959,_,600965
2018-04-24,_,000687,_
2018-04-25,_,_,_
2018-04-26,_,_,_
2018-04-27,_,600730,601898
2018-05-02,_,_,_
2018-05-03,_,600476,600894
2018-05-04,_,_,_
2018-05-07,_,_,_
2018-05-08,_,_,_
2018-05-09,_,600476,600724-600894
2018-05-10,_,_,_
2018-05-11,_,_,_
2018-05-14,_,600986,600785
2018-05-15,_,_,_
2018-05-16,_,_,_
2018-05-17,_,_,_
2018-05-18,_,_,_
2018-05-21,_,600889,900904
2018-05-22,_,_,_
2018-05-23,_,600540,600105
2018-05-24,_,600261-600130,600550-600510-601600
2018-05-25,_,_,_
2018-05-28,600832,_,600217
2018-05-29,_,_,_
2018-05-30,DY600018-600020-600307,600436-600573-000690-002008,600714-600998-600980-600458
2018-05-31,_,_,_
2018-06-01,_,_,_
2018-06-04,_,_,_
2018-06-05,_,_,_
2018-06-06,_,_,_
2018-06-07,_,_,_
2018-06-08,600196,_,600995
2018-06-11,_,_,_
2018-06-12,_,_,600523
2018-06-13,_,_,_
2018-06-14,_,_,_
2018-06-15,_,600238,601168
2018-06-19,600637,000019,600877
2018-06-20,_,_,_
2018-06-21,_,_,_
2018-06-22,_,_,_
2018-06-25,_,_,_
2018-06-26,_,_,_
2018-06-27,_,_,_
2018-06-28,_,_,_
2018-06-29,_,_,_
2018-07-02,_,_,_
2018-07-03,_,_,_
2018-07-04,_,600250,600694-600867-600835
2018-07-05,_,_,_
2018-07-06,_,_,_
2018-07-09,_,_,_
2018-07-10,_,_,_
2018-07-11,_,_,600270
2018-07-12,_,_,_
2018-07-13,_,_,600867
2018-07-16,_,000922,_
2018-07-17,_,_,_
2018-07-18,_,_,600229
2018-07-19,_,600367-000701,600802
2018-07-20,_,_,_
2018-07-23,_,600645,600375-600160
2018-07-24,_,_,_
2018-07-25,_,_,_
2018-07-26,_,600039,600227-600086
2018-07-27,_,_,_
2018-07-30,_,000897-600303-600106-600512,600470-900919-600562-600168-600410-600690-601919
2018-07-31,600103,000862-600821-600106,600176-600562-600960-600870
2018-08-01,_,000509,_
2018-08-02,_,600505,600335-600255
2018-08-03,600887,600225,600724-600352-600266
2018-08-06,_,600853-600540,600354-600105
2018-08-07,_,_,600113
2018-08-08,_,_,_
2018-08-09,600569,000509-600722,600263-601328
2018-08-10,_,000626,600711
2018-08-13,_,600470-000407,600272
2018-08-14,_,600467,600889
2018-08-15,000002,_,600483
2018-08-16,_,600039,600227-600143-600281-600642-601216
2018-08-17,600010,600250,600835
2018-08-20,_,_,_
2018-08-21,_,_,_
2018-08-22,_,_,_
2018-08-23,000682,_,600729
2018-08-24,600820,600397,601218-600734
2018-08-27,_,_,_
2018-08-28,_,_,_
2018-08-29,_,_,_
2018-08-30,_,_,_
2018-08-31,_,000422-000707,_
2018-09-03,_,_,_
2018-09-04,_,_,_
2018-09-05,_,_,600778
2018-09-06,_,_,_
2018-09-07,_,_,_
2018-09-10,_,_,_
2018-09-11,_,_,600235
2018-09-12,_,_,_
2018-09-13,_,_,_
2018-09-14,_,_,_
2018-09-17,_,_,600309
2018-09-18,_,_,600569
2018-09-19,_,600719,600518
2018-09-20,_,_,_
2018-09-21,_,_,_
2018-09-25,600269,000006,_
2018-09-26,_,000428,_
2018-09-27,_,_,_
2018-09-28,_,_,_
2018-10-08,600674-600005-600166-600357-600000-000511,600299-600303,600330-600502-601158-600470-600426-600467-600515-600503
2018-10-09,_,_,600156
2018-10-10,_,_,_
2018-10-11,600110-600739-000410-000027,600596-600111-600636-600549-600740-600259-600896-000911-000525-600273,600643-600866-600026-600446-600679-900928-600733-600999-600865-601186
2018-10-12,_,_,_
2018-10-15,_,_,_
2018-10-16,_,_,_
2018-10-17,_,_,_
2018-10-18,_,_,_
2018-10-19,_,_,_
2018-10-22,_,_,_
2018-10-23,_,_,_
2018-10-24,_,_,_
2018-10-25,_,_,601718
2018-10-26,_,_,_
2018-10-29,_,_,_
2018-10-30,_,600052,600466-600704
2018-10-31,_,000953,_
2018-11-01,_,600173-000953,601199-900952
2018-11-02,_,_,_
2018-11-05,_,_,_
2018-11-06,_,_,_
2018-11-07,_,_,600182
2018-11-08,000858,_,600883-900912-600568
2018-11-09,_,600238,601168
2018-11-12,_,600530,600162
2018-11-13,_,_,600307-600755
2018-11-14,_,600250,600835-600756
2018-11-15,_,000753-600202-000608,600993
2018-11-16,_,600701-600870,900932-600987-601398
2018-11-19,_,_,_
2018-11-20,000068-000539-000063,600701-000971,600566-600560-900912-900932
2018-11-21,000601-000420-600707-600153,000062-000958-000837-600533-000923-600896-600227-600550-600981-600391,601607-600033-601727-600152-600109-600111-600873-600783-600170-600139
2018-11-22,_,_,_
2018-11-23,600210-600198-600072,600604,600389-601616-900946
2018-11-26,000806-600718,600275-600209-600696-600604-600767-600732,600737-600845-600718-900937-601616-601958-600546
2018-11-27,600718,_,600448-601958
2018-11-28,_,_,_
2018-11-29,_,600825-000521,601008
2018-11-30,_,600831-000521,600961-600586
2018-12-03,_,_,_
2018-12-04,_,_,_
2018-12-05,_,_,_
2018-12-06,_,000722-000530,601107
2018-12-07,_,600727,_
2018-12-10,_,600860,600219
2018-12-11,_,_,600702
2018-12-12,_,_,_
2018-12-13,_,_,600702
2018-12-14,_,_,_
2018-12-17,_,_,_
2018-12-18,_,_,_
2018-12-19,_,_,_
2018-12-20,_,000975,600665
2018-12-21,_,_,_
2018-12-24,_,_,600987
2018-12-25,_,_,_
2018-12-26,_,_,_
2018-12-27,_,_,_
2018-12-28,_,_,600699
2019-01-02,_,_,_
2019-01-03,_,_,_
2019-01-04,_,600605-600463,600234-600677
2019-01-07,_,_,_
2019-01-08,000927,_,_
2019-01-09,_,600595,600862-600223-600882
2019-01-10,_,_,_
2019-01-11,000400,600983-600319,600848-601939-600102-600312-600547-600075-600865
2019-01-14,600190,600302-000070-000586-600732,600843-600845-600987-600703
2019-01-15,000543,_,600987-600360
2019-01-16,_,600815,600241
2019-01-17,_,000692,_
2019-01-18,_,_,_
2019-01-21,_,000797,600104-600865
2019-01-22,_,_,_
2019-01-23,000970,600157,600377
2019-01-24,_,_,_
2019-01-25,_,_,_
2019-01-28,_,600696,600737
2019-01-29,_,000969-600556,_
2019-01-30,_,000055-600178,600499-600551
2019-01-31,_,600218,600833
2019-02-01,_,_,_
2019-02-11,_,_,_
2019-02-12,_,_,_
2019-02-13,_,_,_
2019-02-14,_,_,_
2019-02-15,_,_,_
2019-02-18,_,_,_
2019-02-19,_,_,_
2019-02-20,_,600857,600061-600113
2019-02-21,_,_,_
2019-02-22,_,_,_
2019-02-25,_,_,_
2019-02-26,_,_,_
2019-02-27,600019-600642,000862-600218-000070-600086-000050-000859,600833-600104-601991-600250-600586-900942-600865
2019-02-28,600007-000912,000862-000812-600509-600086-000563,600104-601991-600655-600362
2019-03-01,000068,000993-000070-600604-000517-000563-600783,600370-601616-600666-600362
2019-03-04,_,_,_
2019-03-05,_,_,_
2019-03-06,_,_,_
2019-03-07,_,_,_
2019-03-08,600320-000983-000571-600881-000581-600196,600685-600479-600291-600728-600330-600150-000563-002008-000627-000859,600370-601169-600063-600774-600226-600551-601699-601919-600153-600362
2019-03-11,600820-000410,600397-600218-600086-000953-600423-000859,601218-600833-600104-600744-601991-600734-600882-600586-600868-600139
2019-03-12,_,600375-002017,600166
2019-03-13,_,_,_
2019-03-14,000539-000543-600694-000727,000971-000530-000662-600354-000607-600131-002017-600756-000918-600086,600370-600673-600355-600166-601991-600300-601808-600629-600509-600797
2019-03-15,_,000971-000972,600673-600016-600073
2019-03-18,600009,600677,600195
2019-03-19,_,_,_
2019-03-20,_,600238-600696,600737-601168
2019-03-21,_,600969,600123-600315
2019-03-22,000737-600820,600425,600734-600303-600022
2019-03-25,_,600701-600084-600321-600509-600801-600493-600075-000570,600468-600391-900949-601718-900932-600610-600655-600881
2019-03-26,_,000993-600321-600722-600734,600391-600052-600507-600222-601328
2019-03-27,000060,600232-000837-600359,600647-600251-600216
2019-03-28,_,600539,600350
2019-03-29,000001,600232-600829-000837-600422-600399-000677-000990-600356,600647-600694-600221-900933-601018-600256-600280-600507-600062-600148
2019-04-01,_,_,_
2019-04-02,_,600149,600505
2019-04-03,_,_,600602
2019-04-04,_,_,_
2019-04-08,_,_,600831-600298
2019-04-09,_,600426-000525,600620-600536-600792
2019-04-10,600231,_,600768-600770
2019-04-11,_,600400,600185-600657
2019-04-12,000912,600789-600421-000078-600963-600052,600179-900933-600378-600983-900952-601880-600704-600533
2019-04-15,000912-000937,_,600378
2019-04-16,_,600405-600423-600325,600563-600760-600744-600358
2019-04-17,_,_,_
2019-04-18,000543,_,600360
2019-04-19,_,600877-600275-600960-600875-600778,601088-600688-900937-600449-600979
2019-04-22,_,600281,600067-600118
2019-04-23,600747,600397,601107-600210-601218-600235-600373
2019-04-24,_,000551-600963,601880-600029
2019-04-25,_,600877,601088-600466
2019-04-26,_,600275-000957-600853-000544,600466-600880-900937-600648-600354-600756
2019-04-29,_,_,600536
2019-04-30,600688-600649,000702-600378,600077-600346-600477-600460-600622-601116-600756
2019-05-06,_,_,600160-600460-600756
2019-05-07,_,600287,900945
2019-05-08,_,_,_
2019-05-09,_,600287-600300,600466-900945-600359-600006-600778-600091
2019-05-10,_,600300,600006
2019-05-13,_,_,_
2019-05-14,_,_,_
2019-05-15,_,000589,_
2019-05-16,_,_,_
2019-05-17,_,_,_
2019-05-20,600029,_,_
2019-05-21,_,600354-000713,600985-600653-601808
2019-05-22,_,_,_
2019-05-23,_,_,_
2019-05-24,600108,600476,600894
2019-05-27,000629-600350,600734,600052-600581-600731
2019-05-28,_,_,_
2019-05-29,_,_,_
2019-05-30,_,600476,600894
2019-05-31,_,600720-600476,600894-600599
2019-06-03,_,600525,600844
2019-06-04,_,_,_
2019-06-05,_,600354-600463,600677-600653-601808
2019-06-06,_,_,_
2019-06-10,_,000586,_
2019-06-11,_,_,_
2019-06-12,_,_,600985
2019-06-13,_,_,_
2019-06-14,_,_,_
2019-06-17,000968,600870,601398
2019-06-18,_,600870,601398
2019-06-19,_,_,_
2019-06-20,_,_,600848-600390
2019-06-21,_,600421,600983
2019-06-24,_,_,_
2019-06-25,600649,_,601116
2019-06-26,600569,000862-600475,600475-600263-600157
2019-06-27,_,600540,601988-600105
2019-06-28,_,600782,600246
2019-07-01,_,600547,600747-601988-600749-600197
2019-07-02,_,_,_
2019-07-03,_,000889-000544,_
2019-07-04,_,_,600831
2019-07-05,_,_,600831-600340
2019-07-08,_,600178-600461,600526-600303-600499
2019-07-09,_,_,_
2019-07-10,_,_,_
2019-07-11,_,_,_
2019-07-12,_,_,_
2019-07-15,000959,_,_
2019-07-16,000959,_,_
2019-07-17,_,_,_
2019-07-18,_,_,_
2019-07-19,_,_,_
2019-07-22,_,_,_
2019-07-23,_,_,_
2019-07-24,_,_,_
2019-07-25,_,_,_
2019-07-26,_,_,_
2019-07-29,_,_,_
2019-07-30,_,000918,_
2019-07-31,_,_,_
2019-08-01,_,000975,601939
2019-08-02,_,600628,600789-600626-600315
2019-08-05,_,_,_
2019-08-06,_,000890-000687-600180,600630-600759
2019-08-07,_,_,_
2019-08-08,_,000687,_
2019-08-09,_,_,_
2019-08-12,_,_,_
2019-08-13,_,_,_
2019-08-14,_,_,_
2019-08-15,000800-600662,_,600302-600644
2019-08-16,_,_,_
2019-08-19,_,_,600883
2019-08-20,_,_,_
2019-08-21,_,_,_
2019-08-22,_,_,_
2019-08-23,_,000759,_
2019-08-26,_,000026-000019-000045-600162-000006-000099,600719-600087-600229-900935-600774-600776-600507-900911-600783
2019-08-27,_,_,_
2019-08-28,_,_,_
2019-08-29,600895,_,600027
2019-08-30,_,_,900910
2019-09-02,_,_,600289-600029
2019-09-03,_,_,_
2019-09-04,_,_,600493
2019-09-05,_,_,600493
2019-09-06,_,000032-000975,_
2019-09-09,_,_,_
2019-09-10,_,_,_
2019-09-11,_,_,_
2019-09-12,_,_,_
2019-09-16,_,_,_
2019-09-17,600694-600308,_,600355-600795
2019-09-18,_,_,900918
2019-09-19,_,_,_
2019-09-20,_,_,_
2019-09-23,_,600896,600873
2019-09-24,000878,_,900918
2019-09-25,_,_,_
2019-09-26,_,000909,_
2019-09-27,_,600179-000909-600981,601607-600684
2019-09-30,_,600179-600122,600232-600684-600862
2019-10-08,_,_,600452
2019-10-09,_,_,600781
2019-10-10,_,_,600520
2019-10-11,000960,_,_
2019-10-14,_,_,_
2019-10-15,600088-600004,600778,600449
2019-10-16,000068-000927,600815-600696,601107-600737-600241-600770
2019-10-17,000927,_,601107
2019-10-18,_,_,600793
2019-10-21,_,_,_
2019-10-22,600256,000677,_
2019-10-23,600256,600084,600468
2019-10-24,_,600358-000153,600323-600356
2019-10-25,_,_,900919
2019-10-28,_,_,_
2019-10-29,000539,000926,_
2019-10-30,_,000158,600087-600600-600728
2019-10-31,_,600767,600546
2019-11-01,000666,600321-000662-000502,600391-600469
2019-11-04,_,_,_
2019-11-05,_,_,601718
2019-11-06,_,_,_
2019-11-07,_,_,_
2019-11-08,_,_,_
2019-11-11,_,000688-000876,_
2019-11-12,_,600327,600796-600028
2019-11-13,_,_,_
2019-11-14,_,_,_
2019-11-15,_,600249,600406
2019-11-18,_,_,_
2019-11-19,_,_,_
2019-11-20,_,_,_
2019-11-21,_,_,_
2019-11-22,_,_,601998
2019-11-25,_,_,_
2019-11-26,_,_,_
2019-11-27,_,600397,601218
2019-11-28,_,_,600193
2019-11-29,_,600595,600448-600223
2019-12-02,_,600359,600216
2019-12-03,_,600485-000903,600864-600491
2019-12-04,600637,000428,600877-600683
2019-12-05,_,_,_
2019-12-06,_,600281,600719-600067
2019-12-09,_,_,_
2019-12-10,_,_,_
2019-12-11,_,_,_
2019-12-12,_,600576-600992,600746-600290
2019-12-13,_,_,_
2019-12-16,_,_,_
2019-12-17,_,_,_
2019-12-18,_,_,_
2019-12-19,000520,600889,900904
2019-12-20,_,600576,600746
2019-12-23,_,000978,600694-600859-600602-600761-600639
2019-12-24,_,000026,600694-600104
2019-12-25,_,600227,600299
2019-12-26,600886,600701-002005-000752,900932-600997-600193-600242
2019-12-27,_,_,600761
2019-12-30,600296,600289-600480-600539-600301-002005-000972,600114-600686-600350-600009-600476-600315-600803-600870-600070-600865
2019-12-31,600078,600539,600305-600350-600075-600870-600865
2020-01-02,_,_,600865
2020-01-03,_,_,_
2020-01-06,_,600358-600095,600448-600323-600426-600170-600213
2020-01-07,_,_,600131
2020-01-08,_,000971,600600
2020-01-09,000528-000410-600308,600777-600387-000852-600547-600316-600531-600372-000975,600353-600807-600372-600749-600485-600116-600648-601177-600385-601857
2020-01-10,600894,600405-600485-000510,600545-600760-600864-600865
2020-01-13,600519-000157-600894,600897-000905-000753-600485-600163-600801-600130,600550-600545-600239-600577-600397-600361-600864-600610-900923
2020-01-14,_,600485,600824-600864
2020-01-15,_,600485,600864
2020-01-16,_,000973-600327,600796-600461
2020-01-17,_,000626,_
2020-01-20,_,600409-600676-600556,600506-600597-601699-600808
2020-01-21,_,_,600358
2020-01-22,000831,600327,600796-600146
2020-01-23,600707,000032-000919,600111
2020-02-03,600654,600143-600436-600966-000513-600584-600319-600114-600118-000989-600477,600325-600102-601999-600187-600079-600716-600841-600438-900948-600663
2020-02-04,_,_,_
2020-02-05,_,_,_
2020-02-06,_,_,_
2020-02-07,_,_,_
2020-02-10,_,600829-600488-000597,600221-600660-900917-601899
2020-02-11,000402-000912,600789-600829-000078-600080,600221-600179-600256-600635-600446-601899-600637-600650
2020-02-12,000402-000912-600707,600789-600877-000700-600168-000078,601088-600179-600276-600432-600256-600635-600111-600388
2020-02-13,_,_,_
2020-02-14,_,600586,600141
2020-02-17,_,600161,600268-600432
2020-02-18,_,_,600667-600792
2020-02-19,600215,_,600536
2020-02-20,_,_,_
2020-02-21,_,_,_
2020-02-24,_,000616-600258-600499,600421-601890-600371
2020-02-25,600705-000939-600078-600717,600960-600619-000510-600556-600133,600053-601007-600012-600688-600765-600965-600498-600110
2020-02-26,_,_,_
2020-02-27,_,600237-000953,600694-600133
2020-02-28,000100-600210-600887-000698-600854-600585-000709-600016-000708-000717,600360-600105-000540-000969-600667-000953-600512-600165-002023-600536,600448-601009-600340-600352-600168-600856-600725-900906-600308-600657
2020-03-02,600887,600237-600165,600630-600352-600460-900906-600133
2020-03-03,_,_,_
2020-03-04,600210,_,600389
2020-03-05,_,_,_
2020-03-06,600008,_,600969-600644
2020-03-09,000601-600724-600320-000425-600894,600425-600537-600322-600686,600699-900950-600545-600771-601390-600104-600348-600153-600080-600022
2020-03-10,600073-000927-600886-600009-000410-000858-000875,600302-600143-000881-600278-600505-600250-600378-600579-600853-600391,600694-600325-600109-600439-600386-600118-600354-600170-600703-600444
2020-03-11,_,000911-600579,600867-600386
2020-03-12,000822-600177-000709-600608-600009-600031-600350,600345-000428-600769-600312-600604-600172-600853-000701-600410-600391,600376-600699-600862-601688-600203-600109-600887-600847-600830-600549
2020-03-13,600500-000886-000709-000927-600207-600884-600035,600645-600966-600896-600168-600227-600579-600550-000876-600355-600318,600299-601727-900933-600097-600069-600386-600375-600841-600388-600873
2020-03-16,_,600896-000903-600830-600133,600184-600873-600498
2020-03-17,_,600289-600238-600189-600896-600677-600830-600130,600107-600550-600686-600623-600195-600804-600184-601168-600873
2020-03-18,_,600289-600189,600686-600804-600965
2020-03-19,_,000837-600683,600149-600211-600617-601989
2020-03-20,_,000502,601989
2020-03-23,600307-600591,600192-600550,601727-600125-600490-600458-600275-601989
2020-03-24,_,_,_
2020-03-25,_,_,_
2020-03-26,_,_,_
2020-03-27,_,_,600182
2020-03-30,_,600289-000019-000889,600686
2020-03-31,_,_,_
2020-04-01,_,600107,601001
2020-04-02,_,600191-600983,600312-600982
2020-04-03,_,_,_
2020-04-07,_,_,_
2020-04-08,_,_,_
2020-04-09,_,_,_
2020-04-10,_,600191-600983-000662-000687-600467,600312-600889-600982
2020-04-13,_,600191-000662-000903-600540,600369-600982-600695-600105
2020-04-14,_,600540,600985-600105
2020-04-15,_,000524-000889,_
2020-04-16,_,600209-000889,600718
2020-04-17,_,600209,600718
2020-04-20,_,000911,_
2020-04-21,_,_,_
2020-04-22,_,600898,_
2020-04-23,_,_,_
2020-04-24,000636,_,601005
2020-04-27,_,600225,600266
2020-04-28,_,600225-000019-600178,600499-600018-600690-600266-600333
2020-04-29,000763-000858-000921,_,600568-600018
2020-04-30,600839-600718,_,900955-601958
2020-05-06,_,_,_
2020-05-07,_,_,600578
2020-05-08,_,600622,600180
2020-05-11,_,_,_
2020-05-12,_,_,_
2020-05-13,_,_,_
2020-05-14,_,_,_
2020-05-15,_,_,_
2020-05-18,_,_,600793
2020-05-19,_,600119,600531
2020-05-20,_,600644,600165-600803
2020-05-21,_,_,_
2020-05-22,_,000616,600190-600173
2020-05-25,_,600071,600522-600976
2020-05-26,_,_,_
2020-05-27,_,600289,600686
2020-05-28,_,_,_
2020-05-29,000539,000551-600676,600808
2020-06-01,600795,_,600773
2020-06-02,_,600982,600481
2020-06-03,600519,600594,600854-601299
2020-06-04,000400,600992,600547-600290
2020-06-05,000970,_,_
2020-06-08,600006,000759-600828-600865,600757-600331-601098-600462
2020-06-09,_,600960-600828-600865,600757-600688-600222-601101-600462
2020-06-10,_,000155,_
2020-06-11,_,600861-000862,601799-600687
2020-06-12,600811-600269-600036-600309-600635,600861-600986,600724-600074-601799-600489-600551-600159-600803-600188-600785
2020-06-15,_,000504,_
2020-06-16,_,000504,_
2020-06-17,_,600655-600734,600052-600715
2020-06-18,_,600734,600029-600052-600008
2020-06-19,_,600824,600072-600628-600016-600871-600098
2020-06-22,_,600488-600824,600628-600660-600493
2020-06-23,_,600860,600219
2020-06-24,600078,000829-000548-000155,_
2020-06-29,_,000028,_
2020-06-30,_,600511,600088
2020-07-01,_,600898,_
2020-07-02,_,_,_
2020-07-03,_,600481,600338-600243-600315
2020-07-06,_,_,600077
2020-07-07,_,_,600701
2020-07-08,000960,600801-000906-600398-600325,600563-600033-600327-600610-600120
2020-07-09,000735-600058,_,_
2020-07-10,000031-600805,_,600805-600039-600132-600456
2020-07-13,000983-600188,000685,600321
2020-07-14,_,_,_
2020-07-15,_,_,600848-600101-600900
2020-07-16,600674-600653-600744,000153-600605-000525-600075-000006,600234-900912-600382-600467-600896-601101-600881
2020-07-17,000956-600031-000733-600868-000630,600827-600605-000540-600723-600702-600075-000627-000510,600890-600234-600838-900912-900941-600212-600640-600073-600881-600601
2020-07-20,_,000540-600119-600291-600052,600531-900907-600704-600226
2020-07-21,_,000524-600119,600531
2020-07-22,600210-600177,000599-600778,600389-601688-600560-600449-600282
2020-07-23,600895,_,600027
2020-07-24,_,_,_
2020-07-27,_,000421-000153,600157
2020-07-28,_,600178-000821,600499-600157
2020-07-29,_,_,_
2020-07-30,_,_,_
2020-07-31,_,_,_
2020-08-03,_,_,601919
2020-08-04,_,_,_
2020-08-05,600282,000032-600178-600529,601939-600694-600082-600499-600073
2020-08-06,_,000757,_
2020-08-07,000792,600279-000509-600683,600149-600631
2020-08-10,000792,000509-000762-600531-600981,601607-600372-600215
2020-08-11,_,_,600256
2020-08-12,600028,600511,600088-600747-600218-900919-600172-600280-600803-600797
2020-08-13,600028,600351-600086,601991-600322
2020-08-14,000488,600777,600143-600353-600710
2020-08-17,000959-600652,000524-600777-000692,600353-600099
2020-08-18,_,_,600537
2020-08-19,_,_,_
2020-08-20,600652,_,600747-600099-601718-600293
2020-08-21,_,_,600781-600280-600293
2020-08-24,_,_,_
2020-08-25,_,_,_
2020-08-26,_,600084,600468-600193
2020-08-27,000568,_,600691-600280-600113-600193
2020-08-28,000568,000755,600691
2020-08-31,_,_,_
2020-09-01,_,_,_
2020-09-02,_,_,_
2020-09-03,_,_,_
2020-09-04,_,600189-600828,600804-600757
2020-09-07,_,600983-600227,600299-600312
2020-09-08,_,600983-600145-600226,600312-601333-900916
2020-09-09,_,600469-600145-600226,601333-900916-600206-600255
2020-09-10,_,_,_
2020-09-11,_,600080,600009-600650
2020-09-14,_,_,600965
2020-09-15,_,600179,600684
2020-09-16,_,_,_
2020-09-17,_,_,600831-600711
2020-09-18,_,_,600831
2020-09-21,600718,_,601958
2020-09-22,_,_,_
2020-09-23,_,_,_
2020-09-24,_,000782,_
2020-09-25,_,000548-600172,600830
2020-09-28,000968,600481,600243
2020-09-29,_,_,_
2020-09-30,_,_,_
