date,signal,KWN_1MCurncy,NTN_1MCurncy
2007-08-17,-1,0,-32.705
2007-08-20,-1,29.4076764123072,-32.72
2007-08-21,-1,32.582750082489,-32.895
2007-08-22,-1,32.8298198226532,-32.87
2007-08-23,0,-0,0
2007-08-24,0,-0,0
2007-08-27,0,-0,0
2007-08-28,0,-0,0
2007-08-29,-1,32.9096697557756,-32.92
2007-08-30,0,-0,0
2007-08-31,0,-0,0
2007-09-03,0,-0,0
2007-09-04,0,-0,0
2007-09-05,0,-0,0
2007-09-06,0,-0,0
2007-09-07,0,-0,0
2007-09-10,0,-0,0
2007-09-11,0,-0,0
2007-09-12,-1,33.0108078337085,-33.025
2007-09-13,-1,33.005926705307,-33.02
2007-09-14,0,-0,0
2007-09-17,0,-0,0
2007-09-18,0,-0,0
2007-09-19,0,-0,0
2007-09-20,-1,32.9949475409992,-33.01
2007-09-21,1,-32.8232708679071,32.805
2007-09-24,0,-0,0
2007-09-25,0,-0,0
2007-09-26,0,-0,0
2007-09-27,1,-32.6252674259767,32.61
2007-09-28,0,-0,0
2007-10-01,0,-0,0
2007-10-02,0,-0,0
2007-10-03,0,-0,0
2007-10-04,0,-0,0
2007-10-05,0,-0,0
2007-10-08,0,-0,0
2007-10-09,0,-0,0
2007-10-10,1,-32.5090452129803,32.495
2007-10-11,0,-0,0
2007-10-12,0,-0,0
2007-10-15,0,-0,0
2007-10-16,-1,32.6199347263264,-32.63
2007-10-17,0,-0,0
2007-10-18,0,-0,0
2007-10-19,0,-0,0
2007-10-22,0,-0,0
2007-10-23,0,-0,0
2007-10-24,0,-0,0
2007-10-25,0,-0,0
2007-10-26,-1,32.2853301838892,-32.305
2007-10-29,0,-0,0
2007-10-30,-1,32.3178807464018,-32.33
2007-10-31,-1,32.3118355640712,-32.331
2007-11-01,1,-32.2942181176701,32.263
2007-11-02,0,-0,0
2007-11-05,0,-0,0
2007-11-06,-1,32.267789134423,-32.279
2007-11-07,0,-0,0
2007-11-08,0,-0,0
2007-11-09,0,-0,0
2007-11-12,1,-32.1867362154754,32.17
2007-11-13,0,-0,0
2007-11-14,1,-32.130454995251,32.118
2007-11-15,1,-32.1580647121683,32.143
2007-11-16,-1,32.2068166669157,-32.224
2007-11-19,0,-0,0
2007-11-20,0,-0,0
2007-11-21,1,-32.228915916365,32.199
2007-11-22,0,-0,0
2007-11-23,0,-0,0
2007-11-26,1,-32.1955690862715,32.185
2007-11-27,0,-0,0
2007-11-28,0,-0,0
2007-11-29,0,-0,0
2007-11-30,0,-0,0
2007-12-03,-1,32.1435261661157,-32.155
2007-12-04,0,-0,0
2007-12-05,0,-0,0
2007-12-06,0,-0,0
2007-12-07,0,-0,0
2007-12-10,1,-32.1854722419903,32.175
2007-12-11,1,-32.2501443869948,32.235
2007-12-12,-1,32.2214271369456,-32.235
2007-12-13,0,-0,0
2007-12-14,1,-32.3612074720768,32.35
2007-12-17,0,-0,0
2007-12-18,0,-0,0
2007-12-19,0,-0,0
2007-12-20,1,-32.4355685749876,32.415
2007-12-21,0,-0,0
2007-12-24,0,-0,0
2007-12-25,0,-0,0
2007-12-26,0,-0,0
2007-12-27,0,-0,0
2007-12-28,-1,32.3877233987132,-32.4
2007-12-31,0,-0,0
2008-01-01,0,-0,0
2008-01-02,1,-32.3486386339688,32.33
2008-01-03,0,-0,0
2008-01-04,1,-32.3959974264651,32.385
2008-01-07,0,-0,0
2008-01-08,0,-0,0
2008-01-09,0,-0,0
2008-01-10,0,-0,0
2008-01-11,0,-0,0
2008-01-14,1,-32.170410922294,32.15
2008-01-15,1,-32.0167232272718,32
2008-01-16,0,-0,0
2008-01-17,1,-32.1862504597374,32.17
2008-01-18,0,-0,0
2008-01-21,1,-32.3460433336654,32.335
2008-01-22,0,-0,0
2008-01-23,0,-0,0
2008-01-24,0,-0,0
2008-01-25,0,-0,0
2008-01-28,0,-0,0
2008-01-29,-1,32.1847701741465,-32.2
2008-01-30,0,-0,0
2008-01-31,1,-32.0327168383653,32.015
2008-02-01,1,-31.8495844990029,31.835
2008-02-04,0,-0,0
2008-02-05,1,-31.776052059314,31.76
2008-02-06,0,-0,0
2008-02-07,0,-0,0
2008-02-08,0,-0,0
2008-02-11,0,-0,0
2008-02-12,1,-31.5290554277596,31.51
2008-02-13,1,-31.4361011593178,31.425
2008-02-14,0,-0,0
2008-02-15,0,-0,0
2008-02-18,0,-0,0
2008-02-19,0,-0,0
2008-02-20,1,-31.39483303649,31.385
2008-02-21,1,-31.2219276233387,31.2
2008-02-22,1,-31.0509105419531,31.035
2008-02-25,1,-30.862522454206,30.845
2008-02-26,0,-0,0
2008-02-27,0,-0,0
2008-02-28,0,-0,0
2008-02-29,-1,30.6941667776627,-30.705
2008-03-03,0,-0,0
2008-03-04,1,-30.6490081686304,30.63
2008-03-05,0,-0,0
2008-03-06,1,-30.6291765127069,30.605
2008-03-07,1,-30.502541809968,30.49
2008-03-10,0,-0,0
2008-03-11,1,-30.3959507218145,30.365
2008-03-12,1,-30.4669940547442,30.445
2008-03-13,1,-30.418354526864,30.39
2008-03-14,1,-30.7422361829814,30.725
2008-03-17,1,-30.7343634316256,30.67
2008-03-18,0,-0,0
2008-03-19,-1,30.5148441582716,-30.525
2008-03-20,0,-0,0
2008-03-21,0,-0,0
2008-03-24,1,-29.6169678835236,29.6
2008-03-25,-1,29.6936027667409,-29.725
2008-03-26,0,-0,0
2008-03-27,-1,30.0156811096561,-30.03
2008-03-28,-1,30.2985848291913,-30.325
2008-03-31,0,-0,0
2008-04-01,0,-0,0
2008-04-02,-1,30.061534701017,-30.09
2008-04-03,-1,30.347747886908,-30.37
2008-04-04,0,-0,0
2008-04-07,0,-0,0
2008-04-08,0,-0,0
2008-04-09,1,-30.303307805665,30.285
2008-04-10,1,-30.0014539078864,29.98
2008-04-11,0,-0,0
2008-04-14,1,-30.084495335769,30.075
2008-04-15,1,-30.0945925081934,30.065
2008-04-16,0,-0,0
2008-04-17,1,-30.1062250290184,30.09
2008-04-18,-1,30.1955033566387,-30.21
2008-04-21,0,-0,0
2008-04-22,1,-30.1530233234682,30.135
2008-04-23,-1,30.1356410574118,-30.16
2008-04-24,0,-0,0
2008-04-25,0,-0,0
2008-04-28,0,-0,0
2008-04-29,1,-30.4220740219754,30.405
2008-04-30,0,-0,0
2008-05-01,0,-0,0
2008-05-02,1,-30.5013620168424,30.485
2008-05-05,0,-0,0
2008-05-06,1,-30.391675511366,30.375
2008-05-07,1,-30.6911375491431,30.67
2008-05-08,0,-0,0
2008-05-09,1,-30.7406126573607,30.72
2008-05-12,-1,30.7890034990349,-30.8
2008-05-13,0,-0,0
2008-05-14,0,-0,0
2008-05-15,1,-30.8486076408661,30.835
2008-05-16,0,-0,0
2008-05-19,1,-30.4670091567075,30.445
2008-05-20,1,-30.5347244401813,30.52
2008-05-21,-1,30.3333903612469,-30.345
2008-05-22,1,-30.2762568180291,30.265
2008-05-23,0,-0,0
2008-05-26,0,-0,0
2008-05-27,-1,30.461208311776,-30.49
2008-05-28,-1,30.4709513289373,-30.485
2008-05-29,0,-0,0
2008-05-30,0,-0,0
2008-06-02,1,-30.0356922186039,30.025
2008-06-03,-1,30.2261874035361,-30.26
2008-06-04,0,-0,0
2008-06-05,1,-30.3640171146885,30.355
2008-06-06,1,-30.3871159158784,30.37
2008-06-09,1,-30.2712290215844,30.255
2008-06-10,-1,30.3309666934587,-30.355
2008-06-11,0,-0,0
2008-06-12,0,-0,0
2008-06-13,1,-30.438923663934,30.42
2008-06-16,0,-0,0
2008-06-17,-1,30.1028877283409,-30.13
2008-06-18,0,-0,0
2008-06-19,0,-0,0
2008-06-20,1,-30.3297108103829,30.32
2008-06-23,1,-30.3561662331966,30.345
2008-06-24,-1,30.3306283875894,-30.34
2008-06-25,1,-30.2595015748681,30.24
2008-06-26,0,-0,0
2008-06-27,0,-0,0
2008-06-30,1,-30.3057968273491,30.295
2008-07-01,0,-0,0
2008-07-02,-1,30.3332807236939,-30.375
2008-07-03,1,-30.4232202499214,30.4
2008-07-04,1,-30.3725044137793,30.355
2008-07-07,-1,30.289872470105,-30.32
2008-07-08,-1,30.3002721385521,-30.33
2008-07-09,-1,30.2555131033756,-30.33
2008-07-10,-1,30.3857598337352,-30.395
2008-07-11,1,-30.3722822416307,30.36
2008-07-14,0,-0,0
2008-07-15,1,-30.3218118196681,30.31
2008-07-16,1,-30.2581424311465,30.245
2008-07-17,0,-0,0
2008-07-18,1,-30.2450781187795,30.235
2008-07-21,0,-0,0
2008-07-22,-1,30.2784046921273,-30.29
2008-07-23,-1,30.3277764412732,-30.345
2008-07-24,0,-0,0
2008-07-25,0,-0,0
2008-07-28,0,-0,0
2008-07-29,0,-0,0
2008-07-30,0,-0,0
2008-07-31,0,-0,0
2008-08-01,0,-0,0
2008-08-04,1,-30.7350192295646,30.725
2008-08-05,0,-0,0
2008-08-06,0,-0,0
2008-08-07,-1,31.1207971504311,-31.13
2008-08-08,0,-0,0
2008-08-11,1,-31.1382493603801,31.12
2008-08-12,1,-31.096474093234,31.08
2008-08-13,0,-0,0
2008-08-14,0,-0,0
2008-08-15,-1,31.4009347914838,-31.41
2008-08-18,1,-31.3460183013053,31.33
2008-08-19,1,-31.3461695766127,31.33
2008-08-20,-1,31.3954786160723,-31.41
2008-08-21,1,-31.308604445229,31.285
2008-08-22,1,-31.3977755707751,31.38
2008-08-25,1,-31.5102220609025,31.485
2008-08-26,1,-31.6846721328129,31.675
2008-08-27,0,-0,0
2008-08-28,0,-0,0
2008-08-29,1,-31.6152105515369,31.605
2008-09-01,1,-31.7370911738673,31.69
2008-09-02,1,-31.8665799328523,31.845
2008-09-03,1,-31.8978854728037,31.879
2008-09-04,-1,31.884408103911,-31.907
2008-09-05,0,-0,0
2008-09-08,-1,31.7241058586176,-31.759
2008-09-09,-1,31.8678901989289,-31.898
2008-09-10,-1,32.0377832946934,-32.059
2008-09-11,0,-0,0
2008-09-12,1,-31.9871200287543,31.947
2008-09-15,1,-32.1190975704652,32.101
2008-09-16,1,-32.1218947763733,32.071
2008-09-17,-1,32.131369371673,-32.162
2008-09-18,-1,32.1628303655152,-32.18
2008-09-19,-1,32.0127157497107,-32.022
2008-09-22,1,-31.8653851005517,31.819
2008-09-23,1,-31.8586856431681,31.841
2008-09-24,1,-31.89621353196,31.885
2008-09-25,0,-0,0
2008-09-26,1,-32.1482033989546,32.127
2008-09-29,1,-32.0714726753032,32.035
2008-09-30,0,-0,0
2008-10-01,1,-32.0940511279359,32.085
2008-10-02,1,-32.2409847551271,32.191
2008-10-03,-1,32.1317468336242,-32.14
2008-10-06,1,-32.622014851701,32.513
2008-10-07,1,-32.3696201517166,32.342
2008-10-08,1,-32.5232455008075,32.41
2008-10-09,-1,32.2641283553074,-32.303
2008-10-10,-1,32.2521528114993,-32.382
2008-10-13,-1,32.0421606784533,-32.145
2008-10-14,-1,32.2102601391135,-32.266
2008-10-15,1,-32.5088709897772,32.346
2008-10-16,1,-32.6247378937981,32.605
2008-10-17,-1,32.4912722891771,-32.539
2008-10-20,1,-32.5540508500161,32.527
2008-10-21,1,-32.8588679931216,32.803
2008-10-22,1,-33.2592883989655,33.198
2008-10-23,-1,33.3143957549176,-33.364
2008-10-24,0,-0,0
2008-10-27,1,-33.7451477463152,33.707
2008-10-28,-1,33.3375026276226,-33.389
2008-10-29,-1,33.1884596003486,-33.209
2008-10-30,-1,32.7018752723352,-32.775
2008-10-31,1,-32.9123852454989,32.899
2008-11-03,-1,32.5995679587411,-32.648
2008-11-04,-1,32.497536739552,-32.52
2008-11-05,1,-32.7901224451289,32.756
2008-11-06,1,-32.8440055625999,32.756
2008-11-07,-1,32.6839187046344,-32.704
2008-11-10,1,-32.8362802915467,32.827
2008-11-11,1,-32.9502589782555,32.938
2008-11-12,1,-33.1398841118123,33.108
2008-11-13,-1,33.2742308171424,-33.283
2008-11-14,1,-33.2176674036305,33.181
2008-11-17,0,-0,0
2008-11-18,1,-33.3049486548518,33.291
2008-11-19,1,-33.33796217685,33.3
2008-11-20,1,-33.5175567050156,33.501
2008-11-21,-1,33.2933864230441,-33.314
2008-11-24,1,-33.3402073792774,33.309
2008-11-25,-1,33.3526319000328,-33.363
2008-11-26,-1,33.2373101926237,-33.256
2008-11-27,-1,33.2219449520306,-33.233
2008-11-28,-1,33.3316831089817,-33.339
2008-12-01,1,-33.5357887949495,33.528
2008-12-02,-1,33.5048023695745,-33.535
2008-12-03,-1,33.6400796389785,-33.663
2008-12-04,1,-33.7082644463636,33.671
2008-12-05,0,-0,0
2008-12-08,-1,33.5763582990891,-33.613
2008-12-09,-1,33.5684132536858,-33.583
2008-12-10,-1,33.4114551984662,-33.466
2008-12-11,-1,33.2584358630772,-33.29
2008-12-12,1,-33.3978723816652,33.364
2008-12-15,1,-33.0458813458215,33.024
2008-12-16,-1,32.8036071338149,-32.854
2008-12-17,-1,32.4034112731477,-32.412
2008-12-18,1,-32.2804938624381,32.265
2008-12-19,-1,32.3782304117726,-32.391
2008-12-22,-1,32.9049446845681,-32.913
2008-12-23,1,-33.0700648781893,33.036
2008-12-24,-1,32.9581168253525,-33.025
2008-12-25,1,-33.0037515535659,32.987
2008-12-26,-1,32.9698629148882,-32.997
2008-12-29,-1,32.9076346025875,-32.95
2008-12-30,1,-32.7749797164767,32.655
2008-12-31,-1,32.7077495957753,-32.742
2009-01-01,1,-32.7948805664579,32.778
2009-01-02,-1,32.860632900827,-32.878
2009-01-05,-1,33.1027573131806,-33.117
2009-01-06,-1,33.0622213369761,-33.087
2009-01-07,1,-33.1224221904146,33.106
2009-01-08,0,-0,0
2009-01-09,1,-33.2882213193915,33.278
2009-01-12,1,-33.4300864834078,33.386
2009-01-13,-1,33.2991814927933,-33.324
2009-01-14,1,-33.3927517732485,33.384
2009-01-15,1,-33.5465659154153,33.538
2009-01-16,-1,33.4810438561325,-33.49
2009-01-19,0,-0,0
2009-01-20,-1,33.8892973714578,-33.901
2009-01-21,0,-0,0
2009-01-22,1,-33.696691861706,33.674
2009-01-23,1,-33.9660180155422,33.95
2009-01-26,0,-0,0
2009-01-27,-1,33.883276017585,-33.895
2009-01-28,-1,33.7411059618131,-33.77
2009-01-29,1,-33.8893525783094,33.87
2009-01-30,0,-0,0
2009-02-02,1,-33.9106697877378,33.89
2009-02-03,-1,33.7107469957299,-33.732
2009-02-04,0,-0,0
2009-02-05,1,-33.6052097249997,33.594
2009-02-06,-1,33.5850765935717,-33.601
2009-02-09,1,-33.6138028260493,33.601
2009-02-10,1,-34.1189362920478,34.094
2009-02-11,-1,34.0532452905094,-34.09
2009-02-12,1,-34.2495440168512,34.24
2009-02-13,0,-0,0
2009-02-16,1,-34.3800924152657,34.365
2009-02-17,1,-34.6835710452498,34.66
2009-02-18,1,-34.6816297670646,34.67
2009-02-19,1,-34.604122738486,34.593
2009-02-20,1,-34.9273599825325,34.913
2009-02-23,0,-0,0
2009-02-24,0,-0,0
2009-02-25,0,-0,0
2009-02-26,0,-0,0
2009-02-27,1,-35.1286312555605,35.113
2009-03-02,1,-35.3897476112797,35.361
2009-03-03,-1,35.1410208745138,-35.16
2009-03-04,-1,34.8116786159541,-34.819
2009-03-05,1,-34.9623441154838,34.925
2009-03-06,-1,34.6782082416553,-34.702
2009-03-09,0,-0,0
2009-03-10,-1,34.2937997914176,-34.326
2009-03-11,-1,34.3044708356769,-34.321
2009-03-12,-1,34.4308848145111,-34.441
2009-03-13,0,-0,0
2009-03-16,-1,34.1156588814773,-34.164
2009-03-17,-1,34.117903013128,-34.137
2009-03-18,-1,34.0864196501877,-34.115
2009-03-19,1,-33.709825121922,33.682
2009-03-20,1,-33.7043571992357,33.687
2009-03-23,-1,33.5843957874301,-33.612
2009-03-24,0,-0,0
2009-03-25,-1,33.7258818406184,-33.759
2009-03-26,-1,33.5921245933523,-33.636
2009-03-27,1,-33.8423154791261,33.813
2009-03-30,1,-34.1646297017191,34.102
2009-03-31,-1,33.8204302529166,-33.862
2009-04-01,-1,33.7419365945157,-33.764
2009-04-02,0,-0,0
2009-04-03,0,-0,0
2009-04-06,0,-0,0
2009-04-07,-1,33.5210976640118,-33.536
2009-04-08,1,-33.7872389338081,33.78
2009-04-09,-1,33.6095155587553,-33.652
2009-04-10,1,-33.6424096856852,33.618
2009-04-13,-1,33.5532286031641,-33.564
2009-04-14,0,-0,0
2009-04-15,0,-0,0
2009-04-16,0,-0,0
2009-04-17,0,-0,0
2009-04-20,1,-34.0738149699938,34.045
2009-04-21,-1,33.7710433685765,-33.786
2009-04-22,0,-0,0
2009-04-23,0,-0,0
2009-04-24,0,-0,0
2009-04-27,1,-33.6640476090452,33.638
2009-04-28,0,-0,0
2009-04-29,-1,33.2030577989991,-33.225
2009-04-30,-1,32.5950905974195,-32.607
2009-05-01,0,-0,0
2009-05-04,-1,32.7470311013597,-32.8
2009-05-05,0,-0,0
2009-05-06,0,-0,0
2009-05-07,-1,32.9218918799266,-32.933
2009-05-08,-1,32.720599980278,-32.751
2009-05-11,1,-32.7869321538647,32.751
2009-05-12,-1,32.7055765049798,-32.73
2009-05-13,1,-32.7949562118678,32.781
2009-05-14,1,-32.7876800095392,32.773
2009-05-15,1,-32.8481258685815,32.84
2009-05-18,-1,32.7528058440068,-32.792
2009-05-19,0,-0,0
2009-05-20,0,-0,0
2009-05-21,1,-32.4313482652735,32.417
2009-05-22,0,-0,0
2009-05-25,1,-32.4745735497178,32.466
2009-05-26,1,-32.5548278352048,32.544
2009-05-27,1,-32.369131599521,32.328
2009-05-28,-1,32.2976332161211,-32.33
2009-05-29,0,-0,0
2009-06-01,-1,31.8821959686697,-31.897
2009-06-02,-1,32.1871191690333,-32.205
2009-06-03,0,-0,0
2009-06-04,0,-0,0
2009-06-05,0,-0,0
2009-06-08,-1,32.8858017036708,-32.896
2009-06-09,0,-0,0
2009-06-10,1,-32.6090514424739,32.602
2009-06-11,-1,32.5364839964803,-32.546
2009-06-12,0,-0,0
2009-06-15,0,-0,0
2009-06-16,1,-32.752907054286,32.744
2009-06-17,0,-0,0
2009-06-18,0,-0,0
2009-06-19,0,-0,0
2009-06-22,1,-32.8946639026816,32.884
2009-06-23,0,-0,0
2009-06-24,0,-0,0
2009-06-25,0,-0,0
2009-06-26,0,-0,0
2009-06-29,0,-0,0
2009-06-30,0,-0,0
2009-07-01,-1,32.5408239335615,-32.559
2009-07-02,1,-32.8276164201376,32.82
2009-07-03,0,-0,0
2009-07-06,-1,32.9436644031872,-32.954
2009-07-07,1,-32.948177928239,32.94
2009-07-08,0,-0,0
2009-07-09,0,-0,0
2009-07-10,1,-33.063070906104,33.052
2009-07-13,1,-33.1918168676178,33.176
2009-07-14,-1,33.0688495473552,-33.079
2009-07-15,-1,32.8370873118244,-32.857
2009-07-16,-1,32.8492711163532,-32.862
2009-07-17,0,-0,0
2009-07-20,-1,32.6074718373368,-32.622
2009-07-21,1,-32.6420402316524,32.632
2009-07-22,0,-0,0
2009-07-23,0,-0,0
2009-07-24,0,-0,0
2009-07-27,-1,32.7401493562773,-32.759
2009-07-28,0,-0,0
2009-07-29,0,-0,0
2009-07-30,-1,32.7117041080939,-32.723
2009-07-31,-1,32.6416283802582,-32.657
2009-08-03,-1,32.5804261326163,-32.589
2009-08-04,1,-32.5556366908257,32.547
2009-08-05,0,-0,0
2009-08-06,0,-0,0
2009-08-07,-1,32.7154584913412,-32.724
2009-08-10,1,-32.7896640234731,32.775
2009-08-11,1,-32.891719560994,32.876
2009-08-12,0,-0,0
2009-08-13,-1,32.8049097579318,-32.82
2009-08-14,0,-0,0
2009-08-17,1,-33.0365316182133,33
2009-08-18,-1,32.9376981856585,-32.963
2009-08-19,0,-0,0
2009-08-20,-1,32.8971666691416,-32.911
2009-08-21,1,-32.7958585586616,32.783
2009-08-24,0,-0,0
2009-08-25,1,-32.8627752578071,32.852
2009-08-26,0,-0,0
2009-08-27,0,-0,0
2009-08-28,0,-0,0
2009-08-31,0,-0,0
2009-09-01,0,-0,0
2009-09-02,0,-0,0
2009-09-03,0,-0,0
2009-09-04,-1,32.7973188430899,-32.809
2009-09-07,0,-0,0
2009-09-08,0,-0,0
2009-09-09,0,-0,0
2009-09-10,0,-0,0
2009-09-11,0,-0,0
2009-09-14,0,-0,0
2009-09-15,-1,32.5035635930129,-32.525
2009-09-16,0,-0,0
2009-09-17,1,-32.2545152368268,32.247
2009-09-18,0,-0,0
2009-09-21,0,-0,0
2009-09-22,0,-0,0
2009-09-23,-1,32.2470119764575,-32.257
2009-09-24,0,-0,0
2009-09-25,-1,32.3017210526874,-32.315
2009-09-28,0,-0,0
2009-09-29,0,-0,0
2009-09-30,0,-0,0
2009-10-01,0,-0,0
2009-10-02,-1,32.0070613218641,-32.025
2009-10-05,-1,31.9040591799743,-31.913
2009-10-06,0,-0,0
2009-10-07,0,-0,0
2009-10-08,-1,31.8111437678612,-31.822
2009-10-09,0,-0,0
2009-10-12,0,-0,0
2009-10-13,0,-0,0
2009-10-14,-1,31.9929846354964,-32.017
2009-10-15,0,-0,0
2009-10-16,1,-32.1832135694308,32.165
2009-10-19,-1,32.1466428028925,-32.156
2009-10-20,1,-32.3597755314167,32.347
2009-10-21,0,-0,0
2009-10-22,0,-0,0
2009-10-23,0,-0,0
2009-10-26,0,-0,0
2009-10-27,1,-32.4273696621877,32.42
2009-10-28,1,-32.4868670588864,32.468
2009-10-29,-1,32.3726795935461,-32.398
2009-10-30,0,-0,0
2009-11-02,0,-0,0
2009-11-03,0,-0,0
2009-11-04,-1,32.3877471228387,-32.398
2009-11-05,0,-0,0
2009-11-06,-1,32.3469513657953,-32.359
2009-11-09,-1,32.1314423474374,-32.145
2009-11-10,0,-0,0
2009-11-11,0,-0,0
2009-11-12,1,-32.2743560902653,32.263
2009-11-13,1,-31.9532556240625,31.944
2009-11-16,0,-0,0
2009-11-17,0,-0,0
2009-11-18,0,-0,0
2009-11-19,0,-0,0
2009-11-20,0,-0,0
2009-11-23,0,-0,0
2009-11-24,0,-0,0
2009-11-25,0,-0,0
2009-11-26,1,-32.266512049062,32.255
2009-11-27,1,-32.2441745121916,32.23
2009-11-30,-1,32.1706938388841,-32.18
2009-12-01,-1,32.0718481493832,-32.081
2009-12-02,0,-0,0
2009-12-03,-1,32.0123691251558,-32.024
2009-12-04,0,-0,0
2009-12-07,0,-0,0
2009-12-08,1,-32.1905492006716,32.183
2009-12-09,0,-0,0
2009-12-10,0,-0,0
2009-12-11,1,-32.0066413068812,31.991
2009-12-14,-1,32.1407232883463,-32.162
2009-12-15,0,-0,0
2009-12-16,0,-0,0
2009-12-17,1,-32.3231963930873,32.292
2009-12-18,0,-0,0
2009-12-21,0,-0,0
2009-12-22,0,-0,0
2009-12-23,0,-0,0
2009-12-24,0,-0,0
2009-12-25,0,-0,0
2009-12-28,-1,32.1566166260896,-32.172
2009-12-29,0,-0,0
2009-12-30,0,-0,0
2009-12-31,1,-31.5499397657339,31.525
2010-01-01,0,-0,0
2010-01-04,-1,31.4957774476292,-31.518
2010-01-05,-1,31.6897866970338,-31.72
2010-01-06,-1,31.6733087248,-31.695
2010-01-07,1,-31.7695944860647,31.76
2010-01-08,-1,31.6802059045418,-31.703
2010-01-11,0,-0,0
2010-01-12,0,-0,0
2010-01-13,0,-0,0
2010-01-14,0,-0,0
2010-01-15,0,-0,0
2010-01-18,0,-0,0
2010-01-19,0,-0,0
2010-01-20,1,-31.9176936573866,31.901
2010-01-21,1,-31.9301524964675,31.922
2010-01-22,0,-0,0
2010-01-25,0,-0,0
2010-01-26,1,-32.0115330149819,31.994
2010-01-27,0,-0,0
2010-01-28,0,-0,0
2010-01-29,1,-31.8986491716395,31.881
2010-02-01,-1,31.9842060418657,-31.996
2010-02-02,-1,31.9222035277585,-31.933
2010-02-03,1,-31.8773123921481,31.868
2010-02-04,1,-32.0335598067867,32.007
2010-02-05,0,-0,0
2010-02-08,0,-0,0
2010-02-09,-1,31.9394243335687,-31.958
2010-02-10,0,-0,0
2010-02-11,-1,31.9314269659519,-31.944
2010-02-12,1,-31.9707147332867,31.963
2010-02-15,0,-0,0
2010-02-16,-1,31.8586664794377,-31.87
2010-02-17,0,-0,0
2010-02-18,1,-31.8776909325171,31.87
2010-02-19,0,-0,0
2010-02-22,0,-0,0
2010-02-23,1,-31.9897391065162,31.977
2010-02-24,0,-0,0
2010-02-25,1,-32.039060969905,32.025
2010-02-26,-1,31.9498209178932,-31.962
2010-03-01,0,-0,0
2010-03-02,-1,31.9341329815696,-31.947
2010-03-03,0,-0,0
2010-03-04,0,-0,0
2010-03-05,0,-0,0
2010-03-08,0,-0,0
2010-03-09,0,-0,0
2010-03-10,0,-0,0
2010-03-11,0,-0,0
2010-03-12,0,-0,0
2010-03-15,0,-0,0
2010-03-16,0,-0,0
2010-03-17,0,-0,0
2010-03-18,1,-31.6923179993806,31.684
2010-03-19,0,-0,0
2010-03-22,0,-0,0
2010-03-23,0,-0,0
2010-03-24,1,-31.7389974584952,31.73
2010-03-25,1,-31.7396067334256,31.73
2010-03-26,-1,31.7918816475208,-31.806
2010-03-29,-1,31.6740453898268,-31.686
2010-03-30,0,-0,0
2010-03-31,0,-0,0
2010-04-01,-1,31.604734865116,-31.616
2010-04-02,0,-0,0
2010-04-05,0,-0,0
2010-04-06,0,-0,0
2010-04-07,0,-0,0
2010-04-08,0,-0,0
2010-04-09,0,-0,0
2010-04-12,0,-0,0
2010-04-13,0,-0,0
2010-04-14,0,-0,0
2010-04-15,0,-0,0
2010-04-16,0,-0,0
2010-04-19,0,-0,0
2010-04-20,0,-0,0
2010-04-21,-1,31.2599747023453,-31.27
2010-04-22,0,-0,0
2010-04-23,0,-0,0
2010-04-26,0,-0,0
2010-04-27,1,-31.3610407898647,31.346
2010-04-28,-1,31.4201978797203,-31.431
2010-04-29,0,-0,0
2010-04-30,0,-0,0
2010-05-03,0,-0,0
2010-05-04,1,-31.4292610984303,31.402
2010-05-05,0,-0,0
2010-05-06,1,-31.6519370700425,31.61
2010-05-07,-1,31.5940877959009,-31.614
2010-05-10,-1,31.3683867528415,-31.398
2010-05-11,0,-0,0
2010-05-12,0,-0,0
2010-05-13,0,-0,0
2010-05-14,1,-31.5687242209663,31.549
2010-05-17,0,-0,0
2010-05-18,1,-31.778691313702,31.766
2010-05-19,0,-0,0
2010-05-20,1,-32.2571436659016,32.2
2010-05-21,1,-32.072821765885,32.058
2010-05-24,1,-32.0390383639803,32.024
2010-05-25,1,-32.341917235604,32.319
2010-05-26,-1,32.2407809296786,-32.251
2010-05-27,-1,31.8911026193565,-31.917
2010-05-28,0,-0,0
2010-05-31,-1,31.9046128093353,-31.92
2010-06-01,1,-32.2034253177076,32.187
2010-06-02,-1,32.1558870094229,-32.19
2010-06-03,0,-0,0
2010-06-04,1,-32.2183656862109,32.195
2010-06-07,1,-32.4249061581525,32.407
2010-06-08,0,-0,0
2010-06-09,1,-32.4048616864194,32.385
2010-06-10,-1,32.3440959142276,-32.358
2010-06-11,1,-32.3113792542271,32.301
2010-06-14,-1,32.1281629746675,-32.159
2010-06-15,-1,32.1816141424051,-32.203
2010-06-16,0,-0,0
2010-06-17,0,-0,0
2010-06-18,-1,32.0528345226937,-32.075
2010-06-21,0,-0,0
2010-06-22,1,-31.7717497604257,31.761
2010-06-23,-1,31.9779441446449,-31.993
2010-06-24,1,-31.9407974146734,31.916
2010-06-25,0,-0,0
2010-06-28,0,-0,0
2010-06-29,1,-32.2174929555751,32.182
2010-06-30,0,-0,0
2010-07-01,-1,32.1841269068917,-32.203
2010-07-02,1,-32.2385348272044,32.225
2010-07-05,0,-0,0
2010-07-06,-1,32.1244771655995,-32.139
2010-07-07,0,-0,0
2010-07-08,-1,32.0824594605835,-32.093
2010-07-09,-1,32.0079124190043,-32.023
2010-07-12,0,-0,0
2010-07-13,-1,32.1589877233891,-32.17
2010-07-14,0,-0,0
2010-07-15,0,-0,0
2010-07-16,1,-32.1702818200386,32.144
2010-07-19,0,-0,0
2010-07-20,-1,32.0947158170284,-32.111
2010-07-21,0,-0,0
2010-07-22,-1,32.1423182815486,-32.16
2010-07-23,0,-0,0
2010-07-26,-1,32.0338046560784,-32.047
2010-07-27,0,-0,0
2010-07-28,1,-32.0254420938141,32.013
2010-07-29,0,-0,0
2010-07-30,-1,31.915042710781,-31.924
2010-08-02,-1,31.7637437854043,-31.78
2010-08-03,0,-0,0
2010-08-04,-1,31.7870533813133,-31.797
2010-08-05,0,-0,0
2010-08-06,-1,31.6237009351795,-31.638
2010-08-09,1,-31.6269501078112,31.618
2010-08-10,0,-0,0
2010-08-11,1,-31.9075680041178,31.875
2010-08-12,-1,31.897108944,-31.906
2010-08-13,0,-0,0
2010-08-16,0,-0,0
2010-08-17,-1,31.8584510150418,-31.875
2010-08-18,0,-0,0
2010-08-19,0,-0,0
2010-08-20,1,-31.9171255293204,31.906
2010-08-23,0,-0,0
2010-08-24,1,-32.0264767972843,32.016
2010-08-25,1,-32.0316974311762,32.019
2010-08-26,-1,31.9744224731065,-31.983
2010-08-27,0,-0,0
2010-08-30,0,-0,0
2010-08-31,0,-0,0
2010-09-01,-1,31.9865500380863,-32.014
2010-09-02,0,-0,0
2010-09-03,0,-0,0
2010-09-06,0,-0,0
2010-09-07,0,-0,0
2010-09-08,-1,31.8996752781513,-31.915
2010-09-09,0,-0,0
2010-09-10,0,-0,0
2010-09-13,0,-0,0
2010-09-14,0,-0,0
2010-09-15,0,-0,0
2010-09-16,1,-31.707417905496,31.7
2010-09-17,0,-0,0
2010-09-20,0,-0,0
2010-09-21,0,-0,0
2010-09-22,0,-0,0
2010-09-23,0,-0,0
2010-09-24,0,-0,0
2010-09-27,0,-0,0
2010-09-28,0,-0,0
2010-09-29,0,-0,0
2010-09-30,0,-0,0
2010-10-01,0,-0,0
2010-10-04,0,-0,0
2010-10-05,0,-0,0
2010-10-06,0,-0,0
2010-10-07,1,-30.6750142247864,30.66
2010-10-08,-1,30.7566770170788,-30.781
2010-10-11,1,-30.7212888207659,30.708
2010-10-12,0,-0,0
2010-10-13,-1,30.726757169899,-30.743
2010-10-14,0,-0,0
2010-10-15,0,-0,0
2010-10-18,0,-0,0
2010-10-19,1,-30.9107037411838,30.877
2010-10-20,-1,30.7889682342552,-30.816
2010-10-21,1,-30.7208049770145,30.697
2010-10-22,-1,30.7641165380495,-30.781
2010-10-25,1,-30.3855850544435,30.373
2010-10-26,0,-0,0
2010-10-27,0,-0,0
2010-10-28,-1,30.5806884406167,-30.594
2010-10-29,0,-0,0
2010-11-01,0,-0,0
2010-11-02,-1,30.4026903473006,-30.413
2010-11-03,-1,30.3447825999061,-30.354
2010-11-04,1,-30.1566355008588,30.148
2010-11-05,1,-30.1584119642891,30.147
2010-11-08,1,-30.2201039929045,30.212
2010-11-09,1,-30.0917976532543,30.079
2010-11-10,-1,30.1384997113224,-30.16
2010-11-11,1,-30.0883617350996,30.08
2010-11-12,1,-30.2168605425369,30.189
2010-11-15,0,-0,0
2010-11-16,0,-0,0
2010-11-17,0,-0,0
2010-11-18,-1,30.3355748366928,-30.345
2010-11-19,0,-0,0
2010-11-22,0,-0,0
2010-11-23,1,-30.524905213947,30.47
2010-11-24,-1,30.4147264073439,-30.452
2010-11-25,0,-0,0
2010-11-26,1,-30.4946208379977,30.469
2010-11-29,0,-0,0
2010-11-30,-1,30.4666656339865,-30.477
2010-12-01,-1,30.3896705667128,-30.411
2010-12-02,0,-0,0
2010-12-03,-1,30.2568988426911,-30.276
2010-12-06,1,-30.1548883807595,30.139
2010-12-07,1,-30.0804152925457,30.073
2010-12-08,0,-0,0
2010-12-09,0,-0,0
2010-12-10,0,-0,0
2010-12-13,1,-29.9659269430592,29.958
2010-12-14,1,-29.8618050787935,29.85
2010-12-15,1,-29.8303703348221,29.793
2010-12-16,-1,29.8108924537592,-29.823
2010-12-17,1,-29.8724079812454,29.865
2010-12-20,-1,29.9060275442118,-29.919
2010-12-21,1,-29.8389890367161,29.828
2010-12-22,-1,29.8602171554036,-29.877
2010-12-23,0,-0,0
2010-12-24,1,-29.6002040119695,29.59
2010-12-27,1,-29.3312389554346,29.314
2010-12-28,-1,29.4208827342929,-29.438
2010-12-29,0,-0,0
2010-12-30,0,-0,0
2010-12-31,0,-0,0
2011-01-03,0,-0,0
2011-01-04,0,-0,0
2011-01-05,-1,29.1790448687333,-29.189
2011-01-06,-1,29.306853966411,-29.318
2011-01-07,0,-0,0
2011-01-10,0,-0,0
2011-01-11,0,-0,0
2011-01-12,0,-0,0
2011-01-13,0,-0,0
2011-01-14,0,-0,0
2011-01-17,0,-0,0
2011-01-18,0,-0,0
2011-01-19,0,-0,0
2011-01-20,0,-0,0
2011-01-21,0,-0,0
2011-01-24,0,-0,0
2011-01-25,0,-0,0
2011-01-26,0,-0,0
2011-01-27,-1,28.985395631714,-28.996
2011-01-28,1,-28.9973730925016,28.985
2011-01-31,0,-0,0
2011-02-01,-1,28.8406665951139,-28.863
2011-02-02,0,-0,0
2011-02-03,0,-0,0
2011-02-04,0,-0,0
2011-02-07,0,-0,0
2011-02-08,0,-0,0
2011-02-09,1,-28.7629715255929,28.75
2011-02-10,0,-0,0
2011-02-11,-1,29.1450388302497,-29.165
2011-02-14,0,-0,0
2011-02-15,0,-0,0
2011-02-16,-1,29.2567777538751,-29.269
2011-02-17,0,-0,0
2011-02-18,0,-0,0
2011-02-21,1,-29.3128490210841,29.305
2011-02-22,0,-0,0
2011-02-23,0,-0,0
2011-02-24,-1,29.8090873835535,-29.826
2011-02-25,0,-0,0
2011-02-28,1,-29.5785511305704,29.565
2011-03-01,1,-29.5015609775572,29.492
2011-03-02,-1,29.5861146389299,-29.601
2011-03-03,0,-0,0
2011-03-04,1,-29.2982067442829,29.287
2011-03-07,0,-0,0
2011-03-08,0,-0,0
2011-03-09,0,-0,0
2011-03-10,0,-0,0
2011-03-11,0,-0,0
2011-03-14,1,-29.4436414748661,29.434
2011-03-15,1,-29.555385036017,29.544
2011-03-16,0,-0,0
2011-03-17,0,-0,0
2011-03-18,-1,29.4617578518722,-29.471
2011-03-21,-1,29.4048685248329,-29.414
2011-03-22,0,-0,0
2011-03-23,0,-0,0
2011-03-24,-1,29.4214771233351,-29.431
2011-03-25,0,-0,0
2011-03-28,0,-0,0
2011-03-29,-1,29.4081065746965,-29.418
2011-03-30,-1,29.3876473823786,-29.403
2011-03-31,0,-0,0
2011-04-01,-1,29.0997429521019,-29.11
2011-04-04,1,-28.9708752288633,28.958
2011-04-05,0,-0,0
2011-04-06,0,-0,0
2011-04-07,0,-0,0
2011-04-08,0,-0,0
2011-04-11,0,-0,0
2011-04-12,0,-0,0
2011-04-13,0,-0,0
2011-04-14,-1,29.0154395676117,-29.026
2011-04-15,0,-0,0
2011-04-18,0,-0,0
2011-04-19,0,-0,0
2011-04-20,0,-0,0
2011-04-21,0,-0,0
2011-04-22,0,-0,0
2011-04-25,0,-0,0
2011-04-26,0,-0,0
2011-04-27,0,-0,0
2011-04-28,0,-0,0
2011-04-29,0,-0,0
2011-05-02,0,-0,0
2011-05-03,0,-0,0
2011-05-04,1,-28.6114496226427,28.6
2011-05-05,1,-28.6996137182334,28.683
2011-05-06,-1,28.5782012707442,-28.591
2011-05-09,-1,28.5685843756106,-28.578
2011-05-10,0,-0,0
2011-05-11,1,-28.4655128141935,28.448
2011-05-12,0,-0,0
2011-05-13,0,-0,0
2011-05-16,0,-0,0
2011-05-17,-1,28.8798117392497,-28.895
2011-05-18,0,-0,0
2011-05-19,0,-0,0
2011-05-20,0,-0,0
2011-05-23,0,-0,0
2011-05-24,0,-0,0
2011-05-25,0,-0,0
2011-05-26,0,-0,0
2011-05-27,-1,28.7512113878446,-28.761
2011-05-30,0,-0,0
2011-05-31,0,-0,0
2011-06-01,1,-28.5709541366407,28.557
2011-06-02,-1,28.6593787024971,-28.679
2011-06-03,0,-0,0
2011-06-06,1,-28.6307782138076,28.615
2011-06-07,-1,28.6254572219647,-28.636
2011-06-08,0,-0,0
2011-06-09,-1,28.7583972342184,-28.77
2011-06-10,0,-0,0
2011-06-13,0,-0,0
2011-06-14,0,-0,0
2011-06-15,0,-0,0
2011-06-16,0,-0,0
2011-06-17,-1,28.8803325886152,-28.897
2011-06-20,0,-0,0
2011-06-21,0,-0,0
2011-06-22,0,-0,0
2011-06-23,0,-0,0
2011-06-24,1,-28.8735043554077,28.861
2011-06-27,0,-0,0
2011-06-28,0,-0,0
2011-06-29,0,-0,0
2011-06-30,0,-0,0
2011-07-01,0,-0,0
2011-07-04,0,-0,0
2011-07-05,0,-0,0
2011-07-06,0,-0,0
2011-07-07,-1,28.7248045364307,-28.736
2011-07-08,0,-0,0
2011-07-11,0,-0,0
2011-07-12,0,-0,0
2011-07-13,-1,28.7650689933851,-28.776
2011-07-14,0,-0,0
2011-07-15,0,-0,0
2011-07-18,0,-0,0
2011-07-19,0,-0,0
2011-07-20,0,-0,0
2011-07-21,0,-0,0
2011-07-22,0,-0,0
2011-07-25,0,-0,0
2011-07-26,0,-0,0
2011-07-27,0,-0,0
2011-07-28,0,-0,0
2011-07-29,0,-0,0
2011-08-01,0,-0,0
2011-08-02,0,-0,0
2011-08-03,0,-0,0
2011-08-04,1,-28.9978970315705,28.968
2011-08-05,-1,29.0245307091585,-29.051
2011-08-08,1,-29.1141845205253,29.067
2011-08-09,-1,28.9217576477976,-28.938
2011-08-10,1,-28.9304382294237,28.915
2011-08-11,-1,28.759535416988,-28.775
2011-08-12,0,-0,0
2011-08-15,-1,28.7079523264945,-28.719
2011-08-16,0,-0,0
2011-08-17,0,-0,0
2011-08-18,1,-28.9166976188519,28.9
2011-08-19,0,-0,0
2011-08-22,0,-0,0
2011-08-23,-1,28.8110093316019,-28.826
2011-08-24,0,-0,0
2011-08-25,0,-0,0
2011-08-26,-1,28.9746596528274,-28.993
2011-08-29,0,-0,0
2011-08-30,0,-0,0
2011-08-31,0,-0,0
2011-09-01,0,-0,0
2011-09-02,0,-0,0
2011-09-05,0,-0,0
2011-09-06,0,-0,0
2011-09-07,0,-0,0
2011-09-08,0,-0,0
2011-09-09,1,-29.3366336051195,29.325
2011-09-12,1,-29.4697046801456,29.45
2011-09-13,-1,29.556752577361,-29.575
2011-09-14,0,-0,0
2011-09-15,0,-0,0
2011-09-16,0,-0,0
2011-09-19,1,-29.8704003358021,29.837
2011-09-20,1,-29.8630005065454,29.855
2011-09-21,1,-30.1653949579347,30.145
2011-09-22,1,-30.7258936813854,30.705
2011-09-23,-1,30.2365427805417,-30.265
2011-09-26,0,-0,0
2011-09-27,0,-0,0
2011-09-28,0,-0,0
2011-09-29,-1,30.502705370711,-30.515
2011-09-30,1,-30.662764468984,30.645
2011-10-03,0,-0,0
2011-10-04,0,-0,0
2011-10-05,0,-0,0
2011-10-06,0,-0,0
2011-10-07,0,-0,0
2011-10-10,-1,30.2039824543146,-30.215
2011-10-11,0,-0,0
2011-10-12,-1,30.2339547857364,-30.255
2011-10-13,0,-0,0
2011-10-14,0,-0,0
2011-10-17,0,-0,0
2011-10-18,-1,30.1166942944255,-30.13
2011-10-19,-1,30.1249481424642,-30.14
2011-10-20,1,-30.3037723455773,30.295
2011-10-21,0,-0,0
2011-10-24,-1,30.0487423724802,-30.07
2011-10-25,0,-0,0
2011-10-26,0,-0,0
2011-10-27,-1,29.7715144264724,-29.81
2011-10-28,0,-0,0
2011-10-31,1,-29.9586750652858,29.945
2011-11-01,1,-30.2301627701594,30.22
2011-11-02,0,-0,0
2011-11-03,-1,30.0571503327522,-30.07
2011-11-04,0,-0,0
2011-11-07,0,-0,0
2011-11-08,0,-0,0
2011-11-09,1,-30.2531653633731,30.24
2011-11-10,1,-30.1773272578274,30.165
2011-11-11,-1,30.0930970491471,-30.11
2011-11-14,0,-0,0
2011-11-15,0,-0,0
2011-11-16,1,-30.2312514422186,30.22
2011-11-17,0,-0,0
2011-11-18,0,-0,0
2011-11-21,1,-30.3363198477694,30.32
2011-11-22,0,-0,0
2011-11-23,0,-0,0
2011-11-24,1,-30.4659681056896,30.45
2011-11-25,1,-30.4973084901812,30.49
2011-11-28,-1,30.3371641213674,-30.35
2011-11-29,-1,30.2769556076364,-30.29
2011-11-30,-1,30.1117456006031,-30.14
2011-12-01,1,-30.1136702003322,30.105
2011-12-02,0,-0,0
2011-12-05,0,-0,0
2011-12-06,0,-0,0
2011-12-07,0,-0,0
2011-12-08,1,-30.2561782744438,30.24
2011-12-09,0,-0,0
2011-12-12,1,-30.3626175826935,30.335
2011-12-13,0,-0,0
2011-12-14,0,-0,0
2011-12-15,-1,30.2956864828965,-30.305
2011-12-16,0,-0,0
2011-12-19,1,-30.4026562299921,30.375
2011-12-20,-1,30.1890633504075,-30.21
2011-12-21,-1,30.2470649369304,-30.26
2011-12-22,0,-0,0
2011-12-23,0,-0,0
2011-12-26,0,-0,0
2011-12-27,0,-0,0
2011-12-28,0,-0,0
2011-12-29,0,-0,0
2011-12-30,1,-30.27773258782,30.27
2012-01-02,-1,30.3158496396956,-30.33
2012-01-03,-1,30.2255530670097,-30.24
2012-01-04,0,-0,0
2012-01-05,1,-30.2927612955078,30.285
2012-01-06,1,-30.1668071686262,30.15
2012-01-09,0,-0,0
2012-01-10,1,-29.8532585749816,29.845
2012-01-11,1,-29.8002977663649,29.79
2012-01-12,-1,29.7877516571005,-29.8
2012-01-13,-1,29.8798313079823,-29.89
2012-01-16,0,-0,0
2012-01-17,-1,29.8747126266731,-29.885
2012-01-18,0,-0,0
2012-01-19,0,-0,0
2012-01-20,-1,29.887368174065,-29.9
2012-01-23,0,-0,0
2012-01-24,1,-29.8581895289115,29.85
2012-01-25,-1,29.7657832454585,-29.78
2012-01-26,0,-0,0
2012-01-27,0,-0,0
2012-01-30,0,-0,0
2012-01-31,0,-0,0
2012-02-01,0,-0,0
2012-02-02,0,-0,0
2012-02-03,0,-0,0
2012-02-06,0,-0,0
2012-02-07,0,-0,0
2012-02-08,0,-0,0
2012-02-09,0,-0,0
2012-02-10,0,-0,0
2012-02-13,0,-0,0
2012-02-14,0,-0,0
2012-02-15,0,-0,0
2012-02-16,0,-0,0
2012-02-17,0,-0,0
2012-02-20,0,-0,0
2012-02-21,0,-0,0
2012-02-22,0,-0,0
2012-02-23,0,-0,0
2012-02-24,0,-0,0
2012-02-27,0,-0,0
2012-02-28,0,-0,0
2012-02-29,0,-0,0
2012-03-01,0,-0,0
2012-03-02,0,-0,0
2012-03-05,0,-0,0
2012-03-06,1,-29.5936061066308,29.58
2012-03-07,0,-0,0
2012-03-08,-1,29.4376732611612,-29.45
2012-03-09,1,-29.3995222833617,29.39
2012-03-12,0,-0,0
2012-03-13,0,-0,0
2012-03-14,1,-29.5915410153016,29.58
2012-03-15,-1,29.5044594324127,-29.515
2012-03-16,0,-0,0
2012-03-19,0,-0,0
2012-03-20,0,-0,0
2012-03-21,0,-0,0
2012-03-22,0,-0,0
2012-03-23,1,-29.572346865344,29.565
2012-03-26,0,-0,0
2012-03-27,0,-0,0
2012-03-28,0,-0,0
2012-03-29,0,-0,0
2012-03-30,0,-0,0
2012-04-02,0,-0,0
2012-04-03,0,-0,0
2012-04-04,0,-0,0
2012-04-05,0,-0,0
2012-04-06,0,-0,0
2012-04-09,1,-29.5474126286627,29.54
2012-04-10,1,-29.5384161814631,29.525
2012-04-11,0,-0,0
2012-04-12,-1,29.4043462307142,-29.415
2012-04-13,0,-0,0
2012-04-16,0,-0,0
2012-04-17,0,-0,0
2012-04-18,1,-29.4982448579179,29.49
2012-04-19,0,-0,0
2012-04-20,0,-0,0
2012-04-23,0,-0,0
2012-04-24,0,-0,0
2012-04-25,0,-0,0
2012-04-26,0,-0,0
2012-04-27,0,-0,0
2012-04-30,0,-0,0
2012-05-01,0,-0,0
2012-05-02,0,-0,0
2012-05-03,0,-0,0
2012-05-04,0,-0,0
2012-05-07,0,-0,0
2012-05-08,0,-0,0
2012-05-09,1,-29.3231287240549,29.315
2012-05-10,0,-0,0
2012-05-11,0,-0,0
2012-05-14,0,-0,0
2012-05-15,0,-0,0
2012-05-16,1,-29.6462993438277,29.635
2012-05-17,0,-0,0
2012-05-18,0,-0,0
2012-05-21,0,-0,0
2012-05-22,0,-0,0
2012-05-23,1,-29.5555502777346,29.545
2012-05-24,0,-0,0
2012-05-25,0,-0,0
2012-05-28,0,-0,0
2012-05-29,0,-0,0
2012-05-30,0,-0,0
2012-05-31,0,-0,0
2012-06-01,0,-0,0
2012-06-04,-1,29.9759168885394,-29.985
2012-06-05,0,-0,0
2012-06-06,0,-0,0
2012-06-07,0,-0,0
2012-06-08,0,-0,0
2012-06-11,0,-0,0
2012-06-12,-1,29.9355986102035,-29.945
2012-06-13,0,-0,0
2012-06-14,0,-0,0
2012-06-15,0,-0,0
2012-06-18,0,-0,0
2012-06-19,-1,29.8049951860161,-29.815
2012-06-20,0,-0,0
2012-06-21,0,-0,0
2012-06-22,0,-0,0
2012-06-25,0,-0,0
2012-06-26,0,-0,0
2012-06-27,0,-0,0
2012-06-28,0,-0,0
2012-06-29,-1,29.7437474988144,-29.765
2012-07-02,0,-0,0
2012-07-03,-1,29.7963518045723,-29.81
2012-07-04,0,-0,0
2012-07-05,-1,29.8406556238867,-29.85
2012-07-06,1,-29.9435450459037,29.935
2012-07-09,0,-0,0
2012-07-10,0,-0,0
2012-07-11,0,-0,0
2012-07-12,1,-30.0469734255891,30.035
2012-07-13,0,-0,0
2012-07-16,0,-0,0
2012-07-17,0,-0,0
2012-07-18,0,-0,0
2012-07-19,0,-0,0
2012-07-20,0,-0,0
2012-07-23,0,-0,0
2012-07-24,0,-0,0
2012-07-25,0,-0,0
2012-07-26,0,-0,0
2012-07-27,0,-0,0
2012-07-30,0,-0,0
2012-07-31,0,-0,0
2012-08-01,0,-0,0
2012-08-02,0,-0,0
2012-08-03,-1,29.8751406286371,-29.885
2012-08-06,0,-0,0
2012-08-07,0,-0,0
2012-08-08,0,-0,0
2012-08-09,0,-0,0
2012-08-10,0,-0,0
2012-08-13,0,-0,0
2012-08-14,0,-0,0
2012-08-15,0,-0,0
2012-08-16,0,-0,0
2012-08-17,0,-0,0
2012-08-20,0,-0,0
2012-08-21,0,-0,0
2012-08-22,0,-0,0
2012-08-23,0,-0,0
2012-08-24,0,-0,0
2012-08-27,0,-0,0
2012-08-28,0,-0,0
2012-08-29,0,-0,0
2012-08-30,0,-0,0
2012-08-31,0,-0,0
2012-09-03,0,-0,0
2012-09-04,1,-29.8229797893298,29.815
2012-09-05,0,-0,0
2012-09-06,0,-0,0
2012-09-07,0,-0,0
2012-09-10,0,-0,0
2012-09-11,0,-0,0
2012-09-12,0,-0,0
2012-09-13,0,-0,0
2012-09-14,0,-0,0
2012-09-17,0,-0,0
2012-09-18,0,-0,0
2012-09-19,0,-0,0
2012-09-20,0,-0,0
2012-09-21,0,-0,0
2012-09-24,0,-0,0
2012-09-25,0,-0,0
2012-09-26,0,-0,0
2012-09-27,0,-0,0
2012-09-28,0,-0,0
2012-10-01,0,-0,0
2012-10-02,0,-0,0
2012-10-03,0,-0,0
2012-10-04,0,-0,0
2012-10-05,0,-0,0
2012-10-08,0,-0,0
2012-10-09,0,-0,0
2012-10-10,0,-0,0
2012-10-11,0,-0,0
2012-10-12,0,-0,0
2012-10-15,0,-0,0
2012-10-16,0,-0,0
2012-10-17,0,-0,0
2012-10-18,0,-0,0
2012-10-19,0,-0,0
2012-10-22,0,-0,0
2012-10-23,0,-0,0
2012-10-24,0,-0,0
2012-10-25,-1,29.1732268907518,-29.185
2012-10-26,0,-0,0
2012-10-29,0,-0,0
2012-10-30,0,-0,0
2012-10-31,0,-0,0
2012-11-01,0,-0,0
2012-11-02,0,-0,0
2012-11-05,0,-0,0
2012-11-06,0,-0,0
2012-11-07,0,-0,0
2012-11-08,0,-0,0
2012-11-09,0,-0,0
2012-11-12,0,-0,0
2012-11-13,0,-0,0
2012-11-14,0,-0,0
2012-11-15,0,-0,0
2012-11-16,-1,29.0837158067332,-29.095
2012-11-19,0,-0,0
2012-11-20,0,-0,0
2012-11-21,0,-0,0
2012-11-22,0,-0,0
2012-11-23,0,-0,0
2012-11-26,0,-0,0
2012-11-27,0,-0,0
2012-11-28,0,-0,0
2012-11-29,0,-0,0
2012-11-30,0,-0,0
2012-12-03,0,-0,0
2012-12-04,0,-0,0
2012-12-05,0,-0,0
2012-12-06,0,-0,0
2012-12-07,0,-0,0
2012-12-10,0,-0,0
2012-12-11,0,-0,0
2012-12-12,0,-0,0
2012-12-13,0,-0,0
2012-12-14,0,-0,0
2012-12-17,0,-0,0
2012-12-18,0,-0,0
2012-12-19,0,-0,0
2012-12-20,0,-0,0
2012-12-21,0,-0,0
2012-12-24,0,-0,0
2012-12-25,0,-0,0
2012-12-26,0,-0,0
2012-12-27,0,-0,0
2012-12-28,0,-0,0
2012-12-31,0,-0,0
2013-01-01,0,-0,0
2013-01-02,0,-0,0
2013-01-03,0,-0,0
2013-01-04,0,-0,0
2013-01-07,0,-0,0
2013-01-08,0,-0,0
2013-01-09,0,-0,0
2013-01-10,0,-0,0
2013-01-11,0,-0,0
2013-01-14,0,-0,0
2013-01-15,0,-0,0
2013-01-16,0,-0,0
2013-01-17,0,-0,0
2013-01-18,0,-0,0
2013-01-21,0,-0,0
2013-01-22,0,-0,0
2013-01-23,0,-0,0
2013-01-24,0,-0,0
2013-01-25,0,-0,0
2013-01-28,0,-0,0
2013-01-29,-1,29.4082023985662,-29.42
2013-01-30,0,-0,0
2013-01-31,0,-0,0
2013-02-01,0,-0,0
2013-02-04,0,-0,0
2013-02-05,0,-0,0
2013-02-06,0,-0,0
2013-02-07,0,-0,0
2013-02-08,-1,29.7396903878282,-29.75
2013-02-11,0,-0,0
2013-02-12,-1,29.7037654976243,-29.715
2013-02-13,0,-0,0
2013-02-14,0,-0,0
2013-02-15,0,-0,0
2013-02-18,0,-0,0
2013-02-19,0,-0,0
2013-02-20,0,-0,0
2013-02-21,0,-0,0
2013-02-22,0,-0,0
2013-02-25,0,-0,0
2013-02-26,0,-0,0
2013-02-27,0,-0,0
2013-02-28,0,-0,0
2013-03-01,0,-0,0
2013-03-04,0,-0,0
2013-03-05,0,-0,0
2013-03-06,0,-0,0
2013-03-07,0,-0,0
2013-03-08,1,-29.6950372044626,29.68
2013-03-11,0,-0,0
2013-03-12,0,-0,0
2013-03-13,0,-0,0
2013-03-14,1,-29.6943748396326,29.685
2013-03-15,0,-0,0
2013-03-18,0,-0,0
2013-03-19,0,-0,0
2013-03-20,0,-0,0
2013-03-21,0,-0,0
2013-03-22,0,-0,0
2013-03-25,0,-0,0
2013-03-26,0,-0,0
2013-03-27,0,-0,0
2013-03-28,0,-0,0
2013-03-29,0,-0,0
2013-04-01,0,-0,0
2013-04-02,1,-29.8673343200491,29.855
2013-04-03,0,-0,0
2013-04-04,0,-0,0
2013-04-05,1,-29.9708739043334,29.95
2013-04-08,0,-0,0
2013-04-09,0,-0,0
2013-04-10,-1,29.9404319702275,-29.95
2013-04-11,0,-0,0
2013-04-12,0,-0,0
2013-04-15,-1,29.922841009988,-29.94
2013-04-16,-1,29.8035926228224,-29.815
2013-04-17,1,-29.8590561014331,29.85
2013-04-18,0,-0,0
2013-04-19,0,-0,0
2013-04-22,0,-0,0
2013-04-23,0,-0,0
2013-04-24,0,-0,0
2013-04-25,0,-0,0
2013-04-26,0,-0,0
2013-04-29,0,-0,0
2013-04-30,-1,29.4545410881406,-29.465
2013-05-01,0,-0,0
2013-05-02,0,-0,0
2013-05-03,0,-0,0
2013-05-06,0,-0,0
2013-05-07,-1,29.4948874673388,-29.51
2013-05-08,0,-0,0
2013-05-09,1,-29.4976186923425,29.485
2013-05-10,1,-29.748358218123,29.74
2013-05-13,0,-0,0
2013-05-14,0,-0,0
2013-05-15,0,-0,0
2013-05-16,-1,30.0400648534953,-30.05
2013-05-17,1,-30.0797935042226,30.07
2013-05-20,0,-0,0
2013-05-21,0,-0,0
2013-05-22,0,-0,0
2013-05-23,0,-0,0
2013-05-24,1,-29.957250296213,29.95
2013-05-27,0,-0,0
2013-05-28,0,-0,0
2013-05-29,0,-0,0
2013-05-30,0,-0,0
2013-05-31,0,-0,0
2013-06-03,-1,29.8556614875451,-29.868
2013-06-04,0,-0,0
2013-06-05,0,-0,0
2013-06-06,-1,29.6698399239343,-29.68
2013-06-07,1,-29.7391351120998,29.725
2013-06-10,0,-0,0
2013-06-11,1,-29.8575007147821,29.85
2013-06-12,0,-0,0
2013-06-13,0,-0,0
2013-06-14,0,-0,0
2013-06-17,0,-0,0
2013-06-18,0,-0,0
2013-06-19,1,-29.8890380948954,29.875
2013-06-20,0,-0,0
2013-06-21,0,-0,0
2013-06-24,0,-0,0
2013-06-25,0,-0,0
2013-06-26,0,-0,0
2013-06-27,-1,29.9962762276453,-30.01
2013-06-28,0,-0,0
2013-07-01,-1,29.9556115540955,-29.975
2013-07-02,0,-0,0
2013-07-03,0,-0,0
2013-07-04,0,-0,0
2013-07-05,1,-30.1819437010174,30.165
2013-07-08,0,-0,0
2013-07-09,0,-0,0
2013-07-10,0,-0,0
2013-07-11,-1,29.7904898264649,-29.802
2013-07-12,0,-0,0
2013-07-15,0,-0,0
2013-07-16,0,-0,0
2013-07-17,0,-0,0
2013-07-18,0,-0,0
2013-07-19,0,-0,0
2013-07-22,0,-0,0
2013-07-23,0,-0,0
2013-07-24,0,-0,0
2013-07-25,0,-0,0
2013-07-26,0,-0,0
2013-07-29,0,-0,0
2013-07-30,0,-0,0
2013-07-31,0,-0,0
2013-08-01,1,-30.073511269135,30.065
2013-08-02,0,-0,0
2013-08-05,0,-0,0
2013-08-06,0,-0,0
2013-08-07,0,-0,0
2013-08-08,0,-0,0
2013-08-09,0,-0,0
2013-08-12,0,-0,0
2013-08-13,0,-0,0
2013-08-14,0,-0,0
2013-08-15,0,-0,0
2013-08-16,0,-0,0
2013-08-19,0,-0,0
2013-08-20,0,-0,0
2013-08-21,0,-0,0
2013-08-22,0,-0,0
2013-08-23,0,-0,0
2013-08-26,0,-0,0
2013-08-27,0,-0,0
2013-08-28,0,-0,0
2013-08-29,0,-0,0
2013-08-30,0,-0,0
2013-09-02,0,-0,0
2013-09-03,0,-0,0
2013-09-04,-1,29.6271786075544,-29.645
2013-09-05,0,-0,0
2013-09-06,-1,29.6449211759727,-29.655
2013-09-09,0,-0,0
2013-09-10,0,-0,0
2013-09-11,0,-0,0
2013-09-12,0,-0,0
2013-09-13,0,-0,0
2013-09-16,0,-0,0
2013-09-17,0,-0,0
2013-09-18,0,-0,0
2013-09-19,0,-0,0
2013-09-20,0,-0,0
2013-09-23,-1,29.4640335310287,-29.475
2013-09-24,0,-0,0
2013-09-25,0,-0,0
2013-09-26,0,-0,0
2013-09-27,0,-0,0
2013-09-30,0,-0,0
2013-10-01,0,-0,0
2013-10-02,0,-0,0
2013-10-03,1,-29.3028906288643,29.295
2013-10-04,0,-0,0
2013-10-07,0,-0,0
2013-10-08,0,-0,0
2013-10-09,0,-0,0
2013-10-10,0,-0,0
2013-10-11,0,-0,0
2013-10-14,0,-0,0
2013-10-15,0,-0,0
2013-10-16,0,-0,0
2013-10-17,-1,29.2669379035053,-29.28
2013-10-18,0,-0,0
2013-10-21,0,-0,0
2013-10-22,0,-0,0
2013-10-23,0,-0,0
2013-10-24,1,-29.3091535010605,29.3
2013-10-25,0,-0,0
2013-10-28,0,-0,0
2013-10-29,0,-0,0
2013-10-30,0,-0,0
2013-10-31,0,-0,0
2013-11-01,0,-0,0
2013-11-04,0,-0,0
2013-11-05,0,-0,0
2013-11-06,0,-0,0
2013-11-07,0,-0,0
2013-11-08,0,-0,0
2013-11-11,1,-29.526435094578,29.515
2013-11-12,0,-0,0
2013-11-13,0,-0,0
2013-11-14,0,-0,0
2013-11-15,-1,29.4879498014116,-29.5
2013-11-18,0,-0,0
2013-11-19,0,-0,0
2013-11-20,0,-0,0
2013-11-21,0,-0,0
2013-11-22,0,-0,0
2013-11-25,0,-0,0
2013-11-26,0,-0,0
2013-11-27,0,-0,0
2013-11-28,0,-0,0
2013-11-29,0,-0,0
2013-12-02,0,-0,0
2013-12-03,0,-0,0
2013-12-04,0,-0,0
2013-12-05,0,-0,0
2013-12-06,0,-0,0
2013-12-09,0,-0,0
2013-12-10,0,-0,0
2013-12-11,0,-0,0
2013-12-12,0,-0,0
2013-12-13,0,-0,0
2013-12-16,0,-0,0
2013-12-17,0,-0,0
2013-12-18,0,-0,0
2013-12-19,0,-0,0
2013-12-20,0,-0,0
2013-12-23,0,-0,0
2013-12-24,0,-0,0
2013-12-25,0,-0,0
2013-12-26,0,-0,0
2013-12-27,0,-0,0
2013-12-30,0,-0,0
2013-12-31,0,-0,0
2014-01-01,0,-0,0
2014-01-02,0,-0,0
2014-01-03,0,-0,0
2014-01-06,1,-30.0867474526804,30.075
2014-01-07,0,-0,0
2014-01-08,0,-0,0
2014-01-09,0,-0,0
2014-01-10,0,-0,0
2014-01-13,0,-0,0
2014-01-14,0,-0,0
2014-01-15,0,-0,0
2014-01-16,0,-0,0
2014-01-17,0,-0,0
2014-01-20,0,-0,0
2014-01-21,0,-0,0
2014-01-22,0,-0,0
2014-01-23,1,-30.2666759429566,30.255
2014-01-24,1,-30.2760948697749,30.255
2014-01-27,-1,30.3168351508705,-30.335
2014-01-28,0,-0,0
2014-01-29,0,-0,0
2014-01-30,0,-0,0
2014-01-31,0,-0,0
2014-02-03,1,-30.342601058806,30.335
2014-02-04,-1,30.2422849060036,-30.26
2014-02-05,0,-0,0
2014-02-06,0,-0,0
2014-02-07,0,-0,0
2014-02-10,0,-0,0
2014-02-11,-1,30.2553717844015,-30.27
2014-02-12,0,-0,0
2014-02-13,0,-0,0
2014-02-14,0,-0,0
2014-02-17,0,-0,0
2014-02-18,0,-0,0
2014-02-19,0,-0,0
2014-02-20,1,-30.338121236701,30.33
2014-02-21,0,-0,0
2014-02-24,-1,30.3107624224852,-30.325
2014-02-25,0,-0,0
2014-02-26,0,-0,0
2014-02-27,0,-0,0
2014-02-28,0,-0,0
2014-03-03,0,-0,0
2014-03-04,0,-0,0
2014-03-05,0,-0,0
2014-03-06,-1,30.1792057882479,-30.19
2014-03-07,0,-0,0
2014-03-10,0,-0,0
2014-03-11,0,-0,0
2014-03-12,0,-0,0
2014-03-13,0,-0,0
2014-03-14,0,-0,0
2014-03-17,0,-0,0
2014-03-18,0,-0,0
2014-03-19,0,-0,0
2014-03-20,0,-0,0
2014-03-21,0,-0,0
2014-03-24,0,-0,0
2014-03-25,0,-0,0
2014-03-26,0,-0,0
2014-03-27,-1,30.4591196077814,-30.475
2014-03-28,0,-0,0
2014-03-31,0,-0,0
2014-04-01,0,-0,0
2014-04-02,0,-0,0
2014-04-03,0,-0,0
2014-04-04,0,-0,0
2014-04-07,0,-0,0
2014-04-08,0,-0,0
2014-04-09,-1,29.9137266218444,-29.93
2014-04-10,0,-0,0
2014-04-11,0,-0,0
2014-04-14,0,-0,0
2014-04-15,0,-0,0
2014-04-16,0,-0,0
2014-04-17,0,-0,0
2014-04-18,0,-0,0
2014-04-21,0,-0,0
2014-04-22,0,-0,0
2014-04-23,0,-0,0
2014-04-24,0,-0,0
2014-04-25,0,-0,0
2014-04-28,-1,30.1895729324714,-30.2
2014-04-29,0,-0,0
2014-04-30,0,-0,0
2014-05-01,0,-0,0
2014-05-02,0,-0,0
2014-05-05,0,-0,0
2014-05-06,0,-0,0
2014-05-07,0,-0,0
2014-05-08,0,-0,0
2014-05-09,0,-0,0
2014-05-12,0,-0,0
2014-05-13,0,-0,0
2014-05-14,1,-30.1324245310077,30.115
2014-05-15,0,-0,0
2014-05-16,0,-0,0
2014-05-19,0,-0,0
2014-05-20,0,-0,0
2014-05-21,0,-0,0
2014-05-22,0,-0,0
2014-05-23,0,-0,0
2014-05-26,0,-0,0
2014-05-27,0,-0,0
2014-05-28,0,-0,0
2014-05-29,0,-0,0
2014-05-30,0,-0,0
2014-06-02,0,-0,0
2014-06-03,0,-0,0
2014-06-04,0,-0,0
2014-06-05,0,-0,0
2014-06-06,0,-0,0
2014-06-09,0,-0,0
2014-06-10,0,-0,0
2014-06-11,0,-0,0
2014-06-12,0,-0,0
2014-06-13,0,-0,0
2014-06-16,0,-0,0
2014-06-17,0,-0,0
2014-06-18,0,-0,0
2014-06-19,0,-0,0
2014-06-20,0,-0,0
2014-06-23,0,-0,0
2014-06-24,0,-0,0
2014-06-25,0,-0,0
2014-06-26,0,-0,0
2014-06-27,0,-0,0
2014-06-30,0,-0,0
2014-07-01,0,-0,0
2014-07-02,0,-0,0
2014-07-03,0,-0,0
2014-07-04,0,-0,0
2014-07-07,0,-0,0
2014-07-08,0,-0,0
2014-07-09,0,-0,0
2014-07-10,0,-0,0
2014-07-11,1,-29.9659355443833,29.955
2014-07-14,0,-0,0
2014-07-15,1,-30.0533059206797,30.042
2014-07-16,0,-0,0
2014-07-17,0,-0,0
2014-07-18,0,-0,0
2014-07-21,0,-0,0
2014-07-22,0,-0,0
2014-07-23,0,-0,0
2014-07-24,1,-29.9431673646847,29.93
2014-07-25,0,-0,0
2014-07-28,0,-0,0
2014-07-29,0,-0,0
2014-07-30,0,-0,0
2014-07-31,0,-0,0
2014-08-01,0,-0,0
2014-08-04,0,-0,0
2014-08-05,0,-0,0
2014-08-06,0,-0,0
2014-08-07,0,-0,0
2014-08-08,-1,29.9875584337858,-30
2014-08-11,0,-0,0
2014-08-12,0,-0,0
2014-08-13,0,-0,0
2014-08-14,-1,29.9403328572047,-29.96
2014-08-15,0,-0,0
2014-08-18,0,-0,0
2014-08-19,0,-0,0
2014-08-20,0,-0,0
2014-08-21,0,-0,0
2014-08-22,0,-0,0
2014-08-25,0,-0,0
2014-08-26,0,-0,0
2014-08-27,0,-0,0
2014-08-28,0,-0,0
2014-08-29,0,-0,0
2014-09-01,0,-0,0
2014-09-02,0,-0,0
2014-09-03,1,-29.8889030496232,29.88
2014-09-04,0,-0,0
2014-09-05,0,-0,0
2014-09-08,1,-29.9627616300797,29.955
2014-09-09,1,-29.9702328759918,29.96
2014-09-10,0,-0,0
2014-09-11,0,-0,0
2014-09-12,0,-0,0
2014-09-15,0,-0,0
2014-09-16,-1,30.1155728817179,-30.127
2014-09-17,0,-0,0
2014-09-18,1,-30.26866978086,30.26
2014-09-19,0,-0,0
2014-09-22,0,-0,0
2014-09-23,0,-0,0
2014-09-24,0,-0,0
2014-09-25,0,-0,0
2014-09-26,0,-0,0
2014-09-29,0,-0,0
2014-09-30,1,-30.4237383457966,30.415
2014-10-01,0,-0,0
2014-10-02,0,-0,0
2014-10-03,1,-30.5100726871307,30.495
2014-10-06,0,-0,0
2014-10-07,0,-0,0
2014-10-08,1,-30.3353172831425,30.327
2014-10-09,0,-0,0
2014-10-10,0,-0,0
2014-10-13,-1,30.3836293630507,-30.4
2014-10-14,0,-0,0
2014-10-15,0,-0,0
2014-10-16,0,-0,0
2014-10-17,0,-0,0
2014-10-20,-1,30.3204866527881,-30.333
2014-10-21,0,-0,0
2014-10-22,0,-0,0
2014-10-23,1,-30.3949272693924,30.385
2014-10-24,0,-0,0
2014-10-27,-1,30.3501608519369,-30.363
2014-10-28,-1,30.3490921884636,-30.361
2014-10-29,1,-30.3643543985497,30.35
2014-10-30,0,-0,0
2014-10-31,1,-30.5073012966064,30.473
2014-11-03,1,-30.5480649073417,30.533
2014-11-04,0,-0,0
2014-11-05,1,-30.6061061989715,30.59
2014-11-06,0,-0,0
2014-11-07,-1,30.5863915315928,-30.6
2014-11-10,0,-0,0
2014-11-11,1,-30.5941290909715,30.583
2014-11-12,0,-0,0
2014-11-13,0,-0,0
2014-11-14,0,-0,0
2014-11-17,0,-0,0
2014-11-18,0,-0,0
2014-11-19,1,-30.941985816633,30.93
2014-11-20,0,-0,0
2014-11-21,0,-0,0
2014-11-24,0,-0,0
2014-11-25,0,-0,0
2014-11-26,-1,30.876178754399,-30.89
2014-11-27,0,-0,0
2014-11-28,1,-31.0272504070824,31.013
2014-12-01,0,-0,0
2014-12-02,0,-0,0
2014-12-03,0,-0,0
2014-12-04,0,-0,0
2014-12-05,0,-0,0
2014-12-08,-1,31.1047849695514,-31.115
2014-12-09,-1,31.1109853638835,-31.13
2014-12-10,-1,31.1606401439209,-31.171
2014-12-11,0,-0,0
2014-12-12,-1,31.3436676286831,-31.356
2014-12-15,0,-0,0
2014-12-16,-1,31.1900048677091,-31.23
2014-12-17,1,-31.3078632991181,31.276
2014-12-18,-1,31.3832949792755,-31.394
2014-12-19,0,-0,0
2014-12-22,0,-0,0
2014-12-23,0,-0,0
2014-12-24,0,-0,0
2014-12-25,0,-0,0
2014-12-26,-1,31.6940084440231,-31.705
2014-12-29,0,-0,0
2014-12-30,0,-0,0
2014-12-31,0,-0,0
2015-01-01,0,-0,0
2015-01-02,1,-31.7867690935407,31.765
2015-01-05,-1,32.0552773510205,-32.07
2015-01-06,-1,31.990239541861,-32.011
2015-01-07,0,-0,0
2015-01-08,0,-0,0
2015-01-09,-1,31.889414449786,-31.909
2015-01-12,0,-0,0
2015-01-13,0,-0,0
2015-01-14,1,-31.8102060081394,31.8
2015-01-15,0,-0,0
2015-01-16,1,-31.4613258241291,31.439
2015-01-19,0,-0,0
2015-01-20,0,-0,0
2015-01-21,0,-0,0
2015-01-22,0,-0,0
2015-01-23,0,-0,0
2015-01-26,0,-0,0
2015-01-27,1,-31.0853887607929,31.074
2015-01-28,0,-0,0
2015-01-29,0,-0,0
2015-01-30,0,-0,0
2015-02-02,0,-0,0
2015-02-03,0,-0,0
2015-02-04,-1,31.4646591126941,-31.475
2015-02-05,0,-0,0
2015-02-06,1,-31.6774286545266,31.67
2015-02-09,0,-0,0
2015-02-10,0,-0,0
2015-02-11,1,-31.6262538847188,31.612
2015-02-12,1,-31.3418379547064,31.333
2015-02-13,0,-0,0
2015-02-16,0,-0,0
2015-02-17,0,-0,0
2015-02-18,0,-0,0
2015-02-19,0,-0,0
2015-02-20,0,-0,0
2015-02-23,0,-0,0
2015-02-24,0,-0,0
2015-02-25,0,-0,0
2015-02-26,0,-0,0
2015-02-27,0,-0,0
2015-03-02,0,-0,0
2015-03-03,0,-0,0
2015-03-04,0,-0,0
2015-03-05,0,-0,0
2015-03-06,1,-31.6300815588131,31.62
2015-03-09,1,-31.5747317292144,31.563
2015-03-10,0,-0,0
2015-03-11,1,-31.767141121893,31.76
2015-03-12,0,-0,0
2015-03-13,1,-31.754809712193,31.74
2015-03-16,-1,31.6599602530194,-31.67
2015-03-17,0,-0,0
2015-03-18,-1,31.2486709920521,-31.265
2015-03-19,0,-0,0
2015-03-20,0,-0,0
2015-03-23,-1,31.2196299878359,-31.23
2015-03-24,0,-0,0
2015-03-25,0,-0,0
2015-03-26,0,-0,0
2015-03-27,0,-0,0
2015-03-30,0,-0,0
2015-03-31,0,-0,0
2015-04-01,-1,31.197247993566,-31.22
2015-04-02,0,-0,0
2015-04-03,0,-0,0
2015-04-06,0,-0,0
2015-04-07,1,-31.0041974396472,30.997
2015-04-08,-1,31.0550423808584,-31.065
2015-04-09,0,-0,0
2015-04-10,0,-0,0
2015-04-13,1,-31.3487586169078,31.34
2015-04-14,-1,31.2169715568311,-31.23
2015-04-15,0,-0,0
2015-04-16,0,-0,0
2015-04-17,0,-0,0
2015-04-20,0,-0,0
2015-04-21,0,-0,0
2015-04-22,0,-0,0
2015-04-23,0,-0,0
2015-04-24,1,-30.7189789645257,30.708
2015-04-27,0,-0,0
2015-04-28,-1,30.4234108658411,-30.435
2015-04-29,1,-30.4330989088091,30.421
2015-04-30,0,-0,0
2015-05-01,0,-0,0
2015-05-04,0,-0,0
2015-05-05,0,-0,0
2015-05-06,0,-0,0
2015-05-07,1,-30.8079216209167,30.795
2015-05-08,0,-0,0
2015-05-11,1,-30.8371927308119,30.83
2015-05-12,0,-0,0
2015-05-13,0,-0,0
2015-05-14,0,-0,0
2015-05-15,0,-0,0
2015-05-18,1,-30.4415664857551,30.431
2015-05-19,0,-0,0
2015-05-20,0,-0,0
2015-05-21,0,-0,0
2015-05-22,0,-0,0
2015-05-25,0,-0,0
2015-05-26,1,-30.6610923990074,30.654
2015-05-27,0,-0,0
2015-05-28,0,-0,0
2015-05-29,0,-0,0
2015-06-01,0,-0,0
2015-06-02,-1,30.7742333803572,-30.785
2015-06-03,0,-0,0
2015-06-04,0,-0,0
2015-06-05,0,-0,0
2015-06-08,-1,31.0782766377413,-31.088
2015-06-09,0,-0,0
2015-06-10,0,-0,0
2015-06-11,0,-0,0
2015-06-12,0,-0,0
2015-06-15,1,-30.8782782767494,30.87
2015-06-16,0,-0,0
2015-06-17,0,-0,0
2015-06-18,0,-0,0
2015-06-19,0,-0,0
2015-06-22,0,-0,0
2015-06-23,0,-0,0
2015-06-24,0,-0,0
2015-06-25,0,-0,0
2015-06-26,1,-30.99129941587,30.975
2015-06-29,0,-0,0
2015-06-30,0,-0,0
2015-07-01,0,-0,0
2015-07-02,0,-0,0
2015-07-03,0,-0,0
2015-07-06,0,-0,0
2015-07-07,0,-0,0
2015-07-08,0,-0,0
2015-07-09,0,-0,0
2015-07-10,0,-0,0
2015-07-13,0,-0,0
2015-07-14,1,-31.0447936259789,31.03
2015-07-15,0,-0,0
2015-07-16,0,-0,0
2015-07-17,0,-0,0
2015-07-20,0,-0,0
2015-07-21,-1,31.1739290801681,-31.185
2015-07-22,1,-31.2309129810719,31.22
2015-07-23,0,-0,0
2015-07-24,0,-0,0
2015-07-27,0,-0,0
2015-07-28,0,-0,0
2015-07-29,0,-0,0
2015-07-30,1,-31.5998688231317,31.59
2015-07-31,-1,31.6752476438674,-31.694
2015-08-03,0,-0,0
2015-08-04,0,-0,0
2015-08-05,0,-0,0
2015-08-06,-1,31.6333906678714,-31.647
2015-08-07,0,-0,0
2015-08-10,0,-0,0
2015-08-11,-1,32.2913227568232,-32.302
2015-08-12,-1,32.3194095170109,-32.335
2015-08-13,1,-32.1453496444921,32.125
2015-08-14,0,-0,0
2015-08-17,-1,32.4954690065137,-32.505
2015-08-18,0,-0,0
2015-08-19,0,-0,0
2015-08-20,0,-0,0
2015-08-21,1,-32.7598375004103,32.75
2015-08-24,-1,32.8950031100898,-32.912
2015-08-25,1,-32.6999321339566,32.69
2015-08-26,0,-0,0
2015-08-27,0,-0,0
2015-08-28,0,-0,0
2015-08-31,0,-0,0
2015-09-01,0,-0,0
2015-09-02,0,-0,0
2015-09-03,0,-0,0
2015-09-04,1,-32.7145746122052,32.707
2015-09-07,0,-0,0
2015-09-08,0,-0,0
2015-09-09,0,-0,0
2015-09-10,0,-0,0
2015-09-11,-1,32.4342449310977,-32.444
2015-09-14,0,-0,0
2015-09-15,0,-0,0
2015-09-16,-1,32.3846784602414,-32.395
2015-09-17,0,-0,0
2015-09-18,1,-32.4024083424156,32.393
2015-09-21,0,-0,0
2015-09-22,0,-0,0
2015-09-23,0,-0,0
2015-09-24,-1,33.2260959088514,-33.243
2015-09-25,0,-0,0
2015-09-28,0,-0,0
2015-09-29,0,-0,0
2015-09-30,-1,33.0514533806122,-33.062
2015-10-01,0,-0,0
2015-10-02,0,-0,0
2015-10-05,0,-0,0
2015-10-06,0,-0,0
2015-10-07,0,-0,0
2015-10-08,0,-0,0
2015-10-09,0,-0,0
2015-10-12,-1,32.2679678453295,-32.28
2015-10-13,0,-0,0
2015-10-14,-1,32.3116959318347,-32.327
2015-10-15,0,-0,0
2015-10-16,0,-0,0
2015-10-19,-1,32.4121109488586,-32.43
2015-10-20,0,-0,0
2015-10-21,0,-0,0
2015-10-22,-1,32.4450312445914,-32.46
2015-10-23,0,-0,0
2015-10-26,0,-0,0
2015-10-27,0,-0,0
2015-10-28,0,-0,0
2015-10-29,0,-0,0
2015-10-30,0,-0,0
2015-11-02,0,-0,0
2015-11-03,-1,32.4158498309949,-32.432
2015-11-04,1,-32.4622027834961,32.455
2015-11-05,0,-0,0
2015-11-06,1,-32.7448986468087,32.737
2015-11-09,0,-0,0
2015-11-10,0,-0,0
2015-11-11,0,-0,0
2015-11-12,0,-0,0
2015-11-13,1,-32.8883837153647,32.876
2015-11-16,0,-0,0
2015-11-17,0,-0,0
2015-11-18,0,-0,0
2015-11-19,0,-0,0
2015-11-20,0,-0,0
2015-11-23,0,-0,0
2015-11-24,-1,32.4417943922105,-32.455
2015-11-25,0,-0,0
2015-11-26,0,-0,0
2015-11-27,0,-0,0
2015-11-30,0,-0,0
2015-12-01,0,-0,0
2015-12-02,0,-0,0
2015-12-03,0,-0,0
2015-12-04,1,-32.763358518179,32.756
2015-12-07,1,-32.9290319719847,32.915
2015-12-08,0,-0,0
2015-12-09,0,-0,0
2015-12-10,0,-0,0
2015-12-11,0,-0,0
2015-12-14,1,-32.9428070627281,32.935
2015-12-15,0,-0,0
2015-12-16,0,-0,0
2015-12-17,0,-0,0
2015-12-18,0,-0,0
2015-12-21,-1,32.9176109127493,-32.93
2015-12-22,0,-0,0
2015-12-23,0,-0,0
2015-12-24,0,-0,0
2015-12-25,0,-0,0
2015-12-28,0,-0,0
2015-12-29,0,-0,0
2015-12-30,0,-0,0
2015-12-31,0,-0,0
2016-01-01,0,-0,0
2016-01-04,1,-33.3046820361498,33.295
2016-01-05,0,-0,0
2016-01-06,0,-0,0
2016-01-07,0,-0,0
2016-01-08,1,-33.5737294774496,33.556
2016-01-11,0,-0,0
2016-01-12,0,-0,0
2016-01-13,0,-0,0
2016-01-14,0,-0,0
2016-01-15,1,-33.6550507083272,33.647
2016-01-18,0,-0,0
2016-01-19,0,-0,0
2016-01-20,0,-0,0
2016-01-21,0,-0,0
2016-01-22,0,-0,0
2016-01-25,0,-0,0
2016-01-26,0,-0,0
2016-01-27,0,-0,0
2016-01-28,0,-0,0
2016-01-29,0,-0,0
2016-02-01,0,-0,0
2016-02-02,0,-0,0
2016-02-03,0,-0,0
2016-02-04,0,-0,0
2016-02-05,1,-33.3581137073297,33.351
2016-02-08,0,-0,0
2016-02-09,0,-0,0
2016-02-10,0,-0,0
2016-02-11,1,-32.9640441191643,32.948
2016-02-12,0,-0,0
2016-02-15,0,-0,0
2016-02-16,0,-0,0
2016-02-17,0,-0,0
2016-02-18,0,-0,0
2016-02-19,0,-0,0
2016-02-22,0,-0,0
2016-02-23,0,-0,0
2016-02-24,0,-0,0
2016-02-25,0,-0,0
2016-02-26,1,-33.3836760093278,33.376
2016-02-29,0,-0,0
2016-03-01,0,-0,0
2016-03-02,0,-0,0
2016-03-03,-1,32.8538047748476,-32.866
2016-03-04,0,-0,0
2016-03-07,0,-0,0
2016-03-08,0,-0,0
2016-03-09,0,-0,0
2016-03-10,-1,32.8032547716524,-32.813
2016-03-11,-1,32.5377312218724,-32.553
2016-03-14,0,-0,0
2016-03-15,0,-0,0
2016-03-16,0,-0,0
2016-03-17,-1,32.1831750153993,-32.212
2016-03-18,1,-32.2865962190336,32.28
2016-03-21,0,-0,0
2016-03-22,0,-0,0
2016-03-23,0,-0,0
2016-03-24,0,-0,0
2016-03-25,0,-0,0
2016-03-28,0,-0,0
2016-03-29,0,-0,0
2016-03-30,0,-0,0
2016-03-31,0,-0,0
2016-04-01,0,-0,0
2016-04-04,0,-0,0
2016-04-05,1,-32.470966159815,32.463
2016-04-06,0,-0,0
2016-04-07,1,-32.4467462227392,32.44
2016-04-08,-1,32.4031398697303,-32.42
2016-04-11,-1,32.3028505398807,-32.314
2016-04-12,0,-0,0
2016-04-13,0,-0,0
2016-04-14,1,-32.4140042086479,32.406
2016-04-15,-1,32.3190449402429,-32.33
2016-04-18,0,-0,0
2016-04-19,-1,32.0952280893424,-32.112
2016-04-20,0,-0,0
2016-04-21,0,-0,0
2016-04-22,1,-32.405244819322,32.395
2016-04-25,0,-0,0
2016-04-26,0,-0,0
2016-04-27,0,-0,0
2016-04-28,-1,32.1862402899562,-32.201
2016-04-29,0,-0,0
2016-05-02,0,-0,0
2016-05-03,1,-32.362564615601,32.345
2016-05-04,1,-32.4497393508488,32.428
2016-05-05,0,-0,0
2016-05-06,0,-0,0
2016-05-09,0,-0,0
2016-05-10,0,-0,0
2016-05-11,-1,32.5270848702588,-32.537
2016-05-12,0,-0,0
2016-05-13,0,-0,0
2016-05-16,0,-0,0
2016-05-17,0,-0,0
2016-05-18,0,-0,0
2016-05-19,0,-0,0
2016-05-20,0,-0,0
2016-05-23,0,-0,0
2016-05-24,0,-0,0
2016-05-25,0,-0,0
2016-05-26,0,-0,0
2016-05-27,0,-0,0
2016-05-30,0,-0,0
2016-05-31,0,-0,0
2016-06-01,0,-0,0
2016-06-02,-1,32.6052456369425,-32.615
2016-06-03,-1,32.257989205443,-32.28
2016-06-06,0,-0,0
2016-06-07,0,-0,0
2016-06-08,0,-0,0
2016-06-09,0,-0,0
2016-06-10,1,-32.3490036399544,32.337
2016-06-13,0,-0,0
2016-06-14,0,-0,0
2016-06-15,0,-0,0
2016-06-16,0,-0,0
2016-06-17,0,-0,0
2016-06-20,-1,32.1902978758942,-32.205
2016-06-21,-1,32.1278485484201,-32.138
2016-06-22,0,-0,0
2016-06-23,0,-0,0
2016-06-24,1,-32.4119025888678,32.393
2016-06-27,0,-0,0
2016-06-28,-1,32.302915506881,-32.314
2016-06-29,-1,32.1958562886053,-32.215
2016-06-30,0,-0,0
2016-07-01,0,-0,0
2016-07-04,0,-0,0
2016-07-05,0,-0,0
2016-07-06,0,-0,0
2016-07-07,0,-0,0
2016-07-08,-1,32.212756854577,-32.225
2016-07-11,0,-0,0
2016-07-12,0,-0,0
2016-07-13,0,-0,0
2016-07-14,-1,31.8789917804436,-31.892
2016-07-15,1,-31.8995225628563,31.886
2016-07-18,0,-0,0
2016-07-19,0,-0,0
2016-07-20,0,-0,0
2016-07-21,0,-0,0
2016-07-22,0,-0,0
2016-07-25,0,-0,0
2016-07-26,0,-0,0
2016-07-27,-1,31.9510228491205,-31.962
2016-07-28,-1,31.8865803300235,-31.897
2016-07-29,-1,31.7370163038411,-31.753
2016-08-01,1,-31.4529106306091,31.44
2016-08-02,0,-0,0
2016-08-03,0,-0,0
2016-08-04,0,-0,0
2016-08-05,1,-31.4073823612637,31.397
2016-08-08,-1,31.3033617905695,-31.314
2016-08-09,0,-0,0
2016-08-10,1,-30.9221542805586,30.915
2016-08-11,-1,31.1061302835993,-31.12
2016-08-12,0,-0,0
2016-08-15,0,-0,0
2016-08-16,0,-0,0
2016-08-17,1,-31.3274102821486,31.317
2016-08-18,0,-0,0
2016-08-19,0,-0,0
2016-08-22,0,-0,0
2016-08-23,0,-0,0
2016-08-24,0,-0,0
2016-08-25,0,-0,0
2016-08-26,0,-0,0
2016-08-29,0,-0,0
2016-08-30,0,-0,0
2016-08-31,0,-0,0
2016-09-01,0,-0,0
2016-09-02,0,-0,0
2016-09-05,0,-0,0
2016-09-06,0,-0,0
2016-09-07,-1,31.1269558086574,-31.145
2016-09-08,0,-0,0
2016-09-09,0,-0,0
2016-09-12,0,-0,0
2016-09-13,1,-31.8343899282119,31.81
2016-09-14,1,-31.6514091833929,31.644
2016-09-15,0,-0,0
2016-09-16,0,-0,0
2016-09-19,1,-31.3136530583922,31.302
2016-09-20,0,-0,0
2016-09-21,-1,31.0566157715187,-31.075
2016-09-22,-1,31.2343611336994,-31.25
2016-09-23,0,-0,0
2016-09-26,0,-0,0
2016-09-27,-1,31.2823011536309,-31.301
2016-09-28,-1,31.2564575248589,-31.267
2016-09-29,1,-31.3879495143255,31.376
2016-09-30,1,-31.2329860024136,31.225
2016-10-03,0,-0,0
2016-10-04,1,-31.4388329421491,31.426
2016-10-05,0,-0,0
2016-10-06,0,-0,0
2016-10-07,0,-0,0
2016-10-10,-1,31.4044606977014,-31.418
2016-10-11,1,-31.700878551778,31.689
2016-10-12,0,-0,0
2016-10-13,0,-0,0
2016-10-14,1,-31.7789243094019,31.77
2016-10-17,0,-0,0
2016-10-18,0,-0,0
2016-10-19,0,-0,0
2016-10-20,1,-31.5917923816681,31.585
2016-10-21,0,-0,0
2016-10-24,0,-0,0
2016-10-25,0,-0,0
2016-10-26,1,-31.6147621137421,31.608
2016-10-27,0,-0,0
2016-10-28,1,-31.6656825395179,31.658
2016-10-31,0,-0,0
2016-11-01,0,-0,0
2016-11-02,0,-0,0
2016-11-03,0,-0,0
2016-11-04,0,-0,0
2016-11-07,0,-0,0
2016-11-08,-1,31.265200816969,-31.279
2016-11-09,1,-31.6907610949758,31.666
2016-11-10,0,-0,0
2016-11-11,0,-0,0
2016-11-14,0,-0,0
2016-11-15,1,-31.8049472363904,31.787
2016-11-16,0,-0,0
2016-11-17,0,-0,0
2016-11-18,0,-0,0
2016-11-21,1,-31.9180818293656,31.91
2016-11-22,0,-0,0
2016-11-23,0,-0,0
2016-11-24,0,-0,0
2016-11-25,0,-0,0
2016-11-28,0,-0,0
2016-11-29,-1,31.7863523236682,-31.799
2016-11-30,0,-0,0
2016-12-01,-1,31.922990864082,-31.94
2016-12-02,0,-0,0
2016-12-05,0,-0,0
2016-12-06,0,-0,0
2016-12-07,0,-0,0
2016-12-08,1,-31.6814416484254,31.67
2016-12-09,1,-31.7762399887922,31.765
2016-12-12,0,-0,0
2016-12-13,0,-0,0
2016-12-14,1,-31.8940966151825,31.882
2016-12-15,0,-0,0
2016-12-16,0,-0,0
2016-12-19,1,-31.9983375382908,31.99
2016-12-20,0,-0,0
2016-12-21,0,-0,0
2016-12-22,0,-0,0
2016-12-23,0,-0,0
2016-12-26,0,-0,0
2016-12-27,0,-0,0
2016-12-28,0,-0,0
2016-12-29,0,-0,0
2016-12-30,0,-0,0
2017-01-02,0,-0,0
2017-01-03,0,-0,0
2017-01-04,0,-0,0
2017-01-05,0,-0,0
2017-01-06,1,-32.0402148160965,32.028
2017-01-09,0,-0,0
2017-01-10,0,-0,0
2017-01-11,0,-0,0
2017-01-12,-1,31.5123474919523,-31.525
2017-01-13,0,-0,0
2017-01-16,0,-0,0
2017-01-17,-1,31.2673489898039,-31.287
2017-01-18,0,-0,0
2017-01-19,0,-0,0
2017-01-20,0,-0,0
2017-01-23,0,-0,0
2017-01-24,0,-0,0
2017-01-25,0,-0,0
2017-01-26,0,-0,0
2017-01-27,0,-0,0
2017-01-30,0,-0,0
2017-01-31,-1,31.0801325160025,-31.097
2017-02-01,0,-0,0
2017-02-02,-1,30.9646838177727,-30.975
2017-02-03,0,-0,0
2017-02-06,0,-0,0
2017-02-07,0,-0,0
2017-02-08,1,-30.9847082917355,30.977
2017-02-09,0,-0,0
2017-02-10,0,-0,0
2017-02-13,0,-0,0
2017-02-14,0,-0,0
2017-02-15,0,-0,0
2017-02-16,0,-0,0
2017-02-17,0,-0,0
2017-02-20,0,-0,0
2017-02-21,0,-0,0
2017-02-22,-1,30.6877141659063,-30.7
2017-02-23,0,-0,0
2017-02-24,0,-0,0
2017-02-27,0,-0,0
2017-02-28,0,-0,0
2017-03-01,0,-0,0
2017-03-02,0,-0,0
2017-03-03,0,-0,0
2017-03-06,0,-0,0
2017-03-07,0,-0,0
2017-03-08,0,-0,0
2017-03-09,0,-0,0
2017-03-10,-1,30.9426926063824,-30.96
2017-03-13,0,-0,0
2017-03-14,0,-0,0
2017-03-15,0,-0,0
2017-03-16,0,-0,0
2017-03-17,0,-0,0
2017-03-20,-1,30.276977208705,-30.295
2017-03-21,0,-0,0
2017-03-22,0,-0,0
2017-03-23,0,-0,0
2017-03-24,0,-0,0
2017-03-27,0,-0,0
2017-03-28,0,-0,0
2017-03-29,0,-0,0
2017-03-30,0,-0,0
2017-03-31,0,-0,0
2017-04-03,0,-0,0
2017-04-04,0,-0,0
2017-04-05,0,-0,0
2017-04-06,0,-0,0
2017-04-07,0,-0,0
2017-04-10,1,-30.590977931419,30.58
2017-04-11,0,-0,0
2017-04-12,0,-0,0
2017-04-13,1,-30.2727862167109,30.266
2017-04-14,0,-0,0
2017-04-17,0,-0,0
2017-04-18,0,-0,0
2017-04-19,0,-0,0
2017-04-20,0,-0,0
2017-04-21,0,-0,0
2017-04-24,1,-30.157063752684,30.15
2017-04-25,0,-0,0
2017-04-26,0,-0,0
2017-04-27,0,-0,0
2017-04-28,0,-0,0
2017-05-01,0,-0,0
2017-05-02,0,-0,0
2017-05-03,0,-0,0
2017-05-04,0,-0,0
2017-05-05,0,-0,0
2017-05-08,0,-0,0
2017-05-09,0,-0,0
2017-05-10,0,-0,0
2017-05-11,0,-0,0
2017-05-12,0,-0,0
2017-05-15,0,-0,0
2017-05-16,-1,30.0128193035777,-30.024
2017-05-17,0,-0,0
2017-05-18,0,-0,0
2017-05-19,0,-0,0
2017-05-22,0,-0,0
2017-05-23,0,-0,0
2017-05-24,0,-0,0
2017-05-25,0,-0,0
2017-05-26,0,-0,0
2017-05-29,0,-0,0
2017-05-30,0,-0,0
2017-05-31,0,-0,0
2017-06-01,0,-0,0
2017-06-02,0,-0,0
2017-06-05,0,-0,0
2017-06-06,0,-0,0
2017-06-07,0,-0,0
2017-06-08,0,-0,0
2017-06-09,0,-0,0
2017-06-12,0,-0,0
2017-06-13,0,-0,0
2017-06-14,-1,30.151870435193,-30.163
2017-06-15,0,-0,0
2017-06-16,0,-0,0
2017-06-19,0,-0,0
2017-06-20,0,-0,0
2017-06-21,0,-0,0
2017-06-22,0,-0,0
2017-06-23,0,-0,0
2017-06-26,0,-0,0
2017-06-27,0,-0,0
2017-06-28,0,-0,0
2017-06-29,0,-0,0
2017-06-30,0,-0,0
2017-07-03,0,-0,0
2017-07-04,0,-0,0
2017-07-05,0,-0,0
2017-07-06,0,-0,0
2017-07-07,0,-0,0
2017-07-10,0,-0,0
2017-07-11,0,-0,0
2017-07-12,0,-0,0
2017-07-13,0,-0,0
2017-07-14,-1,30.2634307700902,-30.277
2017-07-17,-1,30.3780534108589,-30.39
2017-07-18,0,-0,0
2017-07-19,0,-0,0
2017-07-20,0,-0,0
2017-07-21,0,-0,0
2017-07-24,0,-0,0
2017-07-25,0,-0,0
2017-07-26,0,-0,0
2017-07-27,0,-0,0
2017-07-28,1,-30.2197512449164,30.21
2017-07-31,0,-0,0
2017-08-01,0,-0,0
2017-08-02,0,-0,0
2017-08-03,1,-30.1991371550574,30.188
2017-08-04,0,-0,0
2017-08-07,0,-0,0
2017-08-08,0,-0,0
2017-08-09,1,-30.2288433351387,30.218
2017-08-10,0,-0,0
2017-08-11,0,-0,0
2017-08-14,0,-0,0
2017-08-15,0,-0,0
2017-08-16,0,-0,0
2017-08-17,0,-0,0
2017-08-18,0,-0,0
2017-08-21,0,-0,0
2017-08-22,0,-0,0
2017-08-23,-1,30.1880676693256,-30.199
2017-08-24,0,-0,0
2017-08-25,0,-0,0
2017-08-28,0,-0,0
2017-08-29,1,-30.060005848947,30.053
2017-08-30,0,-0,0
2017-08-31,0,-0,0
2017-09-01,0,-0,0
2017-09-04,1,-29.9696989776412,29.952
2017-09-05,0,-0,0
2017-09-06,0,-0,0
2017-09-07,0,-0,0
2017-09-08,0,-0,0
2017-09-11,0,-0,0
2017-09-12,0,-0,0
2017-09-13,0,-0,0
2017-09-14,0,-0,0
2017-09-15,0,-0,0
2017-09-18,-1,30.0424523445725,-30.055
2017-09-19,0,-0,0
2017-09-20,0,-0,0
2017-09-21,0,-0,0
2017-09-22,0,-0,0
2017-09-25,0,-0,0
2017-09-26,0,-0,0
2017-09-27,0,-0,0
2017-09-28,0,-0,0
2017-09-29,0,-0,0
2017-10-02,0,-0,0
2017-10-03,0,-0,0
2017-10-04,0,-0,0
2017-10-05,0,-0,0
2017-10-06,0,-0,0
2017-10-09,0,-0,0
2017-10-10,-1,30.2423802901309,-30.256
2017-10-11,0,-0,0
2017-10-12,0,-0,0
2017-10-13,0,-0,0
2017-10-16,0,-0,0
2017-10-17,0,-0,0
2017-10-18,0,-0,0
2017-10-19,0,-0,0
2017-10-20,0,-0,0
2017-10-23,0,-0,0
2017-10-24,0,-0,0
2017-10-25,0,-0,0
2017-10-26,0,-0,0
2017-10-27,0,-0,0
2017-10-30,0,-0,0
2017-10-31,-1,30.0581882942167,-30.07
2017-11-01,-1,30.0607704333492,-30.076
2017-11-02,0,-0,0
2017-11-03,0,-0,0
2017-11-06,0,-0,0
2017-11-07,0,-0,0
2017-11-08,0,-0,0
2017-11-09,0,-0,0
2017-11-10,0,-0,0
2017-11-13,0,-0,0
2017-11-14,0,-0,0
2017-11-15,-1,29.9754057015826,-29.992
2017-11-16,-1,29.9443159424824,-29.962
2017-11-17,0,-0,0
2017-11-20,0,-0,0
2017-11-21,0,-0,0
2017-11-22,0,-0,0
2017-11-23,-1,29.8357516573588,-29.848
2017-11-24,0,-0,0
2017-11-27,0,-0,0
2017-11-28,-1,29.9382252412485,-29.955
2017-11-29,0,-0,0
2017-11-30,0,-0,0
2017-12-01,0,-0,0
2017-12-04,0,-0,0
2017-12-05,0,-0,0
2017-12-06,1,-30.0137483324065,30.007
2017-12-07,0,-0,0
2017-12-08,0,-0,0
2017-12-11,0,-0,0
2017-12-12,0,-0,0
2017-12-13,-1,29.875640085194,-29.887
2017-12-14,0,-0,0
2017-12-15,0,-0,0
2017-12-18,0,-0,0
2017-12-19,0,-0,0
2017-12-20,0,-0,0
2017-12-21,0,-0,0
2017-12-22,0,-0,0
2017-12-25,0,-0,0
2017-12-26,0,-0,0
2017-12-27,0,-0,0
2017-12-28,0,-0,0
2017-12-29,0,-0,0
2018-01-01,0,-0,0
2018-01-02,0,-0,0
2018-01-03,0,-0,0
2018-01-04,0,-0,0
2018-01-05,0,-0,0
2018-01-08,1,-29.4636238345994,29.456
2018-01-09,0,-0,0
2018-01-10,0,-0,0
2018-01-11,-1,29.5039670694504,-29.515
2018-01-12,-1,29.4984787558973,-29.511
2018-01-15,1,-29.477018897483,29.47
2018-01-16,0,-0,0
2018-01-17,0,-0,0
2018-01-18,1,-29.4554661668521,29.446
2018-01-19,1,-29.2478596073136,29.239
2018-01-22,1,-29.1341063245146,29.125
2018-01-23,1,-29.1286970955861,29.118
2018-01-24,0,-0,0
2018-01-25,0,-0,0
2018-01-26,0,-0,0
2018-01-29,0,-0,0
2018-01-30,0,-0,0
2018-01-31,0,-0,0
2018-02-01,0,-0,0
2018-02-02,1,-29.3567903189439,29.335
2018-02-05,1,-29.3708434458409,29.363
2018-02-06,-1,29.1464354222775,-29.162
2018-02-07,1,-29.2977079464202,29.29
2018-02-08,0,-0,0
2018-02-09,-1,29.1954749506996,-29.21
2018-02-12,0,-0,0
2018-02-13,0,-0,0
2018-02-14,-1,28.9218642708913,-28.935
2018-02-15,0,-0,0
2018-02-16,0,-0,0
2018-02-19,0,-0,0
2018-02-20,0,-0,0
2018-02-21,0,-0,0
2018-02-22,0,-0,0
2018-02-23,0,-0,0
2018-02-26,0,-0,0
2018-02-27,1,-29.2069294824314,29.195
2018-02-28,0,-0,0
2018-03-01,0,-0,0
2018-03-02,0,-0,0
2018-03-05,0,-0,0
2018-03-06,-1,29.0979680242688,-29.122
2018-03-07,0,-0,0
2018-03-08,0,-0,0
2018-03-09,-1,29.1793008432014,-29.194
2018-03-12,0,-0,0
2018-03-13,0,-0,0
2018-03-14,0,-0,0
2018-03-15,1,-29.067308241943,29.051
2018-03-16,1,-28.979869619373,28.973
2018-03-19,0,-0,0
2018-03-20,0,-0,0
2018-03-21,0,-0,0
2018-03-22,1,-29.1066703353442,29.087
2018-03-23,1,-29.0867478576981,29.08
2018-03-26,-1,28.9365847468552,-28.948
2018-03-27,0,-0,0
2018-03-28,-1,29.0407462147668,-29.064
2018-03-29,0,-0,0
2018-03-30,0,-0,0
2018-04-02,-1,29.0190449868736,-29.034
2018-04-03,0,-0,0
2018-04-04,0,-0,0
2018-04-05,0,-0,0
2018-04-06,1,-29.2589559811783,29.25
2018-04-09,0,-0,0
2018-04-10,0,-0,0
2018-04-11,0,-0,0
2018-04-12,0,-0,0
2018-04-13,0,-0,0
2018-04-16,0,-0,0
2018-04-17,0,-0,0
2018-04-18,0,-0,0
2018-04-19,0,-0,0
2018-04-20,0,-0,0
2018-04-23,0,-0,0
2018-04-24,0,-0,0
2018-04-25,0,-0,0
2018-04-26,0,-0,0
2018-04-27,-1,29.4809340874364,-29.496
2018-04-30,0,-0,0
2018-05-01,0,-0,0
2018-05-02,0,-0,0
2018-05-03,0,-0,0
2018-05-04,0,-0,0
2018-05-07,0,-0,0
2018-05-08,0,-0,0
2018-05-09,-1,29.9017423599048,-29.913
2018-05-10,0,-0,0
2018-05-11,0,-0,0
2018-05-14,0,-0,0
2018-05-15,1,-29.8990379698692,29.892
2018-05-16,0,-0,0
2018-05-17,0,-0,0
2018-05-18,0,-0,0
2018-05-21,0,-0,0
2018-05-22,0,-0,0
2018-05-23,0,-0,0
2018-05-24,0,-0,0
2018-05-25,0,-0,0
2018-05-28,0,-0,0
2018-05-29,0,-0,0
2018-05-30,0,-0,0
2018-05-31,0,-0,0
2018-06-01,0,-0,0
2018-06-04,0,-0,0
2018-06-05,0,-0,0
2018-06-06,0,-0,0
2018-06-07,0,-0,0
2018-06-08,0,-0,0
2018-06-11,0,-0,0
2018-06-12,0,-0,0
2018-06-13,0,-0,0
2018-06-14,0,-0,0
2018-06-15,1,-30.1013302358344,30.091
2018-06-18,0,-0,0
2018-06-19,1,-30.1768596156503,30.165
2018-06-20,0,-0,0
2018-06-21,0,-0,0
2018-06-22,0,-0,0
2018-06-25,0,-0,0
2018-06-26,0,-0,0
2018-06-27,0,-0,0
2018-06-28,0,-0,0
2018-06-29,0,-0,0
2018-07-02,0,-0,0
2018-07-03,-1,30.5303332508478,-30.541
2018-07-04,0,-0,0
2018-07-05,0,-0,0
2018-07-06,0,-0,0
2018-07-09,0,-0,0
2018-07-10,0,-0,0
2018-07-11,0,-0,0
2018-07-12,0,-0,0
2018-07-13,0,-0,0
2018-07-16,0,-0,0
2018-07-17,0,-0,0
2018-07-18,0,-0,0
2018-07-19,0,-0,0
2018-07-20,0,-0,0
2018-07-23,0,-0,0
2018-07-24,-1,30.5491775566419,-30.56
2018-07-25,-1,30.3944223626529,-30.405
2018-07-26,0,-0,0
2018-07-27,-1,30.5057476111136,-30.523
2018-07-30,0,-0,0
2018-07-31,-1,30.5183216397759,-30.529
2018-08-01,0,-0,0
2018-08-02,1,-30.6921716771101,30.682
2018-08-03,0,-0,0
2018-08-06,0,-0,0
2018-08-07,0,-0,0
2018-08-08,0,-0,0
2018-08-09,0,-0,0
2018-08-10,0,-0,0
2018-08-13,0,-0,0
2018-08-14,-1,30.7722505875603,-30.786
2018-08-15,0,-0,0
2018-08-16,0,-0,0
2018-08-17,-1,30.635553631647,-30.649
2018-08-20,0,-0,0
2018-08-21,0,-0,0
2018-08-22,0,-0,0
2018-08-23,0,-0,0
2018-08-24,0,-0,0
2018-08-27,-1,30.5920765816306,-30.605
2018-08-28,0,-0,0
2018-08-29,0,-0,0
2018-08-30,0,-0,0
2018-08-31,0,-0,0
2018-09-03,0,-0,0
2018-09-04,0,-0,0
2018-09-05,0,-0,0
2018-09-06,0,-0,0
2018-09-07,0,-0,0
2018-09-10,0,-0,0
2018-09-11,-1,30.7463220650153,-30.757
2018-09-12,0,-0,0
2018-09-13,0,-0,0
2018-09-14,0,-0,0
2018-09-17,0,-0,0
2018-09-18,0,-0,0
2018-09-19,0,-0,0
2018-09-20,0,-0,0
2018-09-21,0,-0,0
2018-09-24,0,-0,0
2018-09-25,0,-0,0
2018-09-26,0,-0,0
2018-09-27,0,-0,0
2018-09-28,0,-0,0
2018-10-01,0,-0,0
2018-10-02,0,-0,0
2018-10-03,0,-0,0
2018-10-04,0,-0,0
2018-10-05,-1,30.9180360440284,-30.93
2018-10-08,0,-0,0
2018-10-09,0,-0,0
2018-10-10,1,-31.1204991593896,31.112
2018-10-11,0,-0,0
2018-10-12,0,-0,0
2018-10-15,0,-0,0
2018-10-16,0,-0,0
2018-10-17,0,-0,0
2018-10-18,1,-30.9663752595232,30.959
2018-10-19,0,-0,0
2018-10-22,0,-0,0
2018-10-23,0,-0,0
2018-10-24,0,-0,0
2018-10-25,0,-0,0
2018-10-26,0,-0,0
2018-10-29,0,-0,0
2018-10-30,0,-0,0
2018-10-31,0,-0,0
2018-11-01,-1,30.6084785271769,-30.625
2018-11-02,0,-0,0
2018-11-05,0,-0,0
2018-11-06,0,-0,0
2018-11-07,0,-0,0
2018-11-08,0,-0,0
2018-11-09,1,-30.7330517844691,30.726
2018-11-12,0,-0,0
2018-11-13,-1,30.7633569853572,-30.774
2018-11-14,0,-0,0
2018-11-15,0,-0,0
2018-11-16,-1,30.6824591104775,-30.695
2018-11-19,0,-0,0
2018-11-20,0,-0,0
2018-11-21,0,-0,0
2018-11-22,0,-0,0
2018-11-23,0,-0,0
2018-11-26,0,-0,0
2018-11-27,0,-0,0
2018-11-28,0,-0,0
2018-11-29,0,-0,0
2018-11-30,0,-0,0
2018-12-03,-1,30.5641732400819,-30.575
2018-12-04,0,-0,0
2018-12-05,0,-0,0
2018-12-06,0,-0,0
2018-12-07,0,-0,0
2018-12-10,0,-0,0
2018-12-11,1,-30.7635575218375,30.756
2018-12-12,0,-0,0
2018-12-13,0,-0,0
2018-12-14,1,-30.7928084534053,30.785
2018-12-17,0,-0,0
2018-12-18,0,-0,0
2018-12-19,0,-0,0
2018-12-20,0,-0,0
2018-12-21,1,-30.6645546394456,30.657
2018-12-24,0,-0,0
2018-12-25,0,-0,0
2018-12-26,0,-0,0
2018-12-27,0,-0,0
2018-12-28,0,-0,0
2018-12-31,0,-0,0
2019-01-01,0,-0,0
2019-01-02,-1,30.7156120199234,-30.727
2019-01-03,0,-0,0
2019-01-04,0,-0,0
2019-01-07,0,-0,0
2019-01-08,0,-0,0
2019-01-09,0,-0,0
2019-01-10,0,-0,0
2019-01-11,0,-0,0
2019-01-14,0,-0,0
2019-01-15,0,-0,0
2019-01-16,0,-0,0
2019-01-17,0,-0,0
2019-01-18,0,-0,0
2019-01-21,1,-30.8726780592989,30.865
2019-01-22,0,-0,0
2019-01-23,0,-0,0
2019-01-24,0,-0,0
2019-01-25,-1,30.6766654972248,-30.687
2019-01-28,0,-0,0
2019-01-29,0,-0,0
2019-01-30,0,-0,0
2019-01-31,0,-0,0
2019-02-01,0,-0,0
2019-02-04,0,-0,0
2019-02-05,0,-0,0
2019-02-06,0,-0,0
2019-02-07,0,-0,0
2019-02-08,0,-0,0
2019-02-11,0,-0,0
2019-02-12,0,-0,0
2019-02-13,0,-0,0
2019-02-14,0,-0,0
2019-02-15,0,-0,0
2019-02-18,0,-0,0
2019-02-19,0,-0,0
2019-02-20,0,-0,0
2019-02-21,0,-0,0
2019-02-22,0,-0,0
2019-02-25,-1,30.6817860093948,-30.695
2019-02-26,0,-0,0
2019-02-27,0,-0,0
2019-02-28,1,-30.8040214455095,30.795
2019-03-01,0,-0,0
2019-03-04,0,-0,0
2019-03-05,0,-0,0
2019-03-06,0,-0,0
2019-03-07,0,-0,0
2019-03-08,0,-0,0
2019-03-11,0,-0,0
2019-03-12,0,-0,0
2019-03-13,0,-0,0
2019-03-14,1,-30.901200067949,30.893
2019-03-15,0,-0,0
2019-03-18,0,-0,0
2019-03-19,0,-0,0
2019-03-20,0,-0,0
2019-03-21,0,-0,0
2019-03-22,1,-30.8422975827623,30.836
2019-03-25,0,-0,0
2019-03-26,0,-0,0
2019-03-27,0,-0,0
2019-03-28,0,-0,0
2019-03-29,0,-0,0
2019-04-01,0,-0,0
2019-04-02,0,-0,0
2019-04-03,0,-0,0
2019-04-04,0,-0,0
2019-04-05,0,-0,0
2019-04-08,0,-0,0
2019-04-09,0,-0,0
2019-04-10,0,-0,0
2019-04-11,0,-0,0
2019-04-12,-1,30.7991311878576,-30.812
2019-04-15,0,-0,0
2019-04-16,0,-0,0
2019-04-17,0,-0,0
2019-04-18,0,-0,0
2019-04-19,0,-0,0
2019-04-22,0,-0,0
2019-04-23,0,-0,0
2019-04-24,1,-30.9032323636779,30.887
2019-04-25,0,-0,0
2019-04-26,0,-0,0
2019-04-29,0,-0,0
2019-04-30,0,-0,0
2019-05-01,0,-0,0
2019-05-02,0,-0,0
2019-05-03,0,-0,0
2019-05-06,0,-0,0
2019-05-07,0,-0,0
2019-05-08,0,-0,0
2019-05-09,0,-0,0
2019-05-10,0,-0,0
2019-05-13,1,-31.213682564271,31.207
2019-05-14,0,-0,0
2019-05-15,0,-0,0
2019-05-16,0,-0,0
2019-05-17,-1,31.4505081760803,-31.462
2019-05-20,0,-0,0
2019-05-21,0,-0,0
2019-05-22,0,-0,0
2019-05-23,0,-0,0
2019-05-24,0,-0,0
2019-05-27,0,-0,0
2019-05-28,0,-0,0
2019-05-29,0,-0,0
2019-05-30,0,-0,0
2019-05-31,0,-0,0
2019-06-03,0,-0,0
2019-06-04,0,-0,0
2019-06-05,0,-0,0
2019-06-06,0,-0,0
2019-06-07,0,-0,0
2019-06-10,0,-0,0
2019-06-11,-1,31.3669834156456,-31.377
2019-06-12,0,-0,0
2019-06-13,0,-0,0
2019-06-14,0,-0,0
2019-06-17,0,-0,0
2019-06-18,0,-0,0
2019-06-19,0,-0,0
2019-06-20,0,-0,0
2019-06-21,0,-0,0
2019-06-24,0,-0,0
2019-06-25,0,-0,0
2019-06-26,0,-0,0
2019-06-27,0,-0,0
2019-06-28,0,-0,0
2019-07-01,0,-0,0
2019-07-02,1,-30.980488838937,30.973
2019-07-03,0,-0,0
2019-07-04,0,-0,0
2019-07-05,0,-0,0
2019-07-08,1,-31.1756308197626,31.168
2019-07-09,0,-0,0
2019-07-10,0,-0,0
2019-07-11,0,-0,0
2019-07-12,0,-0,0
2019-07-15,0,-0,0
2019-07-16,0,-0,0
2019-07-17,0,-0,0
2019-07-18,0,-0,0
2019-07-19,0,-0,0
2019-07-22,0,-0,0
2019-07-23,0,-0,0
2019-07-24,0,-0,0
2019-07-25,1,-31.0220966676493,31.014
2019-07-26,0,-0,0
2019-07-29,0,-0,0
2019-07-30,0,-0,0
2019-07-31,0,-0,0
2019-08-01,0,-0,0
2019-08-02,0,-0,0
2019-08-05,0,-0,0
2019-08-06,1,-31.453611280581,31.444
2019-08-07,0,-0,0
2019-08-08,0,-0,0
2019-08-09,0,-0,0
2019-08-12,0,-0,0
2019-08-13,0,-0,0
2019-08-14,0,-0,0
2019-08-15,0,-0,0
2019-08-16,0,-0,0
2019-08-19,0,-0,0
2019-08-20,0,-0,0
2019-08-21,0,-0,0
2019-08-22,1,-31.3164842266498,31.31
2019-08-23,0,-0,0
2019-08-26,0,-0,0
2019-08-27,0,-0,0
2019-08-28,0,-0,0
2019-08-29,0,-0,0
2019-08-30,0,-0,0
2019-09-02,0,-0,0
2019-09-03,0,-0,0
2019-09-04,0,-0,0
2019-09-05,-1,31.1679846128192,-31.181
2019-09-06,0,-0,0
2019-09-09,0,-0,0
2019-09-10,0,-0,0
2019-09-11,0,-0,0
2019-09-12,0,-0,0
2019-09-13,0,-0,0
2019-09-16,0,-0,0
2019-09-17,0,-0,0
2019-09-18,0,-0,0
2019-09-19,0,-0,0
2019-09-20,0,-0,0
2019-09-23,0,-0,0
2019-09-24,0,-0,0
2019-09-25,0,-0,0
2019-09-26,0,-0,0
2019-09-27,0,-0,0
2019-09-30,0,-0,0
2019-10-01,0,-0,0
2019-10-02,0,-0,0
2019-10-03,0,-0,0
2019-10-04,0,-0,0
2019-10-07,0,-0,0
2019-10-08,0,-0,0
2019-10-09,0,-0,0
2019-10-10,0,-0,0
2019-10-11,-1,30.4589569073766,-30.47
2019-10-14,0,-0,0
2019-10-15,0,-0,0
2019-10-16,0,-0,0
2019-10-17,-1,30.4637682031987,-30.475
2019-10-18,0,-0,0
2019-10-21,0,-0,0
2019-10-22,0,-0,0
2019-10-23,0,-0,0
2019-10-24,0,-0,0
2019-10-25,0,-0,0
2019-10-28,0,-0,0
2019-10-29,0,-0,0
2019-10-30,0,-0,0
2019-10-31,0,-0,0
2019-11-01,0,-0,0
2019-11-04,0,-0,0
2019-11-05,0,-0,0
2019-11-06,0,-0,0
2019-11-07,0,-0,0
2019-11-08,0,-0,0
2019-11-11,1,-30.3646804986924,30.358
2019-11-12,0,-0,0
2019-11-13,0,-0,0
2019-11-14,0,-0,0
2019-11-15,0,-0,0
2019-11-18,0,-0,0
2019-11-19,0,-0,0
2019-11-20,0,-0,0
2019-11-21,1,-30.4700137583889,30.462
2019-11-22,0,-0,0
2019-11-25,0,-0,0
2019-11-26,0,-0,0
2019-11-27,0,-0,0
2019-11-28,0,-0,0
2019-11-29,0,-0,0
2019-12-02,1,-30.4464128431403,30.44
2019-12-03,0,-0,0
2019-12-04,0,-0,0
2019-12-05,0,-0,0
2019-12-06,0,-0,0
2019-12-09,0,-0,0
2019-12-10,0,-0,0
2019-12-11,0,-0,0
2019-12-12,-1,30.0398996840126,-30.053
2019-12-13,0,-0,0
2019-12-16,0,-0,0
2019-12-17,-1,30.0112928749602,-30.025
2019-12-18,0,-0,0
2019-12-19,0,-0,0
2019-12-20,0,-0,0
2019-12-23,0,-0,0
2019-12-24,0,-0,0
2019-12-25,0,-0,0
2019-12-26,0,-0,0
2019-12-27,0,-0,0
2019-12-30,0,-0,0
2019-12-31,0,-0,0
2020-01-01,0,-0,0
2020-01-02,0,-0,0
2020-01-03,1,-29.9819477410722,29.975
2020-01-06,0,-0,0
2020-01-07,0,-0,0
2020-01-08,0,-0,0
2020-01-09,0,-0,0
2020-01-10,0,-0,0
2020-01-13,0,-0,0
2020-01-14,0,-0,0
2020-01-15,0,-0,0
2020-01-16,0,-0,0
2020-01-17,0,-0,0
2020-01-20,0,-0,0
2020-01-21,1,-29.9721520903417,29.965
2020-01-22,0,-0,0
2020-01-23,0,-0,0
2020-01-24,0,-0,0
2020-01-27,0,-0,0
2020-01-28,0,-0,0
2020-01-29,0,-0,0
2020-01-30,0,-0,0
2020-01-31,0,-0,0
2020-02-03,0,-0,0
2020-02-04,0,-0,0
2020-02-05,0,-0,0
2020-02-06,0,-0,0
2020-02-07,0,-0,0
2020-02-10,0,-0,0
2020-02-11,0,-0,0
2020-02-12,0,-0,0
2020-02-13,0,-0,0
2020-02-14,0,-0,0
2020-02-17,0,-0,0
2020-02-18,0,-0,0
2020-02-19,0,-0,0
2020-02-20,0,-0,0
2020-02-21,0,-0,0
2020-02-24,1,-30.4298423104329,30.417
2020-02-25,0,-0,0
2020-02-26,0,-0,0
2020-02-27,0,-0,0
2020-02-28,-1,30.0668106924475,-30.08
2020-03-02,0,-0,0
2020-03-03,0,-0,0
2020-03-04,0,-0,0
2020-03-05,0,-0,0
2020-03-06,0,-0,0
2020-03-09,1,-29.8194089274323,29.803
2020-03-10,-1,29.7234253277136,-29.745
2020-03-11,0,-0,0
2020-03-12,1,-29.973409486928,29.955
2020-03-13,0,-0,0
2020-03-16,1,-30.0314035803788,30.009
2020-03-17,1,-30.0396961135255,30.033
2020-03-18,1,-30.1519396771693,30.135
2020-03-19,0,-0,0
2020-03-20,1,-30.054377688186,30.048
2020-03-23,1,-30.0074536699464,29.994
2020-03-24,-1,29.8565244240384,-29.895
2020-03-25,-1,29.9740098388585,-29.995
2020-03-26,-1,29.937844037121,-29.955
2020-03-27,0,-0,0
2020-03-30,1,-30.0428499508734,30.032
2020-03-31,-1,30.100579079903,-30.114
2020-04-01,1,-30.2035227306195,30.185
2020-04-02,0,-0,0
2020-04-03,1,-30.1378002067578,30.131
2020-04-06,-1,30.0719771491231,-30.088
2020-04-07,0,-0,0
2020-04-08,0,-0,0
2020-04-09,0,-0,0
2020-04-10,0,-0,0
2020-04-13,0,-0,0
2020-04-14,0,-0,0
2020-04-15,1,-29.9227140634843,29.91
2020-04-16,0,-0,0
2020-04-17,-1,29.8367402884775,-29.852
2020-04-20,0,-0,0
2020-04-21,1,-29.9160315620225,29.903
2020-04-22,0,-0,0
2020-04-23,0,-0,0
2020-04-24,0,-0,0
2020-04-27,-1,29.8568620725822,-29.868
2020-04-28,0,-0,0
2020-04-29,0,-0,0
2020-04-30,0,-0,0
2020-05-01,0,-0,0
2020-05-04,1,-29.6073536543161,29.601
2020-05-05,0,-0,0
2020-05-06,0,-0,0
2020-05-07,-1,29.7754678408585,-29.79
2020-05-08,0,-0,0
2020-05-11,0,-0,0
2020-05-12,0,-0,0
2020-05-13,0,-0,0
2020-05-14,0,-0,0
2020-05-15,0,-0,0
2020-05-18,-1,29.8341804660007,-29.847
2020-05-19,0,-0,0
2020-05-20,0,-0,0
2020-05-21,1,-29.8688849431646,29.862
2020-05-22,0,-0,0
2020-05-25,0,-0,0
2020-05-26,0,-0,0
2020-05-27,0,-0,0
2020-05-28,0,-0,0
2020-05-29,-1,29.9055117295244,-29.916
2020-06-01,0,-0,0
2020-06-02,0,-0,0
2020-06-03,0,-0,0
2020-06-04,0,-0,0
2020-06-05,0,-0,0
2020-06-08,0,-0,0
2020-06-09,0,-0,0
2020-06-10,0,-0,0
2020-06-11,1,-29.5734312008856,29.562
2020-06-12,0,-0,0
2020-06-15,1,-29.4911291884269,29.485
2020-06-16,0,-0,0
2020-06-17,0,-0,0
2020-06-18,0,-0,0
2020-06-19,0,-0,0
2020-06-22,0,-0,0
2020-06-23,0,-0,0
2020-06-24,0,-0,0
2020-06-25,0,-0,0
2020-06-26,0,-0,0
2020-06-29,0,-0,0
2020-06-30,0,-0,0
2020-07-01,0,-0,0
2020-07-02,0,-0,0
2020-07-03,0,-0,0
2020-07-06,-1,29.2753813875804,-29.286
2020-07-07,0,-0,0
2020-07-08,0,-0,0
2020-07-09,1,-29.3390711270923,29.333
2020-07-10,0,-0,0
2020-07-13,0,-0,0
2020-07-14,0,-0,0
2020-07-15,0,-0,0
2020-07-16,0,-0,0
2020-07-17,0,-0,0
2020-07-20,0,-0,0
2020-07-21,-1,29.2815679368312,-29.292
2020-07-22,0,-0,0
2020-07-23,0,-0,0
2020-07-24,0,-0,0
2020-07-27,0,-0,0
2020-07-28,0,-0,0
2020-07-29,-1,29.1193689741474,-29.131
2020-07-30,0,-0,0
2020-07-31,0,-0,0
2020-08-03,0,-0,0
2020-08-04,0,-0,0
2020-08-05,0,-0,0
2020-08-06,0,-0,0
2020-08-07,0,-0,0
2020-08-10,0,-0,0
2020-08-11,0,-0,0
2020-08-12,0,-0,0
2020-08-13,0,-0,0
2020-08-14,0,-0,0
2020-08-17,0,-0,0
2020-08-18,0,-0,0
2020-08-19,0,-0,0
2020-08-20,0,-0,0
2020-08-21,1,-29.3423333224995,29.334
2020-08-24,0,-0,0
2020-08-25,0,-0,0
2020-08-26,0,-0,0
2020-08-27,0,-0,0
2020-08-28,0,-0,0
2020-08-31,0,-0,0
2020-09-01,0,-0,0
2020-09-02,0,-0,0
2020-09-03,0,-0,0
2020-09-04,0,-0,0
2020-09-07,0,-0,0
2020-09-08,1,-29.1608844744186,29.153
2020-09-09,-1,29.1770650643613,-29.189
2020-09-10,0,-0,0
2020-09-11,0,-0,0
2020-09-14,0,-0,0
2020-09-15,0,-0,0
2020-09-16,-1,28.9908726022642,-29.002
2020-09-17,0,-0,0
