date,signal,NTN_1MCurncy,NTN_6MCurncy
2007-08-17,-1,0,-32.385
2007-08-20,-1,0.343143237666886,-32.395
2007-08-21,-1,1.02157904940368,-32.453
2007-08-22,-1,1.99211420541371,-32.495
2007-08-23,-1,3.21288803617474,-32.515
2007-08-24,-1,4.63544990585434,-32.515
2007-08-27,-1,6.19675870766316,-32.565
2007-08-28,-1,7.85122569404928,-32.555
2007-08-29,-1,9.54377205014998,-32.585
2007-08-30,-1,11.256315065154,-32.618
2007-08-31,-1,12.8910775429199,-32.555
2007-09-03,-1,14.5009583803342,-32.565
2007-09-04,-1,16.0293713296111,-32.563
2007-09-05,-1,17.4899167357696,-32.63
2007-09-06,-1,18.8310326871544,-32.585
2007-09-07,-1,20.1347903677846,-32.625
2007-09-10,-1,21.2742056820285,-32.658
2007-09-11,-1,22.3412658342697,-32.665
2007-09-12,-1,23.3256197483824,-32.675
2007-09-13,-1,24.217129293943,-32.705
2007-09-14,-1,25.0290647479329,-32.675
2007-09-17,-1,25.7878032164012,-32.705
2007-09-18,-1,26.4475858991426,-32.705
2007-09-19,-1,27.0601377749957,-32.71
2007-09-20,-1,27.5871692481604,-32.665
2007-09-21,-1,27.9021823718794,-32.46
2007-09-24,-1,28.337233363767,-32.445
2007-09-25,-1,28.7642968445787,-32.46
2007-09-26,-1,29.1153958732734,-32.465
2007-09-27,-1,29.2441458361692,-32.255
2007-09-28,-1,29.340830916075,-32.015
2007-10-01,-1,29.5279127251548,-31.965
2007-10-02,-1,29.9047728346347,-32.085
2007-10-03,-1,30.1369289769467,-32.11
2007-10-04,-1,30.3544217711139,-32.185
2007-10-05,-1,30.4074364870553,-32.02
2007-10-08,-1,30.590851293037,-32.065
2007-10-09,-1,30.8118620880219,-32.1
2007-10-10,-1,30.900087961597,-32.098
2007-10-11,-1,30.9651163727629,-32.085
2007-10-12,-1,31.1550133014345,-32.145
2007-10-15,-1,31.2778536854063,-32.175
2007-10-16,-1,31.4325459843639,-32.265
2007-10-17,-1,31.4336661542147,-32.185
2007-10-18,-1,31.4244247565405,-32.085
2007-10-19,-1,31.5160485063474,-32.125
2007-10-22,-1,31.547660166599,-32.095
2007-10-23,-1,31.6200736663153,-32.095
2007-10-24,-1,31.6282812709735,-32.095
2007-10-25,-1,31.5788226833224,-31.965
2007-10-26,-1,31.5511325785687,-31.915
2007-10-29,-1,31.5868821356813,-31.905
2007-10-30,-1,31.6363443689613,-31.945
2007-10-31,-1,31.654561620441,-31.845
2007-11-01,-1,31.6224810895124,-31.975
2007-11-02,-1,31.6747096262176,-31.945
2007-11-05,-1,31.6829039359694,-31.835
2007-11-06,-1,31.6865120391614,-31.805
2007-11-07,-1,31.6413032403505,-31.735
2007-11-08,-1,31.6228445159,-31.765
2007-11-09,-1,31.5341892599375,-31.645
2007-11-12,-1,31.6134697400434,-31.705
2007-11-13,0,-0,0
2007-11-14,-1,31.571282772716,-31.675
2007-11-15,-1,31.6083126922662,-31.755
2007-11-16,-1,31.6954332624956,-31.795
2007-11-19,-1,31.7404636671517,-31.805
2007-11-20,0,-0,0
2007-11-21,-1,31.6852994558122,-31.815
2007-11-22,0,-0,0
2007-11-23,0,-0,0
2007-11-26,0,-0,0
2007-11-27,0,-0,0
2007-11-28,0,-0,0
2007-11-29,0,-0,0
2007-11-30,0,-0,0
2007-12-03,0,-0,0
2007-12-04,1,-31.6343265912654,31.615
2007-12-05,1,-31.6359421987374,31.635
2007-12-06,1,-31.6246523664168,31.595
2007-12-07,1,-31.6262359240034,31.625
2007-12-10,1,-31.6355796423824,31.615
2007-12-11,1,-31.6897711707575,31.675
2007-12-12,0,-0,0
2007-12-13,0,-0,0
2007-12-14,0,-0,0
2007-12-17,-1,31.9959643799975,-32.065
2007-12-18,-1,31.9668077325943,-32.045
2007-12-19,-1,31.9473995057297,-32.025
2007-12-20,-1,31.8840651289689,-31.965
2007-12-21,-1,31.9072296009841,-32.015
2007-12-24,-1,31.9039836140107,-31.995
2007-12-25,-1,31.9102246771559,-31.998
2007-12-26,-1,31.9136158805861,-31.975
2007-12-27,-1,31.9393228743089,-32.025
2007-12-28,-1,31.904326163393,-31.975
2007-12-31,0,-0,0
2008-01-01,0,-0,0
2008-01-02,0,-0,0
2008-01-03,0,-0,0
2008-01-04,0,-0,0
2008-01-07,0,-0,0
2008-01-08,-1,31.9197999797062,-31.988
2008-01-09,-1,31.9369941797571,-32.035
2008-01-10,-1,31.968238436621,-32.105
2008-01-11,-1,31.9776732561282,-32.095
2008-01-14,-1,31.7032439452553,-31.795
2008-01-15,-1,31.5591050156011,-31.625
2008-01-16,0,-0,0
2008-01-17,0,-0,0
2008-01-18,0,-0,0
2008-01-21,0,-0,0
2008-01-22,0,-0,0
2008-01-23,-1,31.8376004855008,-31.955
2008-01-24,-1,31.80459283242,-31.895
2008-01-25,-1,31.811398012018,-31.905
2008-01-28,1,-31.7771018132594,31.625
2008-01-29,-1,31.7737799471065,-31.865
2008-01-30,-1,31.7366611367898,-31.835
2008-01-31,0,-0,0
2008-02-01,0,-0,0
2008-02-04,0,-0,0
2008-02-05,1,-31.3378281776328,31.31
2008-02-06,1,-31.3036578973977,31.29
2008-02-07,0,-0,0
2008-02-08,0,-0,0
2008-02-11,0,-0,0
2008-02-12,1,-31.0737338764253,31.04
2008-02-13,1,-30.9800993953161,30.915
2008-02-14,1,-31.0442479304924,30.98
2008-02-15,1,-30.968909129581,30.89
2008-02-18,1,-31.0267512638792,30.95
2008-02-19,1,-30.9436897168406,30.885
2008-02-20,1,-30.89146953264,30.845
2008-02-21,1,-30.7033996581186,30.675
2008-02-22,1,-30.5358650703196,30.515
2008-02-25,1,-30.3366881385627,30.245
2008-02-26,1,-30.3398507726057,30.255
2008-02-27,1,-29.9562424469169,29.835
2008-02-28,1,-29.8442681336105,29.735
2008-02-29,1,-30.1509188574432,30.105
2008-03-03,1,-30.2879137786945,30.265
2008-03-04,1,-30.062154108816,29.995
2008-03-05,1,-30.0389866678272,29.985
2008-03-06,1,-30.0187334101115,29.945
2008-03-07,1,-29.8940304144938,29.805
2008-03-10,1,-29.7876777507888,29.685
2008-03-11,1,-29.7462142706802,29.655
2008-03-12,1,-29.8136950810742,29.735
2008-03-13,1,-29.7521371827711,29.705
2008-03-14,0,-0,0
2008-03-17,-1,30.0296308307092,-30.115
2008-03-18,0,-0,0
2008-03-19,0,-0,0
2008-03-20,0,-0,0
2008-03-21,1,-29.4665406583939,29.445
2008-03-24,1,-28.9594500433466,28.855
2008-03-25,1,-29.0714813450814,28.995
2008-03-26,1,-29.1830917998163,29.054
2008-03-27,1,-29.3497488099576,29.335
2008-03-28,0,-0,0
2008-03-31,1,-29.5074953585748,29.5
2008-04-01,1,-29.2094991608829,29.19
2008-04-02,1,-29.3964325149596,29.39
2008-04-03,0,-0,0
2008-04-04,0,-0,0
2008-04-07,0,-0,0
2008-04-08,0,-0,0
2008-04-09,-1,29.5904527491828,-29.68
2008-04-10,0,-0,0
2008-04-11,0,-0,0
2008-04-14,1,-29.3833566222818,29.38
2008-04-15,1,-29.3705844279659,29.37
2008-04-16,0,-0,0
2008-04-17,0,-0,0
2008-04-18,0,-0,0
2008-04-21,0,-0,0
2008-04-22,-1,29.440697070297,-29.51
2008-04-23,-1,29.4690530993825,-29.538
2008-04-24,-1,29.5343112871623,-29.63
2008-04-25,-1,29.6197744613779,-29.77
2008-04-28,-1,29.7512353054054,-29.92
2008-04-29,-1,29.7519384148239,-29.885
2008-04-30,-1,29.7913409525855,-29.92
2008-05-01,-1,29.8426430430317,-30.04
2008-05-02,-1,29.8751370439147,-30.08
2008-05-05,-1,29.8252398575518,-30.04
2008-05-06,-1,29.8001348407179,-29.97
2008-05-07,-1,30.1045230815585,-30.28
2008-05-08,-1,30.3309035024814,-30.65
2008-05-09,-1,30.2036938548283,-30.43
2008-05-12,-1,30.3055044394527,-30.56
2008-05-13,-1,30.4700088481439,-30.71
2008-05-14,-1,30.6413542207528,-30.85
2008-05-15,-1,30.3932858880404,-30.55
2008-05-16,-1,30.1374981552745,-30.27
2008-05-19,-1,30.0247207660035,-30.11
2008-05-20,-1,30.1070525594849,-30.22
2008-05-21,-1,29.9412786376379,-30.04
2008-05-22,0,-0,0
2008-05-23,0,-0,0
2008-05-26,0,-0,0
2008-05-27,-1,30.091017847231,-30.16
2008-05-28,-1,30.0956315398595,-30.22
2008-05-29,0,-0,0
2008-05-30,-1,29.9088098305461,-29.97
2008-06-02,1,-29.6438284621532,29.64
2008-06-03,0,-0,0
2008-06-04,0,-0,0
2008-06-05,-1,29.9782446684257,-30.08
2008-06-06,-1,29.9964446897244,-30.06
2008-06-09,0,-0,0
2008-06-10,0,-0,0
2008-06-11,-1,29.9596245361596,-30.02
2008-06-12,-1,30.0190937795748,-30.1
2008-06-13,0,-0,0
2008-06-16,1,-29.9072728038703,29.9
2008-06-17,1,-29.7528463506205,29.67
2008-06-18,1,-29.8963277241621,29.88
2008-06-19,1,-29.8893746949933,29.85
2008-06-20,1,-29.9216573645322,29.88
2008-06-23,1,-29.9402649957651,29.91
2008-06-24,1,-29.9307349172282,29.915
2008-06-25,1,-29.8228111673458,29.76
2008-06-26,1,-29.8909587349648,29.863
2008-06-27,0,-0,0
2008-06-30,0,-0,0
2008-07-01,0,-0,0
2008-07-02,-1,29.9557762435817,-30.075
2008-07-03,-1,29.9848063701639,-30.058
2008-07-04,-1,29.9486259382173,-30.06
2008-07-07,0,-0,0
2008-07-08,0,-0,0
2008-07-09,0,-0,0
2008-07-10,0,-0,0
2008-07-11,0,-0,0
2008-07-14,0,-0,0
2008-07-15,0,-0,0
2008-07-16,0,-0,0
2008-07-17,1,-29.8015025758602,29.785
2008-07-18,1,-29.8253721865871,29.798
2008-07-21,1,-29.8701695135975,29.855
2008-07-22,1,-29.8714502605747,29.865
2008-07-23,0,-0,0
2008-07-24,0,-0,0
2008-07-25,0,-0,0
2008-07-28,0,-0,0
2008-07-29,-1,30.0639424639262,-30.15
2008-07-30,-1,30.2313682441218,-30.355
2008-07-31,-1,30.2742012706078,-30.385
2008-08-01,-1,30.4111739373426,-30.525
2008-08-04,-1,30.3371172453672,-30.415
2008-08-05,-1,30.4171371782835,-30.505
2008-08-06,-1,30.4665795603315,-30.545
2008-08-07,-1,30.7601442877325,-30.905
2008-08-08,-1,31.002218619967,-31.125
2008-08-11,-1,30.7699633382328,-30.895
2008-08-12,-1,30.7374312419471,-30.835
2008-08-13,0,-0,0
2008-08-14,-1,31.0385140742075,-31.135
2008-08-15,-1,31.0819094311401,-31.195
2008-08-18,-1,31.0084614032071,-31.093
2008-08-19,-1,31.0212074862931,-31.173
2008-08-20,-1,31.1046591772012,-31.175
2008-08-21,-1,30.9840927753096,-31.045
2008-08-22,0,-0,0
2008-08-25,-1,31.188559354907,-31.255
2008-08-26,-1,31.3900737734266,-31.545
2008-08-27,-1,31.3018627013894,-31.435
2008-08-28,-1,31.3043530631645,-31.405
2008-08-29,-1,31.3463085398474,-31.445
2008-09-01,-1,31.4391809670067,-31.55
2008-09-02,0,-0,0
2008-09-03,-1,31.6359863056069,-31.724
2008-09-04,0,-0,0
2008-09-05,-1,31.6324145853941,-31.696
2008-09-08,1,-31.5176880057848,31.514
2008-09-09,0,-0,0
2008-09-10,0,-0,0
2008-09-11,-1,31.9483740461231,-32.02
2008-09-12,0,-0,0
2008-09-15,0,-0,0
2008-09-16,0,-0,0
2008-09-17,-1,31.9342208882568,-32.012
2008-09-18,0,-0,0
2008-09-19,0,-0,0
2008-09-22,1,-31.5867672493303,31.554
2008-09-23,1,-31.6040654636003,31.591
2008-09-24,0,-0,0
2008-09-25,0,-0,0
2008-09-26,0,-0,0
2008-09-29,0,-0,0
2008-09-30,-1,32.040196705811,-32.127
2008-10-01,0,-0,0
2008-10-02,0,-0,0
2008-10-03,1,-31.9025955580341,31.885
2008-10-06,0,-0,0
2008-10-07,0,-0,0
2008-10-08,0,-0,0
2008-10-09,0,-0,0
2008-10-10,0,-0,0
2008-10-13,1,-31.890101147844,31.8
2008-10-14,1,-32.0024665749303,31.961
2008-10-15,1,-32.0766686590672,32.059
2008-10-16,0,-0,0
2008-10-17,0,-0,0
2008-10-20,1,-32.2482029874877,32.212
2008-10-21,0,-0,0
2008-10-22,0,-0,0
2008-10-23,-1,33.0838985461874,-33.189
2008-10-24,-1,33.2783349698277,-33.361
2008-10-27,-1,33.4361585733747,-33.519
2008-10-28,-1,33.1276121378517,-33.219
2008-10-29,-1,32.9585057342271,-33.074
2008-10-30,0,-0,0
2008-10-31,0,-0,0
2008-11-03,0,-0,0
2008-11-04,1,-32.2688818213548,32.235
2008-11-05,1,-32.4920791183317,32.421
2008-11-06,1,-32.4826599377693,32.426
2008-11-07,1,-32.4201318677942,32.349
2008-11-10,1,-32.5351624179439,32.502
2008-11-11,1,-32.6375269753843,32.598
2008-11-12,0,-0,0
2008-11-13,0,-0,0
2008-11-14,0,-0,0
2008-11-17,0,-0,0
2008-11-18,-1,32.994174599967,-33.091
2008-11-19,-1,33.0113224348738,-33.115
2008-11-20,-1,33.218333660559,-33.317
2008-11-21,-1,33.0390356442586,-33.124
2008-11-24,-1,33.0400788923633,-33.124
2008-11-25,-1,33.100305497456,-33.19
2008-11-26,-1,32.9998191437343,-33.081
2008-11-27,-1,32.9825755126592,-33.063
2008-11-28,-1,33.0924089053197,-33.164
2008-12-01,-1,33.2908380482254,-33.417
2008-12-02,-1,33.3106498619953,-33.455
2008-12-03,-1,33.4454411219812,-33.543
2008-12-04,-1,33.4643204372114,-33.591
2008-12-05,-1,33.413888541896,-33.508
2008-12-08,1,-33.4097534709031,33.403
2008-12-09,-1,33.3873011057105,-33.483
2008-12-10,-1,33.2749888316594,-33.341
2008-12-11,0,-0,0
2008-12-12,0,-0,0
2008-12-15,1,-32.8282941865306,32.809
2008-12-16,1,-32.6514914943491,32.609
2008-12-17,1,-32.2031612995852,32.147
2008-12-18,1,-32.0479133899639,31.99
2008-12-19,1,-32.1676023234317,32.146
2008-12-22,1,-32.6812576235227,32.668
2008-12-23,1,-32.7996727782359,32.796
2008-12-24,1,-32.7854003108799,32.785
2008-12-25,1,-32.7438461404247,32.739
2008-12-26,0,-0,0
2008-12-29,0,-0,0
2008-12-30,1,-32.4034750691032,32.38
2008-12-31,0,-0,0
2009-01-01,1,-32.5174856880222,32.503
2009-01-02,1,-32.612384127556,32.603
2009-01-05,0,-0,0
2009-01-06,0,-0,0
2009-01-07,0,-0,0
2009-01-08,0,-0,0
2009-01-09,-1,33.0131784748918,-33.088
2009-01-12,-1,33.1264529122438,-33.211
2009-01-13,-1,33.0698708767939,-33.144
2009-01-14,0,-0,0
2009-01-15,-1,33.2921179755383,-33.383
2009-01-16,0,-0,0
2009-01-19,-1,33.4631352696502,-33.573
2009-01-20,-1,33.6751539938605,-33.796
2009-01-21,-1,33.6038764738503,-33.697
2009-01-22,-1,33.4646509143559,-33.564
2009-01-23,-1,33.7488082195454,-33.865
2009-01-27,-1,33.7018942116858,-33.8
2009-01-28,-1,33.5849519838316,-33.68
2009-01-29,-1,33.6905836014267,-33.775
2009-01-30,-1,33.8758411504757,-33.96
2009-02-02,-1,33.7236188324015,-33.815
2009-02-03,-1,33.5735194081682,-33.667
2009-02-04,-1,33.5682766168241,-33.658
2009-02-05,0,-0,0
2009-02-06,-1,33.4567557933136,-33.521
2009-02-10,-1,33.951904942095,-34.019
2009-02-11,-1,33.9537955458583,-34.035
2009-02-12,0,-0,0
2009-02-13,-1,34.0314251850767,-34.094
2009-02-16,-1,34.2373988542169,-34.317
2009-02-17,-1,34.5359074655759,-34.605
2009-02-18,0,-0,0
2009-02-19,0,-0,0
2009-02-20,0,-0,0
2009-02-23,-1,34.5894492676611,-34.652
2009-02-24,0,-0,0
2009-02-25,0,-0,0
2009-02-26,0,-0,0
2009-02-27,0,-0,0
2009-03-02,0,-0,0
2009-03-03,0,-0,0
2009-03-04,0,-0,0
2009-03-05,0,-0,0
2009-03-06,0,-0,0
2009-03-09,0,-0,0
2009-03-10,0,-0,0
2009-03-11,0,-0,0
2009-03-12,0,-0,0
2009-03-13,0,-0,0
2009-03-16,0,-0,0
2009-03-17,0,-0,0
2009-03-18,0,-0,0
2009-03-19,0,-0,0
2009-03-20,1,-33.5776186206748,33.567
2009-03-23,0,-0,0
2009-03-24,1,-33.5707881865876,33.558
2009-03-25,1,-33.6378672303711,33.635
2009-03-26,1,-33.5113789962157,33.506
2009-03-27,1,-33.6837084124396,33.678
2009-03-30,0,-0,0
2009-03-31,0,-0,0
2009-04-01,0,-0,0
2009-04-02,1,-32.7667593127061,32.665
2009-04-03,1,-33.0087132427348,32.975
2009-04-06,1,-32.9443518951966,32.84
2009-04-07,1,-33.3509020512562,33.271
2009-04-08,1,-33.579648862412,33.487
2009-04-09,1,-33.4382281418737,33.342
2009-04-10,1,-33.3912021724302,33.303
2009-04-13,1,-33.3206351365189,33.199
2009-04-14,1,-33.3312004912659,33.216
2009-04-15,1,-33.4348023675852,33.389
2009-04-16,1,-33.5201535080864,33.489
2009-04-17,1,-33.5589698232697,33.555
2009-04-20,0,-0,0
2009-04-21,0,-0,0
2009-04-22,0,-0,0
2009-04-23,1,-33.4247001562725,33.413
2009-04-24,1,-33.1546359073796,33.136
2009-04-27,0,-0,0
2009-04-28,0,-0,0
2009-04-29,1,-32.9314703060492,32.925
2009-04-30,1,-32.2935154124932,32.082
2009-05-01,1,-32.2689139106524,32.085
2009-05-04,1,-32.4496014642795,32.365
2009-05-05,1,-32.4543215951561,32.372
2009-05-06,1,-32.5947788521898,32.498
2009-05-07,1,-32.5476764671742,32.508
2009-05-08,1,-32.3560703565499,32.277
2009-05-12,1,-32.3187577302669,32.195
2009-05-13,1,-32.3590639322708,32.296
2009-05-14,1,-32.3450245031734,32.318
2009-05-15,1,-32.4076386580731,32.405
2009-05-18,0,-0,0
2009-05-19,0,-0,0
2009-05-20,1,-32.1425994015777,32.107
2009-05-21,0,-0,0
2009-05-22,1,-31.9914527476424,31.984
2009-05-25,1,-32.0194760731828,32.016
2009-05-26,0,-0,0
2009-05-27,1,-31.8715573042188,31.791
2009-05-28,1,-31.8621457371945,31.785
2009-05-29,1,-31.7630802929062,31.695
2009-06-01,1,-31.4109486864681,31.304
2009-06-02,1,-31.7009018621058,31.605
2009-06-03,1,-31.9086888365198,31.857
2009-06-04,1,-31.906974062364,31.875
2009-06-05,1,-31.9935943628858,31.96
2009-06-08,0,-0,0
2009-06-09,0,-0,0
2009-06-10,0,-0,0
2009-06-11,0,-0,0
2009-06-12,0,-0,0
2009-06-15,0,-0,0
2009-06-16,0,-0,0
2009-06-17,0,-0,0
2009-06-18,0,-0,0
2009-06-19,-1,32.2112102056722,-32.281
2009-06-22,-1,32.3620716738186,-32.439
2009-06-23,-1,32.3256793224387,-32.445
2009-06-24,-1,32.2479631350991,-32.323
2009-06-25,0,-0,0
2009-06-26,-1,32.3302881756936,-32.417
2009-06-29,-1,32.3857713692448,-32.481
2009-06-30,1,-32.1629428966,32.145
2009-07-01,-1,32.072879281232,-32.144
2009-07-02,0,-0,0
2009-07-03,0,-0,0
2009-07-06,0,-0,0
2009-07-07,-1,32.466168879158,-32.615
2009-07-08,-1,32.573718611567,-32.711
2009-07-09,-1,32.5032376850787,-32.6
2009-07-10,-1,32.6013826898696,-32.68
2009-07-13,-1,32.7340028204094,-32.856
2009-07-14,-1,32.6463853032251,-32.749
2009-07-15,-1,32.4341932041738,-32.527
2009-07-16,0,-0,0
2009-07-17,-1,32.3752331085569,-32.436
2009-07-20,0,-0,0
2009-07-21,0,-0,0
2009-07-22,0,-0,0
2009-07-23,0,-0,0
2009-07-24,1,-32.1657942674195,32.151
2009-07-27,0,-0,0
2009-07-28,1,-32.2251828140072,32.217
2009-07-29,0,-0,0
2009-07-30,0,-0,0
2009-07-31,1,-32.2192455281971,32.192
2009-08-03,0,-0,0
2009-08-04,1,-32.1021045633072,32.072
2009-08-05,0,-0,0
2009-08-06,0,-0,0
2009-08-07,0,-0,0
2009-08-10,0,-0,0
2009-08-11,0,-0,0
2009-08-12,0,-0,0
2009-08-13,0,-0,0
2009-08-14,0,-0,0
2009-08-17,-1,32.564476870531,-32.661
2009-08-18,0,-0,0
2009-08-19,-1,32.541114861961,-32.606
2009-08-20,0,-0,0
2009-08-21,0,-0,0
2009-08-24,0,-0,0
2009-08-25,0,-0,0
2009-08-26,0,-0,0
2009-08-27,0,-0,0
2009-08-28,0,-0,0
2009-08-31,0,-0,0
2009-09-01,0,-0,0
2009-09-02,0,-0,0
2009-09-03,0,-0,0
2009-09-04,0,-0,0
2009-09-07,0,-0,0
2009-09-08,0,-0,0
2009-09-09,0,-0,0
2009-09-10,0,-0,0
2009-09-11,0,-0,0
2009-09-14,0,-0,0
2009-09-15,0,-0,0
2009-09-16,1,-31.8957363735119,31.893
2009-09-17,1,-31.8223907335515,31.821
2009-09-18,1,-31.8828199216314,31.859
2009-09-21,1,-31.9062979940345,31.897
2009-09-22,1,-31.7505408015491,31.716
2009-09-23,1,-31.8110021817042,31.797
2009-09-24,1,-31.8063286348324,31.792
2009-09-25,1,-31.8583891507465,31.84
2009-09-28,1,-31.887799769481,31.879
2009-09-29,1,-31.8120848878702,31.788
2009-09-30,1,-31.3685475586709,31.303
2009-10-01,1,-31.5291870405699,31.475
2009-10-02,1,-31.536944087905,31.5
2009-10-05,1,-31.418751219081,31.373
2009-10-06,1,-31.3638128647655,31.32
2009-10-07,1,-31.3577714044218,31.339
2009-10-08,0,-0,0
2009-10-09,1,-31.5526320494381,31.548
2009-10-12,1,-31.5637134480929,31.531
2009-10-13,1,-31.6070079612471,31.563
2009-10-14,1,-31.4798102072836,31.432
2009-10-15,1,-31.4557377768392,31.388
2009-10-16,1,-31.6063151619103,31.555
2009-10-19,1,-31.5867471940456,31.516
2009-10-20,1,-31.7663782577231,31.722
2009-10-21,1,-31.684911534161,31.669
2009-10-22,-1,31.8236791512658,-31.892
2009-10-23,0,-0,0
2009-10-26,0,-0,0
2009-10-27,0,-0,0
2009-10-28,0,-0,0
2009-10-29,0,-0,0
2009-10-30,0,-0,0
2009-11-02,0,-0,0
2009-11-03,0,-0,0
2009-11-04,0,-0,0
2009-11-05,0,-0,0
2009-11-06,0,-0,0
2009-11-09,1,-31.5575747140357,31.53
2009-11-10,1,-31.774310605235,31.765
2009-11-11,1,-31.6727622564742,31.652
2009-11-12,0,-0,0
2009-11-13,1,-31.3431380076371,31.309
2009-11-16,1,-31.2741886516355,31.254
2009-11-17,0,-0,0
2009-11-18,1,-31.3850509411217,31.374
2009-11-19,-1,31.7259989785367,-31.797
2009-11-20,0,-0,0
2009-11-23,0,-0,0
2009-11-24,0,-0,0
2009-11-25,0,-0,0
2009-11-26,0,-0,0
2009-11-27,-1,31.6249800322244,-31.69
2009-11-30,0,-0,0
2009-12-01,0,-0,0
2009-12-02,0,-0,0
2009-12-03,1,-31.4158328633597,31.404
2009-12-04,1,-31.4816623622415,31.475
2009-12-07,0,-0,0
2009-12-08,0,-0,0
2009-12-09,0,-0,0
2009-12-10,0,-0,0
2009-12-11,0,-0,0
2009-12-14,0,-0,0
2009-12-15,0,-0,0
2009-12-16,0,-0,0
2009-12-17,0,-0,0
2009-12-18,0,-0,0
2009-12-21,0,-0,0
2009-12-22,0,-0,0
2009-12-23,0,-0,0
2009-12-24,0,-0,0
2009-12-25,0,-0,0
2009-12-28,0,-0,0
2009-12-29,0,-0,0
2009-12-30,0,-0,0
2009-12-31,0,-0,0
2010-01-01,0,-0,0
2010-01-04,0,-0,0
2010-01-05,0,-0,0
2010-01-06,-1,31.0799241855221,-31.145
2010-01-07,-1,31.1476815566,-31.215
2010-01-08,0,-0,0
2010-01-11,0,-0,0
2010-01-12,0,-0,0
2010-01-13,0,-0,0
2010-01-14,0,-0,0
2010-01-15,0,-0,0
2010-01-18,0,-0,0
2010-01-19,0,-0,0
2010-01-20,-1,31.3090286288935,-31.416
2010-01-21,-1,31.333800023243,-31.402
2010-01-22,-1,31.3567068997685,-31.435
2010-01-25,0,-0,0
2010-01-26,-1,31.4160714299067,-31.479
2010-01-27,-1,31.4782481723755,-31.602
2010-01-28,-1,31.3649549017143,-31.428
2010-01-29,0,-0,0
2010-02-01,-1,31.4377083687119,-31.511
2010-02-02,-1,31.3832943113284,-31.483
2010-02-03,-1,31.326525226564,-31.423
2010-02-04,-1,31.4693941460666,-31.557
2010-02-05,-1,31.5454161668447,-31.651
2010-02-08,-1,31.5625819864873,-31.697
2010-02-09,-1,31.4474198159333,-31.541
2010-02-10,-1,31.4799013024625,-31.574
2010-02-11,0,-0,0
2010-02-12,0,-0,0
2010-02-15,0,-0,0
2010-02-16,0,-0,0
2010-02-17,0,-0,0
2010-02-18,0,-0,0
2010-02-19,0,-0,0
2010-02-22,0,-0,0
2010-02-23,0,-0,0
2010-02-24,0,-0,0
2010-02-25,0,-0,0
2010-02-26,-1,31.4850220598488,-31.547
2010-03-01,0,-0,0
2010-03-02,0,-0,0
2010-03-03,0,-0,0
2010-03-04,1,-31.3817282993523,31.374
2010-03-05,1,-31.2973537569738,31.283
2010-03-08,1,-31.2488633508817,31.229
2010-03-09,1,-31.2116595481332,31.196
2010-03-10,1,-31.10937387772,31.083
2010-03-11,0,-0,0
2010-03-12,1,-31.0970654490635,31.083
2010-03-15,0,-0,0
2010-03-16,0,-0,0
2010-03-17,1,-31.129742971711,31.121
2010-03-18,0,-0,0
2010-03-19,0,-0,0
2010-03-22,0,-0,0
2010-03-23,0,-0,0
2010-03-24,0,-0,0
2010-03-25,0,-0,0
2010-03-26,0,-0,0
2010-03-29,0,-0,0
2010-03-30,0,-0,0
2010-03-31,0,-0,0
2010-04-01,0,-0,0
2010-04-02,0,-0,0
2010-04-05,0,-0,0
2010-04-06,0,-0,0
2010-04-07,0,-0,0
2010-04-08,0,-0,0
2010-04-09,0,-0,0
2010-04-12,0,-0,0
2010-04-13,0,-0,0
2010-04-14,0,-0,0
2010-04-15,0,-0,0
2010-04-16,0,-0,0
2010-04-19,0,-0,0
2010-04-20,0,-0,0
2010-04-21,0,-0,0
2010-04-22,0,-0,0
2010-04-23,0,-0,0
2010-04-26,0,-0,0
2010-04-27,0,-0,0
2010-04-28,0,-0,0
2010-04-29,0,-0,0
2010-04-30,0,-0,0
2010-05-03,0,-0,0
2010-05-04,0,-0,0
2010-05-05,0,-0,0
2010-05-06,-1,31.1220383640281,-31.21
2010-05-07,-1,31.1296849618716,-31.194
2010-05-10,0,-0,0
2010-05-11,0,-0,0
2010-05-12,0,-0,0
2010-05-13,0,-0,0
2010-05-14,0,-0,0
2010-05-17,0,-0,0
2010-05-18,0,-0,0
2010-05-19,0,-0,0
2010-05-20,0,-0,0
2010-05-21,0,-0,0
2010-05-24,0,-0,0
2010-05-25,0,-0,0
2010-05-26,0,-0,0
2010-05-27,0,-0,0
2010-05-28,0,-0,0
2010-05-31,0,-0,0
2010-06-01,-1,31.7099631627322,-31.792
2010-06-02,-1,31.7190254530619,-31.805
2010-06-03,-1,31.766018732897,-31.829
2010-06-04,0,-0,0
2010-06-07,-1,31.9470132941655,-32.052
2010-06-08,0,-0,0
2010-06-09,-1,31.934304636654,-32.02
2010-06-10,0,-0,0
2010-06-11,0,-0,0
2010-06-14,0,-0,0
2010-06-15,0,-0,0
2010-06-16,0,-0,0
2010-06-17,0,-0,0
2010-06-18,0,-0,0
2010-06-21,0,-0,0
2010-06-22,0,-0,0
2010-06-23,0,-0,0
2010-06-24,0,-0,0
2010-06-25,0,-0,0
2010-06-28,0,-0,0
2010-06-29,0,-0,0
2010-06-30,0,-0,0
2010-07-01,-1,31.7577244309043,-31.825
2010-07-02,0,-0,0
2010-07-05,0,-0,0
2010-07-06,0,-0,0
2010-07-07,0,-0,0
2010-07-08,0,-0,0
2010-07-09,-1,31.5956895496547,-31.663
2010-07-12,-1,31.650192945322,-31.728
2010-07-13,-1,31.7526744690685,-31.845
2010-07-14,-1,31.6723807446804,-31.754
2010-07-15,-1,31.6974588731441,-31.823
2010-07-16,-1,31.7536947032417,-31.884
2010-07-19,-1,31.7812251114637,-31.92
2010-07-20,-1,31.7418561910838,-31.856
2010-07-21,-1,31.7361050288685,-31.832
2010-07-22,-1,31.8054598416462,-31.91
2010-07-23,-1,31.7449261441784,-31.828
2010-07-26,0,-0,0
2010-07-27,0,-0,0
2010-07-28,0,-0,0
2010-07-29,0,-0,0
2010-07-30,0,-0,0
2010-08-02,0,-0,0
2010-08-03,0,-0,0
2010-08-04,-1,31.4553066168168,-31.527
2010-08-05,-1,31.433070013743,-31.505
2010-08-06,0,-0,0
2010-08-09,0,-0,0
2010-08-10,-1,31.4746872828337,-31.535
2010-08-11,0,-0,0
2010-08-12,-1,31.5820124987604,-31.672
2010-08-13,-1,31.5536248163653,-31.614
2010-08-16,0,-0,0
2010-08-17,0,-0,0
2010-08-18,-1,31.5737953850878,-31.634
2010-08-19,0,-0,0
2010-08-20,-1,31.6005850187976,-31.666
2010-08-23,0,-0,0
2010-08-24,0,-0,0
2010-08-25,-1,31.7215535902994,-31.784
2010-08-26,0,-0,0
2010-08-27,0,-0,0
2010-08-30,0,-0,0
2010-08-31,0,-0,0
2010-09-01,0,-0,0
2010-09-02,0,-0,0
2010-09-03,0,-0,0
2010-09-06,0,-0,0
2010-09-07,0,-0,0
2010-09-08,0,-0,0
2010-09-09,0,-0,0
2010-09-10,0,-0,0
2010-09-13,0,-0,0
2010-09-14,0,-0,0
2010-09-15,0,-0,0
2010-09-16,0,-0,0
2010-09-17,0,-0,0
2010-09-20,0,-0,0
2010-09-21,0,-0,0
2010-09-22,0,-0,0
2010-09-23,1,-31.221080552169,31.217
2010-09-24,1,-31.0337865758601,31.025
2010-09-27,1,-30.9661602093987,30.945
2010-09-28,1,-31.0327337306724,31.016
2010-09-29,1,-30.8134936591282,30.772
2010-09-30,1,-30.8425345580575,30.817
2010-10-01,1,-30.5858590495384,30.525
2010-10-05,1,-30.6708387170987,30.514
2010-10-06,1,-30.3391603037194,30.267
2010-10-07,1,-30.3182677333457,30.287
2010-10-08,1,-30.4295440089652,30.376
2010-10-11,1,-30.3492626531369,30.298
2010-10-12,1,-30.5132458438908,30.503
2010-10-13,1,-30.3760660711212,30.368
2010-10-14,1,-30.2125048062049,30.197
2010-10-15,0,-0,0
2010-10-18,0,-0,0
2010-10-19,0,-0,0
2010-10-20,0,-0,0
2010-10-21,0,-0,0
2010-10-22,0,-0,0
2010-10-25,1,-29.9903239757116,29.968
2010-10-26,1,-30.1526074327639,30.146
2010-10-27,0,-0,0
2010-10-28,0,-0,0
2010-10-29,0,-0,0
2010-11-01,0,-0,0
2010-11-02,0,-0,0
2010-11-03,0,-0,0
2010-11-04,0,-0,0
2010-11-05,0,-0,0
2010-11-08,0,-0,0
2010-11-09,0,-0,0
2010-11-10,0,-0,0
2010-11-11,1,-29.6844138629156,29.67
2010-11-12,0,-0,0
2010-11-15,0,-0,0
2010-11-16,0,-0,0
2010-11-17,0,-0,0
2010-11-18,0,-0,0
2010-11-19,0,-0,0
2010-11-22,0,-0,0
2010-11-23,0,-0,0
2010-11-24,0,-0,0
2010-11-25,0,-0,0
2010-11-26,0,-0,0
2010-11-29,0,-0,0
2010-11-30,0,-0,0
2010-12-01,0,-0,0
2010-12-02,0,-0,0
2010-12-03,0,-0,0
2010-12-06,0,-0,0
2010-12-07,0,-0,0
2010-12-08,0,-0,0
2010-12-09,0,-0,0
2010-12-10,0,-0,0
2010-12-13,0,-0,0
2010-12-14,0,-0,0
2010-12-15,0,-0,0
2010-12-16,1,-29.4292299183883,29.418
2010-12-17,0,-0,0
2010-12-20,0,-0,0
2010-12-21,0,-0,0
2010-12-22,0,-0,0
2010-12-23,0,-0,0
2010-12-24,1,-29.1885381155725,29.17
2010-12-27,1,-28.9113870840237,28.889
2010-12-28,1,-29.0284369520407,29.003
2010-12-29,1,-28.8723148298905,28.867
2010-12-30,0,-0,0
2010-12-31,1,-28.5608360312276,28.494
2011-01-03,0,-0,0
2011-01-04,0,-0,0
2011-01-05,0,-0,0
2011-01-06,0,-0,0
2011-01-07,0,-0,0
2011-01-10,0,-0,0
2011-01-11,0,-0,0
2011-01-12,1,-28.3995476874075,28.395
2011-01-13,1,-28.3992335363516,28.383
2011-01-14,0,-0,0
2011-01-17,0,-0,0
2011-01-18,0,-0,0
2011-01-19,0,-0,0
2011-01-20,0,-0,0
2011-01-21,1,-28.5527787822715,28.551
2011-01-24,0,-0,0
2011-01-25,0,-0,0
2011-01-26,0,-0,0
2011-01-27,0,-0,0
2011-01-28,0,-0,0
2011-01-31,0,-0,0
2011-02-01,1,-28.4198278418604,28.388
2011-02-02,0,-0,0
2011-02-03,0,-0,0
2011-02-04,0,-0,0
2011-02-07,0,-0,0
2011-02-08,0,-0,0
2011-02-09,0,-0,0
2011-02-10,0,-0,0
2011-02-11,0,-0,0
2011-02-14,0,-0,0
2011-02-15,0,-0,0
2011-02-16,0,-0,0
2011-02-17,0,-0,0
2011-02-18,0,-0,0
2011-02-21,0,-0,0
2011-02-22,0,-0,0
2011-02-23,-1,29.1575170429268,-29.224
2011-02-24,-1,29.3772381454497,-29.466
2011-02-25,-1,29.2925387346984,-29.361
2011-02-28,-1,29.1274024956052,-29.19
2011-03-01,0,-0,0
2011-03-02,-1,29.1692192600242,-29.233
2011-03-03,0,-0,0
2011-03-04,0,-0,0
2011-03-07,0,-0,0
2011-03-08,0,-0,0
2011-03-09,0,-0,0
2011-03-10,0,-0,0
2011-03-11,0,-0,0
2011-03-14,0,-0,0
2011-03-15,0,-0,0
2011-03-16,0,-0,0
2011-03-17,0,-0,0
2011-03-18,0,-0,0
2011-03-21,0,-0,0
2011-03-22,0,-0,0
2011-03-23,0,-0,0
2011-03-24,0,-0,0
2011-03-25,0,-0,0
2011-03-28,1,-28.9369600342378,28.913
2011-03-29,1,-28.9820421411561,28.968
2011-03-30,1,-28.9638793449265,28.958
2011-03-31,0,-0,0
2011-04-01,1,-28.6688634282465,28.66
2011-04-04,1,-28.5161403033511,28.513
2011-04-05,1,-28.4364720867855,28.435
2011-04-06,1,-28.3890644772163,28.385
2011-04-07,1,-28.4556049107578,28.449
2011-04-08,1,-28.3000699653926,28.287
2011-04-11,1,-28.376284233953,28.368
2011-04-12,1,-28.5198861035113,28.517
2011-04-13,1,-28.4408139488762,28.435
2011-04-14,0,-0,0
2011-04-15,0,-0,0
2011-04-18,-1,28.7184453055493,-28.786
2011-04-19,0,-0,0
2011-04-20,0,-0,0
2011-04-21,0,-0,0
2011-04-22,0,-0,0
2011-04-25,0,-0,0
2011-04-26,0,-0,0
2011-04-27,0,-0,0
2011-04-28,0,-0,0
2011-04-29,0,-0,0
2011-05-02,0,-0,0
2011-05-03,0,-0,0
2011-05-04,0,-0,0
2011-05-05,0,-0,0
2011-05-06,-1,28.1316415514966,-28.201
2011-05-09,0,-0,0
2011-05-10,0,-0,0
2011-05-11,0,-0,0
2011-05-12,-1,28.1089130301005,-28.169
2011-05-13,-1,28.2480776435687,-28.312
2011-05-16,-1,28.3549740623944,-28.431
2011-05-17,-1,28.4509159267762,-28.515
2011-05-18,-1,28.3664509066459,-28.449
2011-05-19,-1,28.3618214814265,-28.435
2011-05-20,-1,28.3473752492846,-28.421
2011-05-23,-1,28.5935852832317,-28.703
2011-05-24,-1,28.4515429266889,-28.52
2011-05-25,-1,28.492946617658,-28.563
2011-05-26,0,-0,0
2011-05-27,-1,28.3538665040033,-28.416
2011-05-30,0,-0,0
2011-05-31,0,-0,0
2011-06-01,0,-0,0
2011-06-02,0,-0,0
2011-06-03,0,-0,0
2011-06-06,-1,28.2165143237003,-28.285
2011-06-07,0,-0,0
2011-06-08,0,-0,0
2011-06-09,-1,28.3780065965146,-28.442
2011-06-10,-1,28.470324128376,-28.567
2011-06-13,-1,28.4550643091186,-28.541
2011-06-14,-1,28.4274300768477,-28.508
2011-06-15,-1,28.4962884445628,-28.564
2011-06-16,-1,28.6081941206167,-28.692
2011-06-17,-1,28.534537998416,-28.619
2011-06-20,-1,28.6032756324671,-28.7
2011-06-21,-1,28.4788958122427,-28.55
2011-06-22,-1,28.441021708552,-28.508
2011-06-23,-1,28.5794088278091,-28.64
2011-06-24,-1,28.5191272135151,-28.579
2011-06-27,-1,28.5842144910007,-28.653
2011-06-28,0,-0,0
2011-06-29,0,-0,0
2011-06-30,0,-0,0
2011-07-01,0,-0,0
2011-07-04,0,-0,0
2011-07-05,0,-0,0
2011-07-06,-1,28.4595577286675,-28.519
2011-07-07,0,-0,0
2011-07-08,0,-0,0
2011-07-11,0,-0,0
2011-07-12,0,-0,0
2011-07-13,0,-0,0
2011-07-14,-1,28.4926548732072,-28.562
2011-07-15,0,-0,0
2011-07-18,0,-0,0
2011-07-19,0,-0,0
2011-07-20,0,-0,0
2011-07-21,0,-0,0
2011-07-22,0,-0,0
2011-07-25,0,-0,0
2011-07-26,0,-0,0
2011-07-27,0,-0,0
2011-07-28,0,-0,0
2011-07-29,0,-0,0
2011-08-01,-1,28.4754994455932,-28.545
2011-08-02,0,-0,0
2011-08-03,-1,28.6231916702937,-28.69
2011-08-04,-1,28.6745046342917,-28.743
2011-08-05,-1,28.7624329998786,-28.851
2011-08-08,-1,28.7826644522511,-28.857
2011-08-09,-1,28.6579056776716,-28.718
2011-08-10,0,-0,0
2011-08-11,0,-0,0
2011-08-12,0,-0,0
2011-08-15,1,-28.4290102144067,28.409
2011-08-16,1,-28.4010062405888,28.385
2011-08-17,1,-28.4488719520005,28.419
2011-08-18,1,-28.5945957060886,28.585
2011-08-19,1,-28.5248831161411,28.518
2011-08-22,1,-28.5723690130369,28.56
2011-08-23,1,-28.506787612672,28.46
2011-08-24,1,-28.6167021293026,28.606
2011-08-25,1,-28.7244979643907,28.723
2011-08-26,0,-0,0
2011-08-29,0,-0,0
2011-08-30,1,-28.6379696532818,28.636
2011-08-31,1,-28.5688349640495,28.557
2011-09-01,1,-28.5394178898657,28.519
2011-09-02,1,-28.5819730521189,28.56
2011-09-05,1,-28.6252072714338,28.59
2011-09-06,1,-28.6959227671876,28.69
2011-09-07,1,-28.6483718293858,28.645
2011-09-08,0,-0,0
2011-09-09,0,-0,0
2011-09-12,0,-0,0
2011-09-13,0,-0,0
2011-09-14,-1,29.2150653017617,-29.275
2011-09-15,-1,29.105496317474,-29.175
2011-09-16,0,-0,0
2011-09-19,-1,29.4736912643635,-29.565
2011-09-20,-1,29.4973765166085,-29.585
2011-09-21,-1,29.7887496170269,-29.865
2011-09-22,-1,30.3540151113535,-30.495
2011-09-23,-1,29.9298978974455,-30.065
2011-09-26,-1,30.0847553842686,-30.225
2011-09-27,-1,29.9283930551066,-30.025
2011-09-28,-1,30.132804793485,-30.225
2011-09-29,-1,30.2094656085384,-30.31
2011-09-30,-1,30.3473615951823,-30.465
2011-10-03,-1,30.3863646165331,-30.505
2011-10-04,-1,30.3447034656949,-30.45
2011-10-05,-1,30.2304614021714,-30.305
2011-10-06,-1,30.2684861319644,-30.33
2011-10-07,0,-0,0
2011-10-10,0,-0,0
2011-10-11,0,-0,0
2011-10-12,0,-0,0
2011-10-13,0,-0,0
2011-10-14,0,-0,0
2011-10-17,0,-0,0
2011-10-18,0,-0,0
2011-10-19,0,-0,0
2011-10-20,0,-0,0
2011-10-21,0,-0,0
2011-10-24,0,-0,0
2011-10-25,0,-0,0
2011-10-26,0,-0,0
2011-10-27,0,-0,0
2011-10-28,0,-0,0
2011-10-31,0,-0,0
2011-11-01,0,-0,0
2011-11-02,0,-0,0
2011-11-03,-1,29.8199049586253,-29.895
2011-11-04,0,-0,0
2011-11-07,-1,29.9255714296743,-29.995
2011-11-08,-1,29.8101328310918,-29.875
2011-11-09,0,-0,0
2011-11-10,-1,29.9321533333512,-30.015
2011-11-11,-1,29.8847111352431,-29.985
2011-11-14,-1,30.0312189403486,-30.135
2011-11-15,-1,30.0439618733889,-30.15
2011-11-16,-1,30.0144062049461,-30.095
2011-11-17,0,-0,0
2011-11-18,0,-0,0
2011-11-21,0,-0,0
2011-11-22,0,-0,0
2011-11-23,-1,30.3136402850361,-30.385
2011-11-24,-1,30.2552599287848,-30.345
2011-11-25,-1,30.3006566859881,-30.385
2011-11-28,-1,30.165612216914,-30.235
2011-11-29,0,-0,0
2011-11-30,0,-0,0
2011-12-01,0,-0,0
2011-12-02,0,-0,0
2011-12-05,0,-0,0
2011-12-06,0,-0,0
2011-12-07,0,-0,0
2011-12-08,0,-0,0
2011-12-09,0,-0,0
2011-12-12,0,-0,0
2011-12-13,0,-0,0
2011-12-14,0,-0,0
2011-12-15,0,-0,0
2011-12-16,0,-0,0
2011-12-19,0,-0,0
2011-12-20,0,-0,0
2011-12-21,0,-0,0
2011-12-22,0,-0,0
2011-12-23,0,-0,0
2011-12-26,0,-0,0
2011-12-27,0,-0,0
2011-12-28,0,-0,0
2011-12-29,0,-0,0
2011-12-30,0,-0,0
2012-01-02,0,-0,0
2012-01-03,0,-0,0
2012-01-04,0,-0,0
2012-01-05,0,-0,0
2012-01-06,0,-0,0
2012-01-09,0,-0,0
2012-01-10,1,-29.6584309250732,29.63
2012-01-11,1,-29.5995549628774,29.585
2012-01-12,1,-29.6043078765836,29.58
2012-01-13,1,-29.6890137835243,29.67
2012-01-16,0,-0,0
2012-01-17,0,-0,0
2012-01-18,1,-29.6203930978771,29.61
2012-01-19,1,-29.5938933299381,29.555
2012-01-20,1,-29.6776640361378,29.65
2012-01-23,1,-29.6274595058326,29.6
2012-01-24,0,-0,0
2012-01-25,1,-29.5449295286528,29.515
2012-01-26,1,-29.5256927207248,29.51
2012-01-27,1,-29.4026350347552,29.39
2012-01-30,1,-29.5284151256349,29.525
2012-01-31,0,-0,0
2012-02-01,0,-0,0
2012-02-02,0,-0,0
2012-02-03,0,-0,0
2012-02-06,0,-0,0
2012-02-07,-1,29.2901017515462,-29.35
2012-02-08,0,-0,0
2012-02-09,0,-0,0
2012-02-10,0,-0,0
2012-02-13,0,-0,0
2012-02-14,0,-0,0
2012-02-15,0,-0,0
2012-02-16,-1,29.3288047301362,-29.39
2012-02-17,0,-0,0
2012-02-20,0,-0,0
2012-02-21,0,-0,0
2012-02-22,0,-0,0
2012-02-23,0,-0,0
2012-02-24,0,-0,0
2012-02-27,0,-0,0
2012-02-28,0,-0,0
2012-02-29,0,-0,0
2012-03-01,0,-0,0
2012-03-02,0,-0,0
2012-03-05,-1,29.2937620602604,-29.355
2012-03-06,-1,29.3770548308463,-29.445
2012-03-07,0,-0,0
2012-03-08,0,-0,0
2012-03-09,0,-0,0
2012-03-12,0,-0,0
2012-03-13,0,-0,0
2012-03-14,-1,29.3911540771735,-29.455
2012-03-15,0,-0,0
2012-03-16,0,-0,0
2012-03-19,0,-0,0
2012-03-20,0,-0,0
2012-03-21,0,-0,0
2012-03-22,0,-0,0
2012-03-23,0,-0,0
2012-03-26,0,-0,0
2012-03-27,0,-0,0
2012-03-28,0,-0,0
2012-03-29,0,-0,0
2012-03-30,0,-0,0
2012-04-02,0,-0,0
2012-04-03,0,-0,0
2012-04-04,0,-0,0
2012-04-05,0,-0,0
2012-04-06,0,-0,0
2012-04-09,0,-0,0
2012-04-10,0,-0,0
2012-04-11,0,-0,0
2012-04-12,0,-0,0
2012-04-13,0,-0,0
2012-04-16,0,-0,0
2012-04-17,0,-0,0
2012-04-18,0,-0,0
2012-04-19,0,-0,0
2012-04-20,0,-0,0
2012-04-23,0,-0,0
2012-04-24,0,-0,0
2012-04-25,0,-0,0
2012-04-26,0,-0,0
2012-04-27,0,-0,0
2012-04-30,1,-28.8821146078364,28.875
2012-05-01,1,-28.8238993834863,28.815
2012-05-02,0,-0,0
2012-05-03,0,-0,0
2012-05-04,1,-29.0084953260713,28.985
2012-05-07,0,-0,0
2012-05-08,0,-0,0
2012-05-09,0,-0,0
2012-05-10,0,-0,0
2012-05-11,0,-0,0
2012-05-14,0,-0,0
2012-05-15,1,-29.3766026496502,29.368
2012-05-16,0,-0,0
2012-05-17,0,-0,0
2012-05-18,0,-0,0
2012-05-21,0,-0,0
2012-05-22,0,-0,0
2012-05-23,-1,29.3456126516113,-29.405
2012-05-24,0,-0,0
2012-05-25,0,-0,0
2012-05-28,0,-0,0
2012-05-29,0,-0,0
2012-05-30,0,-0,0
2012-05-31,0,-0,0
2012-06-01,0,-0,0
2012-06-04,0,-0,0
2012-06-05,0,-0,0
2012-06-06,0,-0,0
2012-06-07,0,-0,0
2012-06-08,0,-0,0
2012-06-11,0,-0,0
2012-06-12,0,-0,0
2012-06-13,0,-0,0
2012-06-14,0,-0,0
2012-06-15,0,-0,0
2012-06-18,0,-0,0
2012-06-19,0,-0,0
2012-06-20,0,-0,0
2012-06-21,0,-0,0
2012-06-22,0,-0,0
2012-06-25,0,-0,0
2012-06-26,0,-0,0
2012-06-27,0,-0,0
2012-06-28,0,-0,0
2012-06-29,0,-0,0
2012-07-02,0,-0,0
2012-07-03,0,-0,0
2012-07-04,0,-0,0
2012-07-05,0,-0,0
2012-07-06,0,-0,0
2012-07-09,0,-0,0
2012-07-10,0,-0,0
2012-07-11,0,-0,0
2012-07-12,0,-0,0
2012-07-13,0,-0,0
2012-07-16,0,-0,0
2012-07-17,0,-0,0
2012-07-18,0,-0,0
2012-07-19,0,-0,0
2012-07-20,0,-0,0
2012-07-23,0,-0,0
2012-07-24,0,-0,0
2012-07-25,0,-0,0
2012-07-26,0,-0,0
2012-07-27,0,-0,0
2012-07-30,0,-0,0
2012-07-31,0,-0,0
2012-08-01,0,-0,0
2012-08-02,0,-0,0
2012-08-03,0,-0,0
2012-08-06,0,-0,0
2012-08-07,0,-0,0
2012-08-08,0,-0,0
2012-08-09,0,-0,0
2012-08-10,0,-0,0
2012-08-13,0,-0,0
2012-08-14,0,-0,0
2012-08-15,0,-0,0
2012-08-16,0,-0,0
2012-08-17,0,-0,0
2012-08-20,0,-0,0
2012-08-21,0,-0,0
2012-08-22,0,-0,0
2012-08-23,0,-0,0
2012-08-24,0,-0,0
2012-08-27,0,-0,0
2012-08-28,0,-0,0
2012-08-29,0,-0,0
2012-08-30,0,-0,0
2012-08-31,0,-0,0
2012-09-03,0,-0,0
2012-09-04,0,-0,0
2012-09-05,0,-0,0
2012-09-06,0,-0,0
2012-09-07,0,-0,0
2012-09-10,0,-0,0
2012-09-11,0,-0,0
2012-09-12,0,-0,0
2012-09-13,0,-0,0
2012-09-14,0,-0,0
2012-09-17,0,-0,0
2012-09-18,0,-0,0
2012-09-19,0,-0,0
2012-09-20,0,-0,0
2012-09-21,0,-0,0
2012-09-24,0,-0,0
2012-09-25,0,-0,0
2012-09-26,0,-0,0
2012-09-27,0,-0,0
2012-09-28,0,-0,0
2012-10-01,0,-0,0
2012-10-02,0,-0,0
2012-10-03,0,-0,0
2012-10-04,0,-0,0
2012-10-05,0,-0,0
2012-10-08,0,-0,0
2012-10-09,0,-0,0
2012-10-10,0,-0,0
2012-10-11,0,-0,0
2012-10-12,0,-0,0
2012-10-15,0,-0,0
2012-10-16,0,-0,0
2012-10-17,0,-0,0
2012-10-18,0,-0,0
2012-10-19,0,-0,0
2012-10-22,0,-0,0
2012-10-23,0,-0,0
2012-10-24,0,-0,0
2012-10-25,0,-0,0
2012-10-26,0,-0,0
2012-10-29,0,-0,0
2012-10-30,0,-0,0
2012-10-31,0,-0,0
2012-11-01,0,-0,0
2012-11-02,0,-0,0
2012-11-05,0,-0,0
2012-11-06,0,-0,0
2012-11-07,0,-0,0
2012-11-08,0,-0,0
2012-11-09,0,-0,0
2012-11-12,0,-0,0
2012-11-13,0,-0,0
2012-11-14,0,-0,0
2012-11-15,0,-0,0
2012-11-16,0,-0,0
2012-11-19,0,-0,0
2012-11-20,0,-0,0
2012-11-21,0,-0,0
2012-11-22,0,-0,0
2012-11-23,1,-28.833479340434,28.829
2012-11-26,1,-28.7959528151974,28.775
2012-11-27,1,-28.8498951042293,28.82
2012-11-28,1,-28.8754270715405,28.86
2012-11-29,1,-28.8156218207,28.79
2012-11-30,0,-0,0
2012-12-03,1,-28.8294565372252,28.825
2012-12-04,0,-0,0
2012-12-05,0,-0,0
2012-12-06,0,-0,0
2012-12-07,0,-0,0
2012-12-10,0,-0,0
2012-12-11,1,-28.8017586748278,28.8
2012-12-12,0,-0,0
2012-12-13,0,-0,0
2012-12-14,0,-0,0
2012-12-17,1,-28.7305886241751,28.72
2012-12-18,1,-28.6866190472611,28.67
2012-12-19,1,-28.6979917930619,28.69
2012-12-20,1,-28.6794891850934,28.67
2012-12-21,1,-28.7356632561883,28.73
2012-12-24,0,-0,0
2012-12-25,0,-0,0
2012-12-26,1,-28.6447628518905,28.63
2012-12-27,1,-28.6415976390891,28.637
2012-12-28,0,-0,0
2012-12-31,0,-0,0
2013-01-01,0,-0,0
2013-01-02,0,-0,0
2013-01-03,0,-0,0
2013-01-04,0,-0,0
2013-01-07,0,-0,0
2013-01-08,-1,28.7486591767908,-28.825
2013-01-09,-1,28.7023901585611,-28.765
2013-01-10,0,-0,0
2013-01-11,0,-0,0
2013-01-14,0,-0,0
2013-01-15,0,-0,0
2013-01-16,0,-0,0
2013-01-17,0,-0,0
2013-01-18,0,-0,0
2013-01-21,0,-0,0
2013-01-22,-1,28.705344162042,-28.765
2013-01-23,0,-0,0
2013-01-24,0,-0,0
2013-01-25,-1,29.0645779707966,-29.125
2013-01-28,-1,29.2485016887158,-29.332
2013-01-29,-1,29.1783740980838,-29.25
2013-01-30,0,-0,0
2013-01-31,0,-0,0
2013-02-01,0,-0,0
2013-02-04,0,-0,0
2013-02-05,0,-0,0
2013-02-06,0,-0,0
2013-02-07,-1,29.3952169540041,-29.456
2013-02-08,-1,29.5237056858295,-29.597
2013-02-11,-1,29.547711394993,-29.618
2013-02-12,-1,29.4970276057133,-29.565
2013-02-13,0,-0,0
2013-02-14,0,-0,0
2013-02-15,0,-0,0
2013-02-18,0,-0,0
2013-02-19,0,-0,0
2013-02-20,0,-0,0
2013-02-21,0,-0,0
2013-02-22,0,-0,0
2013-02-25,0,-0,0
2013-02-26,0,-0,0
2013-02-27,0,-0,0
2013-02-28,0,-0,0
2013-03-01,0,-0,0
2013-03-04,0,-0,0
2013-03-05,0,-0,0
2013-03-06,0,-0,0
2013-03-07,0,-0,0
2013-03-08,0,-0,0
2013-03-11,0,-0,0
2013-03-12,0,-0,0
2013-03-13,0,-0,0
2013-03-14,0,-0,0
2013-03-15,0,-0,0
2013-03-18,0,-0,0
2013-03-19,0,-0,0
2013-03-20,0,-0,0
2013-03-21,0,-0,0
2013-03-22,0,-0,0
2013-03-25,0,-0,0
2013-03-26,0,-0,0
2013-03-27,0,-0,0
2013-03-28,0,-0,0
2013-03-29,0,-0,0
2013-04-01,0,-0,0
2013-04-02,0,-0,0
2013-04-03,0,-0,0
2013-04-04,0,-0,0
2013-04-05,0,-0,0
2013-04-08,0,-0,0
2013-04-09,0,-0,0
2013-04-10,0,-0,0
2013-04-11,0,-0,0
2013-04-12,0,-0,0
2013-04-15,0,-0,0
2013-04-16,0,-0,0
2013-04-17,0,-0,0
2013-04-18,0,-0,0
2013-04-19,0,-0,0
2013-04-22,0,-0,0
2013-04-23,0,-0,0
2013-04-24,0,-0,0
2013-04-25,0,-0,0
2013-04-26,0,-0,0
2013-04-29,0,-0,0
2013-04-30,0,-0,0
2013-05-01,0,-0,0
2013-05-02,0,-0,0
2013-05-03,0,-0,0
2013-05-06,0,-0,0
2013-05-07,0,-0,0
2013-05-08,0,-0,0
2013-05-09,0,-0,0
2013-05-10,-1,29.5658440585943,-29.625
2013-05-13,-1,29.7499599707061,-29.83
2013-05-14,-1,29.7504019744815,-29.833
2013-05-15,-1,29.8306037567964,-29.915
2013-05-16,-1,29.8952437811973,-29.973
2013-05-17,-1,29.9216669114927,-30.015
2013-05-20,-1,29.7664340093176,-29.835
2013-05-21,-1,29.69038076546,-29.755
2013-05-22,-1,29.8182992046177,-29.882
2013-05-23,-1,29.8226608396998,-29.895
2013-05-24,-1,29.8211911734406,-29.885
2013-05-27,0,-0,0
2013-05-28,0,-0,0
2013-05-29,-1,29.9027853071314,-29.965
2013-05-30,0,-0,0
2013-05-31,0,-0,0
2013-06-03,-1,29.7539673723381,-29.818
2013-06-04,0,-0,0
2013-06-05,0,-0,0
2013-06-06,1,-29.5643379545043,29.562
2013-06-07,0,-0,0
2013-06-10,1,-29.8234719690756,29.815
2013-06-11,0,-0,0
2013-06-12,0,-0,0
2013-06-13,0,-0,0
2013-06-14,0,-0,0
2013-06-17,0,-0,0
2013-06-18,0,-0,0
2013-06-19,0,-0,0
2013-06-20,0,-0,0
2013-06-21,0,-0,0
2013-06-24,0,-0,0
2013-06-25,0,-0,0
2013-06-26,0,-0,0
2013-06-27,0,-0,0
2013-06-28,0,-0,0
2013-07-01,0,-0,0
2013-07-02,0,-0,0
2013-07-03,0,-0,0
2013-07-04,0,-0,0
2013-07-05,0,-0,0
2013-07-08,0,-0,0
2013-07-09,0,-0,0
2013-07-10,0,-0,0
2013-07-11,0,-0,0
2013-07-12,0,-0,0
2013-07-15,0,-0,0
2013-07-16,0,-0,0
2013-07-17,0,-0,0
2013-07-18,0,-0,0
2013-07-19,0,-0,0
2013-07-22,0,-0,0
2013-07-23,1,-29.7817358912097,29.755
2013-07-24,0,-0,0
2013-07-25,0,-0,0
2013-07-26,0,-0,0
2013-07-29,0,-0,0
2013-07-30,0,-0,0
2013-07-31,0,-0,0
2013-08-01,0,-0,0
2013-08-02,0,-0,0
2013-08-05,0,-0,0
2013-08-06,0,-0,0
2013-08-07,0,-0,0
2013-08-08,0,-0,0
2013-08-09,0,-0,0
2013-08-12,0,-0,0
2013-08-13,0,-0,0
2013-08-14,0,-0,0
2013-08-15,0,-0,0
2013-08-16,0,-0,0
2013-08-19,0,-0,0
2013-08-20,0,-0,0
2013-08-21,0,-0,0
2013-08-22,0,-0,0
2013-08-23,0,-0,0
2013-08-26,0,-0,0
2013-08-27,0,-0,0
2013-08-28,0,-0,0
2013-08-29,0,-0,0
2013-08-30,1,-29.7702338825147,29.765
2013-09-02,1,-29.5156092485688,29.485
2013-09-03,1,-29.5854601445033,29.565
2013-09-04,1,-29.4967564484288,29.483
2013-09-05,1,-29.6008618340764,29.575
2013-09-06,1,-29.4973887095225,29.485
2013-09-09,1,-29.3816588055657,29.345
2013-09-10,1,-29.4364593483478,29.415
2013-09-11,1,-29.4624808303736,29.452
2013-09-12,1,-29.4579417723927,29.44
2013-09-13,1,-29.476877133247,29.445
2013-09-16,1,-29.357621660494,29.335
2013-09-17,1,-29.3639207249469,29.355
2013-09-18,1,-29.1853588058615,29.165
2013-09-19,1,-29.2452194654615,29.225
2013-09-20,1,-29.3212947396519,29.315
2013-09-23,1,-29.2680947638255,29.26
2013-09-24,0,-0,0
2013-09-25,0,-0,0
2013-09-26,0,-0,0
2013-09-27,0,-0,0
2013-09-30,0,-0,0
2013-10-01,0,-0,0
2013-10-02,0,-0,0
2013-10-03,0,-0,0
2013-10-04,0,-0,0
2013-10-07,0,-0,0
2013-10-08,0,-0,0
2013-10-09,0,-0,0
2013-10-10,0,-0,0
2013-10-11,0,-0,0
2013-10-14,0,-0,0
2013-10-15,0,-0,0
2013-10-16,0,-0,0
2013-10-17,0,-0,0
2013-10-18,0,-0,0
2013-10-21,0,-0,0
2013-10-22,0,-0,0
2013-10-23,1,-29.1124836995799,29.08
2013-10-24,0,-0,0
2013-10-25,0,-0,0
2013-10-28,0,-0,0
2013-10-29,0,-0,0
2013-10-30,0,-0,0
2013-10-31,0,-0,0
2013-11-01,0,-0,0
2013-11-04,0,-0,0
2013-11-05,0,-0,0
2013-11-06,0,-0,0
2013-11-07,0,-0,0
2013-11-08,0,-0,0
2013-11-11,0,-0,0
2013-11-12,-1,29.3530108965303,-29.415
2013-11-13,-1,29.3262136568611,-29.385
2013-11-14,0,-0,0
2013-11-15,0,-0,0
2013-11-18,0,-0,0
2013-11-19,0,-0,0
2013-11-20,0,-0,0
2013-11-21,0,-0,0
2013-11-22,0,-0,0
2013-11-25,0,-0,0
2013-11-26,0,-0,0
2013-11-27,0,-0,0
2013-11-28,0,-0,0
2013-11-29,0,-0,0
2013-12-02,0,-0,0
2013-12-03,0,-0,0
2013-12-04,0,-0,0
2013-12-05,0,-0,0
2013-12-06,0,-0,0
2013-12-09,0,-0,0
2013-12-10,0,-0,0
2013-12-11,1,-29.2970876404474,29.285
2013-12-12,0,-0,0
2013-12-13,0,-0,0
2013-12-16,0,-0,0
2013-12-17,0,-0,0
2013-12-18,0,-0,0
2013-12-19,0,-0,0
2013-12-20,0,-0,0
2013-12-23,-1,29.7218526511254,-29.795
2013-12-24,-1,29.7900657711386,-29.865
2013-12-25,-1,29.7880228446432,-29.885
2013-12-26,-1,29.7770923543771,-29.845
2013-12-27,0,-0,0
2013-12-30,-1,29.6494087341941,-29.72
2013-12-31,-1,29.6147961716845,-29.695
2014-01-01,-1,29.6131371288448,-29.675
2014-01-02,-1,29.7413474186055,-29.81
2014-01-03,-1,29.774832079457,-29.84
2014-01-06,0,-0,0
2014-01-07,-1,29.9499551413696,-30.01
2014-01-08,-1,29.963260108364,-30.025
2014-01-09,0,-0,0
2014-01-10,0,-0,0
2014-01-13,0,-0,0
2014-01-14,0,-0,0
2014-01-15,0,-0,0
2014-01-16,0,-0,0
2014-01-17,0,-0,0
2014-01-20,0,-0,0
2014-01-21,0,-0,0
2014-01-22,-1,30.0387425948676,-30.1
2014-01-23,-1,30.0974109316269,-30.165
2014-01-24,-1,30.1019226144349,-30.175
2014-01-27,-1,30.1847522560174,-30.245
2014-01-28,0,-0,0
2014-01-29,0,-0,0
2014-01-30,0,-0,0
2014-01-31,0,-0,0
2014-02-03,0,-0,0
2014-02-04,0,-0,0
2014-02-05,0,-0,0
2014-02-06,0,-0,0
2014-02-07,0,-0,0
2014-02-10,0,-0,0
2014-02-11,0,-0,0
2014-02-12,0,-0,0
2014-02-13,0,-0,0
2014-02-14,0,-0,0
2014-02-17,0,-0,0
2014-02-18,0,-0,0
2014-02-19,1,-30.1510476627955,30.145
2014-02-20,0,-0,0
2014-02-21,0,-0,0
2014-02-24,0,-0,0
2014-02-25,1,-30.1812870969253,30.179
2014-02-26,1,-30.1035020817131,30.1
2014-02-27,0,-0,0
2014-02-28,0,-0,0
2014-03-03,0,-0,0
2014-03-04,0,-0,0
2014-03-05,0,-0,0
2014-03-06,0,-0,0
2014-03-07,0,-0,0
2014-03-10,0,-0,0
2014-03-11,0,-0,0
2014-03-12,0,-0,0
2014-03-13,0,-0,0
2014-03-14,0,-0,0
2014-03-17,0,-0,0
2014-03-18,-1,30.2924868795038,-30.36
2014-03-19,0,-0,0
2014-03-20,0,-0,0
2014-03-21,0,-0,0
2014-03-24,0,-0,0
2014-03-25,0,-0,0
2014-03-26,0,-0,0
2014-03-27,0,-0,0
2014-03-28,0,-0,0
2014-03-31,0,-0,0
2014-04-01,0,-0,0
2014-04-02,1,-30.0890771154122,30.085
2014-04-03,0,-0,0
2014-04-04,0,-0,0
2014-04-07,0,-0,0
2014-04-08,0,-0,0
2014-04-09,0,-0,0
2014-04-10,0,-0,0
2014-04-11,0,-0,0
2014-04-14,0,-0,0
2014-04-15,0,-0,0
2014-04-16,0,-0,0
2014-04-17,0,-0,0
2014-04-18,0,-0,0
2014-04-21,0,-0,0
2014-04-22,0,-0,0
2014-04-23,0,-0,0
2014-04-24,0,-0,0
2014-04-25,0,-0,0
2014-04-28,0,-0,0
2014-04-29,0,-0,0
2014-04-30,0,-0,0
2014-05-01,0,-0,0
2014-05-02,0,-0,0
2014-05-05,0,-0,0
2014-05-06,0,-0,0
2014-05-07,0,-0,0
2014-05-08,0,-0,0
2014-05-09,0,-0,0
2014-05-12,0,-0,0
2014-05-13,0,-0,0
2014-05-14,0,-0,0
2014-05-15,0,-0,0
2014-05-16,0,-0,0
2014-05-19,0,-0,0
2014-05-20,0,-0,0
2014-05-21,0,-0,0
2014-05-22,0,-0,0
2014-05-23,0,-0,0
2014-05-26,0,-0,0
2014-05-27,0,-0,0
2014-05-28,0,-0,0
2014-05-29,0,-0,0
2014-05-30,0,-0,0
2014-06-02,0,-0,0
2014-06-03,0,-0,0
2014-06-04,0,-0,0
2014-06-05,0,-0,0
2014-06-06,0,-0,0
2014-06-09,0,-0,0
2014-06-10,0,-0,0
2014-06-11,0,-0,0
2014-06-12,0,-0,0
2014-06-13,0,-0,0
2014-06-16,0,-0,0
2014-06-17,0,-0,0
2014-06-18,0,-0,0
2014-06-19,0,-0,0
2014-06-20,0,-0,0
2014-06-23,0,-0,0
2014-06-24,0,-0,0
2014-06-25,0,-0,0
2014-06-26,0,-0,0
2014-06-27,0,-0,0
2014-06-30,0,-0,0
2014-07-01,0,-0,0
2014-07-02,0,-0,0
2014-07-03,0,-0,0
2014-07-04,0,-0,0
2014-07-07,0,-0,0
2014-07-08,0,-0,0
2014-07-09,0,-0,0
2014-07-10,0,-0,0
2014-07-11,0,-0,0
2014-07-14,0,-0,0
2014-07-15,0,-0,0
2014-07-16,0,-0,0
2014-07-17,0,-0,0
2014-07-18,0,-0,0
2014-07-21,0,-0,0
2014-07-22,0,-0,0
2014-07-23,0,-0,0
2014-07-24,0,-0,0
2014-07-25,0,-0,0
2014-07-28,0,-0,0
2014-07-29,0,-0,0
2014-07-30,0,-0,0
2014-07-31,0,-0,0
2014-08-01,0,-0,0
2014-08-04,0,-0,0
2014-08-05,0,-0,0
2014-08-06,0,-0,0
2014-08-07,0,-0,0
2014-08-08,0,-0,0
2014-08-11,0,-0,0
2014-08-12,0,-0,0
2014-08-13,0,-0,0
2014-08-14,0,-0,0
2014-08-15,0,-0,0
2014-08-18,0,-0,0
2014-08-19,0,-0,0
2014-08-20,0,-0,0
2014-08-21,0,-0,0
2014-08-22,0,-0,0
2014-08-25,0,-0,0
2014-08-26,1,-29.7831789756214,29.78
2014-08-27,0,-0,0
2014-08-28,0,-0,0
2014-08-29,0,-0,0
2014-09-01,0,-0,0
2014-09-02,0,-0,0
2014-09-03,0,-0,0
2014-09-04,0,-0,0
2014-09-05,0,-0,0
2014-09-08,0,-0,0
2014-09-09,0,-0,0
2014-09-10,0,-0,0
2014-09-11,0,-0,0
2014-09-12,0,-0,0
2014-09-15,0,-0,0
2014-09-16,0,-0,0
2014-09-17,0,-0,0
2014-09-18,0,-0,0
2014-09-19,0,-0,0
2014-09-22,0,-0,0
2014-09-23,0,-0,0
2014-09-24,0,-0,0
2014-09-25,0,-0,0
2014-09-26,0,-0,0
2014-09-29,0,-0,0
2014-09-30,0,-0,0
2014-10-01,0,-0,0
2014-10-02,0,-0,0
2014-10-03,0,-0,0
2014-10-06,0,-0,0
2014-10-07,0,-0,0
2014-10-08,0,-0,0
2014-10-09,0,-0,0
2014-10-10,0,-0,0
2014-10-13,0,-0,0
2014-10-14,0,-0,0
2014-10-15,0,-0,0
2014-10-16,0,-0,0
2014-10-17,0,-0,0
2014-10-20,0,-0,0
2014-10-21,0,-0,0
2014-10-22,0,-0,0
2014-10-23,0,-0,0
2014-10-24,0,-0,0
2014-10-27,0,-0,0
2014-10-28,0,-0,0
2014-10-29,0,-0,0
2014-10-30,0,-0,0
2014-10-31,0,-0,0
2014-11-03,0,-0,0
2014-11-04,0,-0,0
2014-11-05,0,-0,0
2014-11-06,0,-0,0
2014-11-07,0,-0,0
2014-11-10,0,-0,0
2014-11-11,0,-0,0
2014-11-12,0,-0,0
2014-11-13,0,-0,0
2014-11-14,0,-0,0
2014-11-17,0,-0,0
2014-11-18,0,-0,0
2014-11-19,0,-0,0
2014-11-20,0,-0,0
2014-11-21,0,-0,0
2014-11-24,0,-0,0
2014-11-25,0,-0,0
2014-11-26,0,-0,0
2014-11-27,0,-0,0
2014-11-28,0,-0,0
2014-12-01,0,-0,0
2014-12-02,0,-0,0
2014-12-03,0,-0,0
2014-12-04,0,-0,0
2014-12-05,0,-0,0
2014-12-08,0,-0,0
2014-12-09,0,-0,0
2014-12-10,0,-0,0
2014-12-11,0,-0,0
2014-12-12,-1,31.2178540087088,-31.28
2014-12-15,-1,31.0712128818867,-31.135
2014-12-16,-1,31.1004082549998,-31.17
2014-12-17,0,-0,0
2014-12-18,0,-0,0
2014-12-19,-1,31.3798425412008,-31.44
2014-12-22,-1,31.4408687683781,-31.528
2014-12-23,-1,31.6577191134107,-31.72
2014-12-24,0,-0,0
2014-12-25,0,-0,0
2014-12-26,0,-0,0
2014-12-29,0,-0,0
2014-12-30,0,-0,0
2014-12-31,0,-0,0
2015-01-01,0,-0,0
2015-01-02,-1,31.6604035554527,-31.72
2015-01-05,0,-0,0
2015-01-06,0,-0,0
2015-01-07,0,-0,0
2015-01-08,0,-0,0
2015-01-09,0,-0,0
2015-01-12,0,-0,0
2015-01-13,0,-0,0
2015-01-14,0,-0,0
2015-01-15,0,-0,0
2015-01-16,0,-0,0
2015-01-19,0,-0,0
2015-01-20,0,-0,0
2015-01-21,0,-0,0
2015-01-22,0,-0,0
2015-01-23,1,-31.1313890124488,31.12
2015-01-26,0,-0,0
2015-01-27,0,-0,0
2015-01-28,0,-0,0
2015-01-29,0,-0,0
2015-01-30,0,-0,0
2015-02-02,0,-0,0
2015-02-03,0,-0,0
2015-02-04,0,-0,0
2015-02-05,0,-0,0
2015-02-06,0,-0,0
2015-02-09,0,-0,0
2015-02-10,0,-0,0
2015-02-11,0,-0,0
2015-02-12,0,-0,0
2015-02-13,0,-0,0
2015-02-16,0,-0,0
2015-02-17,0,-0,0
2015-02-18,0,-0,0
2015-02-19,0,-0,0
2015-02-20,0,-0,0
2015-02-23,0,-0,0
2015-02-24,0,-0,0
2015-02-25,0,-0,0
2015-02-26,0,-0,0
2015-02-27,0,-0,0
2015-03-02,0,-0,0
2015-03-03,0,-0,0
2015-03-04,0,-0,0
2015-03-05,0,-0,0
2015-03-06,0,-0,0
2015-03-09,0,-0,0
2015-03-10,0,-0,0
2015-03-11,0,-0,0
2015-03-12,0,-0,0
2015-03-13,-1,31.6759107371445,-31.745
2015-03-16,0,-0,0
2015-03-17,0,-0,0
2015-03-18,-1,31.2109231032473,-31.28
2015-03-19,0,-0,0
2015-03-20,0,-0,0
2015-03-23,0,-0,0
2015-03-24,0,-0,0
2015-03-25,0,-0,0
2015-03-26,0,-0,0
2015-03-27,0,-0,0
2015-03-30,0,-0,0
2015-03-31,0,-0,0
2015-04-01,0,-0,0
2015-04-02,0,-0,0
2015-04-03,1,-30.8002136068077,30.795
2015-04-06,1,-30.8298004121155,30.825
2015-04-07,1,-30.9247075699504,30.915
2015-04-08,1,-30.9894052718082,30.987
2015-04-09,0,-0,0
2015-04-10,0,-0,0
2015-04-13,0,-0,0
2015-04-14,0,-0,0
2015-04-15,0,-0,0
2015-04-16,0,-0,0
2015-04-17,0,-0,0
2015-04-20,0,-0,0
2015-04-21,0,-0,0
2015-04-22,0,-0,0
2015-04-23,0,-0,0
2015-04-24,0,-0,0
2015-04-27,0,-0,0
2015-04-28,0,-0,0
2015-04-29,0,-0,0
2015-04-30,0,-0,0
2015-05-01,0,-0,0
2015-05-04,0,-0,0
2015-05-05,0,-0,0
2015-05-06,0,-0,0
2015-05-07,0,-0,0
2015-05-08,0,-0,0
2015-05-11,0,-0,0
2015-05-12,0,-0,0
2015-05-13,0,-0,0
2015-05-14,0,-0,0
2015-05-15,0,-0,0
2015-05-18,0,-0,0
2015-05-19,0,-0,0
2015-05-20,0,-0,0
2015-05-21,0,-0,0
2015-05-22,0,-0,0
2015-05-25,0,-0,0
2015-05-26,0,-0,0
2015-05-27,0,-0,0
2015-05-28,0,-0,0
2015-05-29,0,-0,0
2015-06-01,0,-0,0
2015-06-02,1,-30.6940280860783,30.69
2015-06-03,0,-0,0
2015-06-04,0,-0,0
2015-06-05,0,-0,0
2015-06-08,0,-0,0
2015-06-09,0,-0,0
2015-06-10,0,-0,0
2015-06-11,0,-0,0
2015-06-12,0,-0,0
2015-06-15,0,-0,0
2015-06-16,0,-0,0
2015-06-17,0,-0,0
2015-06-18,0,-0,0
2015-06-19,1,-30.5744830958143,30.57
2015-06-22,0,-0,0
2015-06-23,0,-0,0
2015-06-24,0,-0,0
2015-06-25,0,-0,0
2015-06-26,0,-0,0
2015-06-29,0,-0,0
2015-06-30,0,-0,0
2015-07-01,0,-0,0
2015-07-02,0,-0,0
2015-07-03,0,-0,0
2015-07-06,0,-0,0
2015-07-07,0,-0,0
2015-07-08,0,-0,0
2015-07-09,0,-0,0
2015-07-10,0,-0,0
2015-07-13,0,-0,0
2015-07-14,0,-0,0
2015-07-15,0,-0,0
2015-07-16,0,-0,0
2015-07-17,0,-0,0
2015-07-20,0,-0,0
2015-07-21,0,-0,0
2015-07-22,0,-0,0
2015-07-23,0,-0,0
2015-07-24,0,-0,0
2015-07-27,0,-0,0
2015-07-28,0,-0,0
2015-07-29,0,-0,0
2015-07-30,0,-0,0
2015-07-31,0,-0,0
2015-08-03,0,-0,0
2015-08-04,0,-0,0
2015-08-05,0,-0,0
2015-08-06,0,-0,0
2015-08-07,0,-0,0
2015-08-10,0,-0,0
2015-08-11,0,-0,0
2015-08-12,0,-0,0
2015-08-13,-1,32.0396534772473,-32.105
2015-08-14,0,-0,0
2015-08-17,0,-0,0
2015-08-18,-1,32.5123204148493,-32.575
2015-08-19,0,-0,0
2015-08-20,0,-0,0
2015-08-21,0,-0,0
2015-08-24,0,-0,0
2015-08-25,-1,32.623729359312,-32.685
2015-08-26,0,-0,0
2015-08-27,0,-0,0
2015-08-28,0,-0,0
2015-08-31,0,-0,0
2015-09-01,0,-0,0
2015-09-02,0,-0,0
2015-09-03,0,-0,0
2015-09-04,-1,32.6442989012259,-32.72
2015-09-07,0,-0,0
2015-09-08,0,-0,0
2015-09-09,0,-0,0
2015-09-10,0,-0,0
2015-09-11,-1,32.3902690026313,-32.46
2015-09-14,0,-0,0
2015-09-15,0,-0,0
2015-09-16,0,-0,0
2015-09-17,0,-0,0
2015-09-18,0,-0,0
2015-09-21,0,-0,0
2015-09-22,0,-0,0
2015-09-23,0,-0,0
2015-09-24,0,-0,0
2015-09-25,0,-0,0
2015-09-28,0,-0,0
2015-09-29,-1,33.151856010277,-33.215
2015-09-30,-1,33.0286882288076,-33.09
2015-10-01,0,-0,0
2015-10-02,0,-0,0
2015-10-05,-1,32.4508924292286,-32.51
2015-10-06,0,-0,0
2015-10-07,0,-0,0
2015-10-08,0,-0,0
2015-10-09,0,-0,0
2015-10-12,0,-0,0
2015-10-13,0,-0,0
2015-10-14,0,-0,0
2015-10-15,0,-0,0
2015-10-16,0,-0,0
2015-10-19,0,-0,0
2015-10-20,0,-0,0
2015-10-21,0,-0,0
2015-10-22,0,-0,0
2015-10-23,0,-0,0
2015-10-26,0,-0,0
2015-10-27,0,-0,0
2015-10-28,0,-0,0
2015-10-29,0,-0,0
2015-10-30,0,-0,0
2015-11-02,0,-0,0
2015-11-03,0,-0,0
2015-11-04,0,-0,0
2015-11-05,0,-0,0
2015-11-06,0,-0,0
2015-11-09,0,-0,0
2015-11-10,0,-0,0
2015-11-11,0,-0,0
2015-11-12,0,-0,0
2015-11-13,0,-0,0
2015-11-16,0,-0,0
2015-11-17,0,-0,0
2015-11-18,0,-0,0
2015-11-19,0,-0,0
2015-11-20,1,-32.4399265280654,32.43
2015-11-23,0,-0,0
2015-11-24,1,-32.4049303399608,32.398
2015-11-25,1,-32.4296342395474,32.418
2015-11-26,0,-0,0
2015-11-27,-1,32.6088200086712,-32.685
2015-11-30,0,-0,0
2015-12-01,1,-32.610812242775,32.607
2015-12-02,0,-0,0
2015-12-03,-1,32.6148055719935,-32.675
2015-12-04,0,-0,0
2015-12-07,0,-0,0
2015-12-08,0,-0,0
2015-12-09,0,-0,0
2015-12-10,0,-0,0
2015-12-11,1,-33.0922875872759,33.085
2015-12-14,0,-0,0
2015-12-15,0,-0,0
2015-12-16,0,-0,0
2015-12-17,0,-0,0
2015-12-18,-1,32.8941396960364,-32.965
2015-12-21,0,-0,0
2015-12-22,0,-0,0
2015-12-23,0,-0,0
2015-12-24,0,-0,0
2015-12-25,0,-0,0
2015-12-28,0,-0,0
2015-12-29,0,-0,0
2015-12-30,-1,33.0757074160093,-33.14
2015-12-31,-1,32.9315191778425,-33.01
2016-01-01,-1,32.9473327289822,-33.01
2016-01-04,0,-0,0
2016-01-05,0,-0,0
2016-01-06,-1,33.5678563242698,-33.665
2016-01-07,-1,33.5028147204102,-33.565
2016-01-08,-1,33.5315240912309,-33.61
2016-01-11,-1,33.4300377902303,-33.542
2016-01-12,-1,33.5762925833255,-33.66
2016-01-13,-1,33.566745243773,-33.705
2016-01-14,-1,33.6352685032894,-33.765
2016-01-15,-1,33.6800464531783,-33.865
2016-01-18,-1,33.6370195875907,-33.745
2016-01-19,0,-0,0
2016-01-20,0,-0,0
2016-01-21,-1,33.7097172587621,-33.775
2016-01-22,0,-0,0
2016-01-25,0,-0,0
2016-01-26,0,-0,0
2016-01-27,0,-0,0
2016-01-28,0,-0,0
2016-01-29,0,-0,0
2016-02-01,0,-0,0
2016-02-02,0,-0,0
2016-02-03,0,-0,0
2016-02-04,-1,33.135659366487,-33.21
2016-02-05,-1,33.4134306606935,-33.48
2016-02-08,0,-0,0
2016-02-09,-1,33.2868785518789,-33.345
2016-02-10,-1,33.0077232050407,-33.095
2016-02-11,0,-0,0
2016-02-12,0,-0,0
2016-02-15,0,-0,0
2016-02-16,0,-0,0
2016-02-17,-1,33.3981640710004,-33.46
2016-02-18,0,-0,0
2016-02-19,-1,33.4416296401477,-33.515
2016-02-22,0,-0,0
2016-02-23,-1,33.4413527079644,-33.52
2016-02-24,-1,33.4355116758575,-33.51
2016-02-25,-1,33.3854199635818,-33.45
2016-02-26,-1,33.4843735682373,-33.545
2016-02-29,-1,33.4285690104813,-33.505
2016-03-01,0,-0,0
2016-03-02,0,-0,0
2016-03-03,0,-0,0
2016-03-04,1,-32.5601773913513,32.537
2016-03-07,1,-32.6913728417446,32.67
2016-03-08,0,-0,0
2016-03-09,1,-32.9001841022513,32.89
2016-03-10,1,-32.9007503680038,32.86
2016-03-11,1,-32.6339846707084,32.605
2016-03-14,1,-32.6894448945544,32.655
2016-03-15,0,-0,0
2016-03-16,1,-32.5188344505988,32.505
2016-03-17,1,-32.2682074507536,32.19
2016-03-18,1,-32.3259872366506,32.256
2016-03-21,1,-32.3453558474452,32.282
2016-03-22,1,-32.3118797485428,32.26
2016-03-23,1,-32.5353552144122,32.51
2016-03-24,0,-0,0
2016-03-25,0,-0,0
2016-03-28,0,-0,0
2016-03-29,0,-0,0
2016-03-30,1,-32.1003171466181,32.09
2016-03-31,1,-32.1779384891205,32.145
2016-04-01,0,-0,0
2016-04-04,0,-0,0
2016-04-05,0,-0,0
2016-04-06,1,-32.4170194085409,32.41
2016-04-07,0,-0,0
2016-04-08,1,-32.4136401190068,32.41
2016-04-11,0,-0,0
2016-04-12,0,-0,0
2016-04-13,0,-0,0
2016-04-14,0,-0,0
2016-04-15,0,-0,0
2016-04-18,0,-0,0
2016-04-19,1,-32.0953336749239,32.085
2016-04-20,1,-32.1784618057628,32.17
2016-04-21,0,-0,0
2016-04-22,0,-0,0
2016-04-25,0,-0,0
2016-04-26,0,-0,0
2016-04-27,0,-0,0
2016-04-28,0,-0,0
2016-04-29,0,-0,0
2016-05-02,0,-0,0
2016-05-03,0,-0,0
2016-05-04,0,-0,0
2016-05-05,0,-0,0
2016-05-06,-1,32.45269545149,-32.514
2016-05-09,0,-0,0
2016-05-10,-1,32.5673807299926,-32.64
2016-05-11,-1,32.5385575326047,-32.632
2016-05-12,0,-0,0
2016-05-13,0,-0,0
2016-05-16,-1,32.6385603370937,-32.7
2016-05-17,0,-0,0
2016-05-18,0,-0,0
2016-05-19,0,-0,0
2016-05-20,0,-0,0
2016-05-23,0,-0,0
2016-05-24,0,-0,0
2016-05-25,0,-0,0
2016-05-26,0,-0,0
2016-05-27,0,-0,0
2016-05-30,0,-0,0
2016-05-31,0,-0,0
2016-06-01,0,-0,0
2016-06-02,0,-0,0
2016-06-03,1,-32.2728711503787,32.265
2016-06-06,1,-32.2303457162107,32.215
2016-06-07,1,-32.1028361963735,32.087
2016-06-08,0,-0,0
2016-06-09,0,-0,0
2016-06-10,0,-0,0
2016-06-13,0,-0,0
2016-06-14,0,-0,0
2016-06-15,0,-0,0
2016-06-16,0,-0,0
2016-06-17,1,-32.2959511597025,32.29
2016-06-20,1,-32.1728413383742,32.17
2016-06-21,1,-32.102141071473,32.094
2016-06-22,1,-32.0048401852158,31.981
2016-06-23,1,-31.8034804358455,31.777
2016-06-24,-1,32.3515634246562,-32.433
2016-06-27,1,-32.4795775224782,32.472
2016-06-28,0,-0,0
2016-06-29,1,-32.1639981480671,32.147
2016-06-30,0,-0,0
2016-07-01,1,-32.110469464825,32.1
2016-07-04,0,-0,0
2016-07-05,0,-0,0
2016-07-06,0,-0,0
2016-07-07,0,-0,0
2016-07-08,0,-0,0
2016-07-11,0,-0,0
2016-07-12,0,-0,0
2016-07-13,0,-0,0
2016-07-14,1,-31.811984316356,31.797
2016-07-15,0,-0,0
2016-07-18,0,-0,0
2016-07-19,1,-31.9515455631215,31.887
2016-07-20,1,-31.9632884994166,31.951
2016-07-21,0,-0,0
2016-07-22,0,-0,0
2016-07-25,1,-32.0459277526891,32.009
2016-07-26,0,-0,0
2016-07-27,1,-31.8556584584004,31.839
2016-07-28,1,-31.7843779780757,31.75
2016-07-29,1,-31.636147492469,31.618
2016-08-01,0,-0,0
2016-08-02,0,-0,0
2016-08-03,1,-31.4828002217463,31.461
2016-08-04,0,-0,0
2016-08-05,1,-31.2662154396909,31.243
2016-08-08,1,-31.1786634481267,31.158
2016-08-09,1,-31.0713735035733,31.013
2016-08-10,1,-30.7664042464873,30.73
2016-08-11,1,-30.9629774513053,30.917
2016-08-12,1,-31.151926927774,31.13
2016-08-15,1,-31.020972899992,31.003
2016-08-16,1,-30.968705220243,30.903
2016-08-17,1,-31.1363762849137,31.131
2016-08-18,0,-0,0
2016-08-19,0,-0,0
2016-08-22,-1,31.6023133199234,-31.685
2016-08-23,0,-0,0
2016-08-24,0,-0,0
2016-08-25,0,-0,0
2016-08-26,1,-31.5420521439498,31.535
2016-08-29,0,-0,0
2016-08-30,1,-31.5180950161881,31.475
2016-08-31,0,-0,0
2016-09-01,-1,31.4784577582552,-31.549
2016-09-02,-1,31.4024080306272,-31.472
2016-09-05,0,-0,0
2016-09-06,0,-0,0
2016-09-07,1,-30.9565766876344,30.932
2016-09-08,0,-0,0
2016-09-09,0,-0,0
2016-09-12,-1,31.4294687602277,-31.563
2016-09-13,0,-0,0
2016-09-14,0,-0,0
2016-09-15,0,-0,0
2016-09-16,0,-0,0
2016-09-19,0,-0,0
2016-09-20,0,-0,0
2016-09-21,1,-30.884051718784,30.87
2016-09-22,0,-0,0
2016-09-23,1,-31.1143992589617,31.092
2016-09-26,1,-31.1951055476033,31.186
2016-09-27,0,-0,0
2016-09-28,0,-0,0
2016-09-29,1,-31.1672731439814,31.161
2016-09-30,1,-31.0098832365584,30.965
2016-10-03,1,-31.055244508054,31.031
2016-10-04,1,-31.2007752932221,31.195
2016-10-05,1,-31.1950857906777,31.177
2016-10-06,0,-0,0
2016-10-07,0,-0,0
2016-10-10,0,-0,0
2016-10-11,-1,31.4625054992544,-31.53
2016-10-12,0,-0,0
2016-10-13,-1,31.5203717809827,-31.602
2016-10-14,0,-0,0
2016-10-17,-1,31.5763620529662,-31.652
2016-10-18,-1,31.3044917430747,-31.41
2016-10-19,-1,31.2095666279236,-31.279
2016-10-20,1,-31.3789598990475,31.363
2016-10-21,0,-0,0
2016-10-24,-1,31.4967915535105,-31.563
2016-10-25,-1,31.3129733754011,-31.397
2016-10-26,1,-31.4091552255762,31.396
2016-10-27,-1,31.5868207371478,-31.649
2016-10-28,-1,31.4687511659307,-31.554
2016-10-31,-1,31.3676735672801,-31.445
2016-11-01,0,-0,0
2016-11-02,0,-0,0
2016-11-03,-1,31.2950099906224,-31.359
2016-11-04,0,-0,0
2016-11-07,0,-0,0
2016-11-08,0,-0,0
2016-11-09,0,-0,0
2016-11-10,1,-31.6603856382677,31.632
2016-11-11,-1,31.791022872761,-31.858
2016-11-14,-1,31.8652269488517,-31.962
2016-11-15,-1,31.6361609380809,-31.764
2016-11-16,-1,31.715718645025,-31.798
2016-11-17,0,-0,0
2016-11-18,-1,31.994986034969,-32.114
2016-11-21,-1,31.7879024474717,-31.946
2016-11-22,-1,31.7226630056284,-31.839
2016-11-23,-1,31.8906415376794,-31.96
2016-11-24,-1,31.8440558313117,-31.92
2016-11-25,0,-0,0
2016-11-28,-1,31.6210924815265,-31.708
2016-11-29,0,-0,0
2016-11-30,0,-0,0
2016-12-01,0,-0,0
2016-12-02,0,-0,0
2016-12-05,0,-0,0
2016-12-06,0,-0,0
2016-12-07,0,-0,0
2016-12-08,0,-0,0
2016-12-09,1,-31.6630456686696,31.646
2016-12-12,1,-31.5637946932139,31.547
2016-12-13,1,-31.5817370584094,31.542
2016-12-14,1,-31.7589547610099,31.7
2016-12-15,0,-0,0
2016-12-16,0,-0,0
2016-12-19,0,-0,0
2016-12-20,-1,31.9552436919168,-32.018
2016-12-21,-1,31.9072877576587,-31.97
2016-12-22,-1,32.1662967034069,-32.266
2016-12-23,-1,32.1696662170761,-32.255
2016-12-26,0,-0,0
2016-12-27,0,-0,0
2016-12-28,0,-0,0
2016-12-29,0,-0,0
2016-12-30,-1,32.2762128295904,-32.337
2017-01-02,1,-32.2800636772772,32.232
2017-01-03,1,-32.2402588094255,32.203
2017-01-04,0,-0,0
2017-01-05,1,-31.6553888346482,31.634
2017-01-06,1,-31.9037822352108,31.896
2017-01-09,0,-0,0
2017-01-10,0,-0,0
2017-01-11,0,-0,0
2017-01-12,0,-0,0
2017-01-13,0,-0,0
2017-01-16,0,-0,0
2017-01-17,-1,31.1690991669427,-31.27
2017-01-18,1,-31.5323980282134,31.48
2017-01-19,1,-31.4529382301537,31.434
2017-01-20,1,-31.3632174376478,31.341
2017-01-23,1,-31.1204660937553,31.11
2017-01-24,1,-31.1903284615098,31.18
2017-01-25,0,-0,0
2017-01-26,1,-31.3034732351254,31.29
2017-01-27,0,-0,0
2017-01-30,0,-0,0
2017-01-31,0,-0,0
2017-02-01,-1,30.9707080147596,-31.073
2017-02-02,0,-0,0
2017-02-03,0,-0,0
2017-02-06,1,-30.6464211780747,30.62
2017-02-07,0,-0,0
2017-02-08,0,-0,0
2017-02-09,1,-30.8769375752954,30.851
2017-02-10,1,-30.7461864498991,30.71
2017-02-13,1,-30.7055265090962,30.655
2017-02-14,1,-30.4762700967055,30.418
2017-02-15,-1,30.4407791505815,-30.51
2017-02-16,0,-0,0
2017-02-17,1,-30.6713822371346,30.639
2017-02-20,1,-30.558011668203,30.535
2017-02-21,0,-0,0
2017-02-22,1,-30.5059401425576,30.475
2017-02-23,0,-0,0
2017-02-24,1,-30.3856785975543,30.36
2017-02-27,1,-30.4589358916363,30.375
2017-02-28,1,-30.4447309353002,30.38
2017-03-01,0,-0,0
2017-03-02,0,-0,0
2017-03-03,-1,30.7139823224318,-30.795
2017-03-06,-1,30.7325052940238,-30.794
2017-03-07,0,-0,0
2017-03-08,0,-0,0
2017-03-09,0,-0,0
2017-03-10,-1,30.7539278787843,-30.878
2017-03-13,1,-30.7046397760155,30.696
2017-03-14,-1,30.7043856600564,-30.767
2017-03-15,1,-30.2593001618736,30.255
2017-03-16,0,-0,0
2017-03-17,-1,30.2627577868182,-30.32
2017-03-20,0,-0,0
2017-03-21,0,-0,0
2017-03-22,-1,30.2060789450093,-30.267
2017-03-23,0,-0,0
2017-03-24,-1,30.0925398774168,-30.193
2017-03-27,1,-29.8604921861913,29.851
2017-03-28,1,-30.0184806899066,30.005
2017-03-29,0,-0,0
2017-03-30,0,-0,0
2017-03-31,0,-0,0
2017-04-03,0,-0,0
2017-04-04,0,-0,0
2017-04-05,0,-0,0
2017-04-06,0,-0,0
2017-04-07,-1,30.395070120402,-30.452
2017-04-10,0,-0,0
2017-04-11,0,-0,0
2017-04-12,0,-0,0
2017-04-13,0,-0,0
2017-04-14,0,-0,0
2017-04-17,-1,30.0626521566581,-30.137
2017-04-18,0,-0,0
2017-04-19,0,-0,0
2017-04-20,0,-0,0
2017-04-21,0,-0,0
2017-04-24,-1,29.974050034815,-30.056
2017-04-25,0,-0,0
2017-04-26,1,-29.8679981329482,29.86
2017-04-27,0,-0,0
2017-04-28,1,-29.9909431483404,29.969
2017-05-01,0,-0,0
2017-05-02,0,-0,0
2017-05-03,0,-0,0
2017-05-04,1,-29.9258880294284,29.922
2017-05-05,0,-0,0
2017-05-08,1,-29.9595250641393,29.944
2017-05-09,1,-30.0688229725384,30.056
2017-05-10,-1,30.0112112083517,-30.097
2017-05-11,0,-0,0
2017-05-12,0,-0,0
2017-05-15,0,-0,0
2017-05-16,0,-0,0
2017-05-17,1,-29.9550023300319,29.943
2017-05-18,0,-0,0
2017-05-19,0,-0,0
2017-05-22,0,-0,0
2017-05-23,0,-0,0
2017-05-24,-1,29.8700939228229,-29.939
2017-05-25,0,-0,0
2017-05-26,0,-0,0
2017-05-29,0,-0,0
2017-05-30,0,-0,0
2017-05-31,0,-0,0
2017-06-01,0,-0,0
2017-06-02,0,-0,0
2017-06-05,0,-0,0
2017-06-06,0,-0,0
2017-06-07,0,-0,0
2017-06-08,0,-0,0
2017-06-09,0,-0,0
2017-06-12,0,-0,0
2017-06-13,0,-0,0
2017-06-14,-1,29.9672565480886,-30.029
2017-06-15,1,-30.1628993471778,30.12
2017-06-16,-1,30.1441256625818,-30.25
2017-06-19,0,-0,0
2017-06-20,-1,30.2840291933252,-30.343
2017-06-21,-1,30.261064348088,-30.345
2017-06-22,-1,30.2082290397654,-30.292
2017-06-23,-1,30.1090467215244,-30.217
2017-06-26,0,-0,0
2017-06-27,1,-30.2004962815484,30.173
2017-06-28,-1,30.2069023611384,-30.346
2017-06-29,0,-0,0
2017-06-30,-1,30.2630130412706,-30.382
2017-07-03,-1,30.4147898462972,-30.505
2017-07-04,-1,30.3880942276015,-30.465
2017-07-05,-1,30.3791679996531,-30.445
2017-07-06,-1,30.4978196125142,-30.565
2017-07-07,0,-0,0
2017-07-10,-1,30.4026656785978,-30.516
2017-07-11,-1,30.4098463132764,-30.507
2017-07-12,0,-0,0
2017-07-13,-1,30.2018771475036,-30.264
2017-07-14,0,-0,0
2017-07-17,0,-0,0
2017-07-18,0,-0,0
2017-07-19,0,-0,0
2017-07-20,-1,30.2790242080443,-30.372
2017-07-21,0,-0,0
2017-07-24,1,-30.1547975166634,30.125
2017-07-25,1,-30.1966872182971,30.144
2017-07-26,0,-0,0
2017-07-27,1,-30.0496625460422,30.005
2017-07-28,1,-30.0808114455305,30.07
2017-07-31,1,-30.0387825979025,29.993
2017-08-01,1,-30.0580449331832,30.028
2017-08-02,1,-30.0494954957978,30.04
2017-08-03,0,-0,0
2017-08-04,1,-29.9872171285287,29.973
2017-08-07,0,-0,0
2017-08-08,0,-0,0
2017-08-09,0,-0,0
2017-08-10,0,-0,0
2017-08-11,1,-30.1115482322837,30.105
2017-08-14,0,-0,0
2017-08-15,0,-0,0
2017-08-16,1,-30.0727559284669,30.065
2017-08-17,0,-0,0
2017-08-18,0,-0,0
2017-08-21,0,-0,0
2017-08-22,0,-0,0
2017-08-23,1,-30.0193246757065,30.01
2017-08-24,0,-0,0
2017-08-25,1,-29.8710327279628,29.845
2017-08-28,0,-0,0
2017-08-29,1,-29.8618915932716,29.85
2017-08-30,0,-0,0
2017-08-31,1,-29.868771130314,29.858
2017-09-01,0,-0,0
2017-09-04,0,-0,0
2017-09-05,1,-29.7432041362366,29.71
2017-09-06,1,-29.7719127365502,29.737
2017-09-07,1,-29.560826385092,29.53
2017-09-08,1,-29.6853068718426,29.645
2017-09-11,1,-29.7095678554613,29.69
2017-09-12,0,-0,0
2017-09-13,0,-0,0
2017-09-14,0,-0,0
2017-09-15,1,-29.7547862282698,29.744
2017-09-18,1,-29.8133494303182,29.8
2017-09-19,1,-29.8186955990654,29.799
2017-09-20,0,-0,0
2017-09-21,0,-0,0
2017-09-22,1,-29.8284891165648,29.819
2017-09-25,1,-29.9069529212901,29.885
2017-09-26,0,-0,0
2017-09-27,0,-0,0
2017-09-28,0,-0,0
2017-09-29,0,-0,0
2017-10-02,0,-0,0
2017-10-03,0,-0,0
2017-10-04,0,-0,0
2017-10-05,0,-0,0
2017-10-06,-1,30.1185889883674,-30.182
2017-10-09,-1,30.0988319557596,-30.165
2017-10-10,0,-0,0
2017-10-11,0,-0,0
2017-10-12,0,-0,0
2017-10-13,0,-0,0
2017-10-16,0,-0,0
2017-10-17,0,-0,0
2017-10-18,-1,29.9433761643751,-30.009
2017-10-19,0,-0,0
2017-10-20,0,-0,0
2017-10-23,0,-0,0
2017-10-24,0,-0,0
2017-10-25,0,-0,0
2017-10-26,1,-29.98841871505,29.963
2017-10-27,1,-29.8949424250351,29.869
2017-10-30,0,-0,0
2017-10-31,0,-0,0
2017-11-01,1,-29.8254946989453,29.8
2017-11-02,0,-0,0
2017-11-03,0,-0,0
2017-11-06,-1,29.8735458272246,-29.945
2017-11-07,0,-0,0
2017-11-08,-1,29.8750320555564,-29.939
2017-11-09,0,-0,0
2017-11-10,0,-0,0
2017-11-13,0,-0,0
2017-11-14,0,-0,0
2017-11-15,0,-0,0
2017-11-16,1,-29.7136037505957,29.688
2017-11-17,1,-29.6721616593858,29.65
2017-11-20,0,-0,0
2017-11-21,1,-29.6105312861119,29.588
2017-11-22,0,-0,0
2017-11-23,1,-29.5787880936,29.525
2017-11-24,1,-29.5869675631184,29.525
2017-11-27,1,-29.665117714297,29.65
2017-11-28,1,-29.6668121550645,29.64
2017-11-29,1,-29.6354718717383,29.605
2017-11-30,1,-29.6717598355532,29.525
2017-12-01,1,-29.628917940201,29.622
2017-12-04,0,-0,0
2017-12-05,0,-0,0
2017-12-06,0,-0,0
2017-12-07,0,-0,0
2017-12-08,0,-0,0
2017-12-11,0,-0,0
2017-12-12,0,-0,0
2017-12-13,1,-29.5595692601091,29.54
2017-12-14,1,-29.5554847859823,29.52
2017-12-15,1,-29.5371054949305,29.487
2017-12-18,1,-29.5521291056522,29.53
2017-12-19,1,-29.5163378499655,29.46
2017-12-20,1,-29.4788366131185,29.445
2017-12-21,1,-29.4578510790308,29.401
2017-12-22,1,-29.3977793734662,29.365
2017-12-25,1,-29.4070112630587,29.366
2017-12-26,1,-29.3802768543502,29.355
2017-12-27,1,-29.4161252839717,29.395
2017-12-28,1,-29.2518487817197,29.192
2017-12-29,0,-0,0
2018-01-01,-1,29.2024585703265,-29.875
2018-01-02,1,-29.1300157862956,29.102
2018-01-03,1,-29.1614909999133,29.145
2018-01-04,0,-0,0
2018-01-05,0,-0,0
2018-01-08,0,-0,0
2018-01-09,0,-0,0
2018-01-10,0,-0,0
2018-01-11,0,-0,0
2018-01-12,0,-0,0
2018-01-15,0,-0,0
2018-01-16,0,-0,0
2018-01-17,0,-0,0
2018-01-18,0,-0,0
2018-01-19,-1,28.902329337541,-29.028
2018-01-22,-1,28.7932289974056,-28.857
2018-01-23,0,-0,0
2018-01-24,0,-0,0
2018-01-25,1,-28.6579325266657,28.627
2018-01-26,1,-28.6617518078555,28.655
2018-01-29,0,-0,0
2018-01-30,0,-0,0
2018-01-31,0,-0,0
2018-02-01,0,-0,0
2018-02-02,0,-0,0
2018-02-05,0,-0,0
2018-02-06,0,-0,0
2018-02-07,0,-0,0
2018-02-08,0,-0,0
2018-02-09,0,-0,0
2018-02-12,-1,28.9029106413847,-29.382
2018-02-13,1,-28.8549761378817,28.825
2018-02-14,0,-0,0
2018-02-15,1,-28.5106779568238,28.479
2018-02-16,1,-28.6056931565748,28.58
2018-02-19,1,-28.5628345289702,28.533
2018-02-20,1,-28.7461859919919,28.725
2018-02-21,1,-28.7984298804982,28.792
2018-02-22,1,-28.8636926985087,28.788
2018-02-23,1,-28.8218832772079,28.814
2018-02-26,1,-28.7366462856751,28.729
2018-02-27,1,-28.8404494380963,28.816
2018-02-28,1,-28.8958656394657,28.872
2018-03-01,1,-28.8816598913216,28.863
2018-03-02,1,-28.8297640287289,28.799
2018-03-05,1,-28.826814891511,28.812
2018-03-06,1,-28.7447527908898,28.718
2018-03-07,1,-28.7825266276619,28.76
2018-03-08,0,-0,0
2018-03-09,1,-28.804337298941,28.789
2018-03-12,1,-28.8084493893412,28.785
2018-03-13,0,-0,0
2018-03-14,1,-28.7610992725899,28.755
2018-03-15,1,-28.649080602666,28.638
2018-03-16,1,-28.5685158230385,28.556
2018-03-19,0,-0,0
2018-03-20,0,-0,0
2018-03-21,0,-0,0
2018-03-22,1,-28.6697131132452,28.647
2018-03-23,0,-0,0
2018-03-26,0,-0,0
2018-03-27,1,-28.6195362283072,28.603
2018-03-28,1,-28.6269619151929,28.525
2018-03-29,0,-0,0
2018-03-30,0,-0,0
2018-04-02,0,-0,0
2018-04-03,1,-28.5869309150748,28.567
2018-04-04,0,-0,0
2018-04-05,0,-0,0
2018-04-06,0,-0,0
2018-04-09,0,-0,0
2018-04-10,0,-0,0
2018-04-11,0,-0,0
2018-04-12,-1,28.8268103910837,-28.9
2018-04-13,-1,28.8700426742259,-28.935
2018-04-16,-1,28.914069086764,-28.987
2018-04-17,0,-0,0
2018-04-18,-1,28.8080745775148,-28.873
2018-04-19,0,-0,0
2018-04-20,-1,28.9916382576752,-29.069
2018-04-23,-1,29.1775883162018,-29.279
2018-04-24,-1,29.1562127134871,-29.215
2018-04-25,-1,29.2912100519849,-29.385
2018-04-26,-1,29.2109664644492,-29.273
2018-04-27,0,-0,0
2018-04-30,0,-0,0
2018-05-01,0,-0,0
2018-05-02,-1,29.3995423669893,-29.462
2018-05-03,0,-0,0
2018-05-04,0,-0,0
2018-05-07,-1,29.4233491402004,-29.788
2018-05-08,0,-0,0
2018-05-09,-1,29.5852164635122,-29.918
2018-05-10,1,-29.3100440127654,29.293
2018-05-11,1,-29.3347755993414,29.29
2018-05-14,1,-29.3908037259687,29.363
2018-05-15,0,-0,0
2018-05-16,0,-0,0
2018-05-17,0,-0,0
2018-05-18,0,-0,0
2018-05-21,-1,29.5736681424038,-29.887
2018-05-22,-1,29.5188297019103,-29.83
2018-05-23,-1,29.6412951690799,-29.932
2018-05-24,1,-29.6324416249608,29.569
2018-05-25,1,-29.6176338735043,29.554
2018-05-28,1,-29.6129053924024,29.551
2018-05-29,1,-29.7877436414579,29.76
2018-05-30,0,-0,0
2018-05-31,1,-29.6292888231316,29.601
2018-06-01,1,-29.4432134060838,29.408
2018-06-04,1,-29.3481664684325,29.302
2018-06-05,1,-29.4126208053909,29.359
2018-06-06,1,-29.2738472371758,29.235
2018-06-07,1,-29.3605153625963,29.332
2018-06-08,1,-29.4602021014433,29.444
2018-06-11,1,-29.4053751722858,29.396
2018-06-12,0,-0,0
2018-06-13,1,-29.4438488899029,29.428
2018-06-14,0,-0,0
2018-06-15,0,-0,0
2018-06-18,0,-0,0
2018-06-19,0,-0,0
2018-06-20,0,-0,0
2018-06-21,-1,29.9489085835748,-30.017
2018-06-22,-1,29.9254116584052,-29.992
2018-06-25,-1,30.0074278688062,-30.081
2018-06-26,-1,30.0432812216892,-30.11
2018-06-27,-1,30.189439094763,-30.261
2018-06-28,-1,30.2132668950569,-30.278
2018-06-29,0,-0,0
2018-07-02,-1,30.2011883642586,-30.273
2018-07-03,0,-0,0
2018-07-04,0,-0,0
2018-07-05,0,-0,0
2018-07-06,0,-0,0
2018-07-09,0,-0,0
2018-07-10,0,-0,0
2018-07-11,0,-0,0
2018-07-12,0,-0,0
2018-07-13,0,-0,0
2018-07-16,0,-0,0
2018-07-17,1,-30.1578966301632,30.14
2018-07-18,0,-0,0
2018-07-19,0,-0,0
2018-07-20,1,-30.1873126666567,30.109
2018-07-23,1,-30.2379073916864,30.226
2018-07-24,1,-30.2100760136773,30.195
2018-07-25,1,-30.0525486544426,30.035
2018-07-26,1,-30.1783146387385,30.167
2018-07-27,0,-0,0
2018-07-30,1,-30.1687142227044,30.159
2018-07-31,1,-30.1620637305695,30.151
2018-08-01,0,-0,0
2018-08-02,0,-0,0
2018-08-03,0,-0,0
2018-08-06,0,-0,0
2018-08-07,0,-0,0
2018-08-08,0,-0,0
2018-08-09,0,-0,0
2018-08-10,0,-0,0
2018-08-13,0,-0,0
2018-08-14,0,-0,0
2018-08-15,0,-0,0
2018-08-16,0,-0,0
2018-08-17,0,-0,0
2018-08-20,0,-0,0
2018-08-21,0,-0,0
2018-08-22,0,-0,0
2018-08-23,0,-0,0
2018-08-24,0,-0,0
2018-08-27,0,-0,0
2018-08-28,0,-0,0
2018-08-29,0,-0,0
2018-08-30,0,-0,0
2018-08-31,0,-0,0
2018-09-03,0,-0,0
2018-09-04,0,-0,0
2018-09-05,0,-0,0
2018-09-06,0,-0,0
2018-09-07,0,-0,0
2018-09-10,1,-30.3945065517546,30.245
2018-09-11,-1,30.3505378810708,-30.409
2018-09-12,0,-0,0
2018-09-13,0,-0,0
2018-09-14,0,-0,0
2018-09-17,0,-0,0
2018-09-18,0,-0,0
2018-09-19,0,-0,0
2018-09-20,0,-0,0
2018-09-21,0,-0,0
2018-09-24,0,-0,0
2018-09-25,0,-0,0
2018-09-26,0,-0,0
2018-09-27,0,-0,0
2018-09-28,0,-0,0
2018-10-01,0,-0,0
2018-10-02,0,-0,0
2018-10-03,0,-0,0
2018-10-04,0,-0,0
2018-10-05,0,-0,0
2018-10-08,-1,30.6105885326955,-30.7
2018-10-09,-1,30.5633383817124,-30.628
2018-10-10,0,-0,0
2018-10-11,-1,30.5736681150496,-30.632
2018-10-12,0,-0,0
2018-10-15,0,-0,0
2018-10-16,0,-0,0
2018-10-17,0,-0,0
2018-10-18,0,-0,0
2018-10-19,0,-0,0
2018-10-22,0,-0,0
2018-10-23,0,-0,0
2018-10-24,0,-0,0
2018-10-25,0,-0,0
2018-10-26,0,-0,0
2018-10-29,0,-0,0
2018-10-30,0,-0,0
2018-10-31,0,-0,0
2018-11-01,0,-0,0
2018-11-02,1,-30.0799073662264,30.065
2018-11-05,1,-30.2051177576885,30.18
2018-11-06,1,-30.2876102454459,30.27
2018-11-07,0,-0,0
2018-11-08,1,-30.2022951417531,30.182
2018-11-09,1,-30.3079106176446,30.295
2018-11-12,1,-30.4342687058437,30.403
2018-11-13,1,-30.345127030857,30.328
2018-11-14,1,-30.3508530085999,30.326
2018-11-15,1,-30.2757419322302,30.241
2018-11-16,1,-30.2490901770606,30.206
2018-11-19,1,-30.3925230615867,30.375
2018-11-20,1,-30.4246188595927,30.417
2018-11-21,1,-30.3169111427693,30.31
2018-11-22,0,-0,0
2018-11-23,0,-0,0
2018-11-26,0,-0,0
2018-11-27,0,-0,0
2018-11-28,0,-0,0
2018-11-29,0,-0,0
2018-11-30,0,-0,0
2018-12-03,0,-0,0
2018-12-04,0,-0,0
2018-12-05,0,-0,0
2018-12-06,0,-0,0
2018-12-07,0,-0,0
2018-12-10,-1,30.4006480187658,-30.476
2018-12-11,-1,30.307895404228,-30.38
2018-12-12,0,-0,0
2018-12-13,0,-0,0
2018-12-14,-1,30.3443426496118,-30.4
2018-12-17,-1,30.3045979684738,-30.375
2018-12-18,0,-0,0
2018-12-19,0,-0,0
2018-12-20,0,-0,0
2018-12-21,0,-0,0
2018-12-24,0,-0,0
2018-12-25,0,-0,0
2018-12-26,-1,30.2825935782869,-30.515
2018-12-27,0,-0,0
2018-12-28,0,-0,0
2018-12-31,0,-0,0
2019-01-02,0,-0,0
2019-01-03,0,-0,0
2019-01-04,0,-0,0
2019-01-07,0,-0,0
2019-01-08,0,-0,0
2019-01-09,0,-0,0
2019-01-10,0,-0,0
2019-01-11,-1,30.3621307265617,-30.423
2019-01-14,-1,30.4369050920245,-30.527
2019-01-15,-1,30.4219331437372,-30.513
2019-01-16,-1,30.4027993601491,-30.492
2019-01-17,-1,30.4447196775815,-30.532
2019-01-18,-1,30.4593254730137,-30.521
2019-01-21,0,-0,0
2019-01-22,0,-0,0
2019-01-23,0,-0,0
2019-01-24,0,-0,0
2019-01-25,0,-0,0
2019-01-28,0,-0,0
2019-01-29,0,-0,0
2019-01-30,0,-0,0
2019-01-31,0,-0,0
2019-02-01,0,-0,0
2019-02-04,0,-0,0
2019-02-05,0,-0,0
2019-02-06,-1,30.4079864187431,-30.471
2019-02-07,0,-0,0
2019-02-08,0,-0,0
2019-02-11,-1,30.5688979901266,-30.877
2019-02-12,0,-0,0
2019-02-13,0,-0,0
2019-02-14,-1,30.5590294586283,-30.66
2019-02-15,-1,30.5498425389967,-30.64
2019-02-18,-1,30.523279528451,-30.589
2019-02-19,-1,30.5024280338505,-30.566
2019-02-20,-1,30.5054489849006,-30.57
2019-02-21,0,-0,0
2019-02-22,0,-0,0
2019-02-25,0,-0,0
2019-02-26,0,-0,0
2019-02-27,0,-0,0
2019-02-28,0,-0,0
2019-03-01,0,-0,0
2019-03-04,0,-0,0
2019-03-05,0,-0,0
2019-03-06,0,-0,0
2019-03-07,0,-0,0
2019-03-08,0,-0,0
2019-03-11,0,-0,0
2019-03-12,0,-0,0
2019-03-13,0,-0,0
2019-03-14,0,-0,0
2019-03-15,0,-0,0
2019-03-18,0,-0,0
2019-03-19,1,-30.4798721629347,30.468
2019-03-20,0,-0,0
2019-03-21,0,-0,0
2019-03-22,0,-0,0
2019-03-25,0,-0,0
2019-03-26,0,-0,0
2019-03-27,0,-0,0
2019-03-28,0,-0,0
2019-03-29,0,-0,0
2019-04-01,0,-0,0
2019-04-02,0,-0,0
2019-04-03,0,-0,0
2019-04-04,0,-0,0
2019-04-05,0,-0,0
2019-04-08,0,-0,0
2019-04-09,0,-0,0
2019-04-10,0,-0,0
2019-04-11,0,-0,0
2019-04-12,0,-0,0
2019-04-15,0,-0,0
2019-04-16,0,-0,0
2019-04-17,0,-0,0
2019-04-18,0,-0,0
2019-04-19,0,-0,0
2019-04-22,0,-0,0
2019-04-23,0,-0,0
2019-04-24,0,-0,0
2019-04-25,0,-0,0
2019-04-26,0,-0,0
2019-04-29,0,-0,0
2019-04-30,0,-0,0
2019-05-01,0,-0,0
2019-05-02,0,-0,0
2019-05-03,-1,30.6183775673523,-30.69
2019-05-06,0,-0,0
2019-05-07,0,-0,0
2019-05-08,0,-0,0
2019-05-09,0,-0,0
2019-05-10,0,-0,0
2019-05-13,1,-30.9491563020079,30.875
2019-05-14,1,-30.9262309139242,30.865
2019-05-15,0,-0,0
2019-05-16,0,-0,0
2019-05-17,-1,31.1981270479014,-31.276
2019-05-20,-1,31.2321455789711,-31.335
2019-05-21,-1,31.2575169272801,-31.363
2019-05-22,-1,31.2271059861335,-31.312
2019-05-23,-1,31.295767697767,-31.379
2019-05-24,-1,31.224892605028,-31.284
2019-05-27,0,-0,0
2019-05-28,-1,31.325218477618,-31.386
2019-05-29,1,-31.3954385582889,31.39
2019-05-30,-1,31.3608221081035,-31.453
2019-05-31,-1,31.3273082911344,-31.402
2019-06-03,-1,31.1453749530616,-31.207
2019-06-04,-1,31.1344398974579,-31.217
2019-06-05,0,-0,0
2019-06-06,-1,31.0717572987252,-31.129
2019-06-07,-1,31.1525562642473,-31.219
2019-06-10,-1,31.1911089371455,-31.262
2019-06-11,-1,31.1897886923342,-31.25
2019-06-12,-1,31.2415075529383,-31.305
2019-06-13,-1,31.2999052495553,-31.37
2019-06-14,-1,31.323120136005,-31.38
2019-06-17,0,-0,0
2019-06-18,0,-0,0
2019-06-19,0,-0,0
2019-06-20,0,-0,0
2019-06-21,1,-30.6742487781128,30.666
2019-06-24,1,-30.6725352555663,30.661
2019-06-25,1,-30.7992601447652,30.79
2019-06-26,0,-0,0
2019-06-27,1,-30.7107224673665,30.699
2019-06-28,0,-0,0
2019-07-01,0,-0,0
2019-07-02,0,-0,0
2019-07-03,0,-0,0
2019-07-04,0,-0,0
2019-07-05,0,-0,0
2019-07-08,0,-0,0
2019-07-09,0,-0,0
2019-07-10,0,-0,0
2019-07-11,1,-30.7651702276543,30.741
2019-07-12,0,-0,0
2019-07-15,1,-30.7825929919478,30.773
2019-07-16,0,-0,0
2019-07-17,0,-0,0
2019-07-18,1,-30.6804800596006,30.675
2019-07-19,1,-30.7440744452697,30.731
2019-07-22,1,-30.7373306600432,30.716
2019-07-23,1,-30.7902622583445,30.78
2019-07-24,1,-30.7723184139052,30.758
2019-07-25,1,-30.7688327560546,30.76
2019-07-26,1,-30.7814614046975,30.775
2019-07-29,1,-30.7729039286669,30.763
2019-07-30,1,-30.7694562119346,30.761
2019-07-31,0,-0,0
2019-08-01,0,-0,0
2019-08-02,0,-0,0
2019-08-05,0,-0,0
2019-08-06,0,-0,0
2019-08-07,-1,31.1563431981292,-31.227
2019-08-08,0,-0,0
2019-08-09,0,-0,0
2019-08-12,0,-0,0
2019-08-13,0,-0,0
2019-08-14,0,-0,0
2019-08-15,-1,30.9898501469305,-31.065
2019-08-16,-1,30.9738333158533,-31.055
2019-08-19,0,-0,0
2019-08-20,0,-0,0
2019-08-21,0,-0,0
2019-08-22,1,-31.0550880917745,31.031
2019-08-23,0,-0,0
2019-08-26,0,-0,0
2019-08-27,1,-31.0760087058358,31.07
2019-08-28,0,-0,0
2019-08-29,0,-0,0
2019-08-30,1,-30.9758985261935,30.95
2019-09-02,1,-31.0085035712722,30.956
2019-09-03,1,-31.0031382236273,30.986
2019-09-04,0,-0,0
2019-09-05,1,-30.8968570948391,30.87
2019-09-06,1,-30.7919699032087,30.77
2019-09-09,1,-30.8201569075235,30.782
2019-09-10,0,-0,0
2019-09-11,1,-30.7227575194663,30.677
2019-09-12,1,-30.45166716179,30.39
2019-09-13,1,-30.4442138877341,30.395
2019-09-16,1,-30.4541184918888,30.43
2019-09-17,0,-0,0
2019-09-18,1,-30.4945366497012,30.48
2019-09-19,0,-0,0
2019-09-20,1,-30.5149556246162,30.45
2019-09-23,1,-30.5094268373803,30.48
2019-09-24,1,-30.5821840662841,30.574
2019-09-25,0,-0,0
2019-09-26,0,-0,0
2019-09-27,1,-30.629163656414,30.619
2019-09-30,0,-0,0
2019-10-01,0,-0,0
2019-10-02,0,-0,0
2019-10-03,1,-30.5234616780922,30.517
2019-10-04,0,-0,0
2019-10-07,0,-0,0
2019-10-08,0,-0,0
2019-10-09,-1,30.3003657973532,-30.362
2019-10-10,0,-0,0
2019-10-11,0,-0,0
2019-10-14,1,-30.1097940080488,30.095
2019-10-15,0,-0,0
2019-10-16,0,-0,0
2019-10-17,1,-30.0987951471267,30.07
2019-10-18,1,-30.0366817942575,30.013
2019-10-21,1,-29.9713494520987,29.925
2019-10-22,1,-30.0615698931216,30.031
2019-10-23,1,-30.0661356970058,30.038
2019-10-24,1,-30.0813966985967,30.042
2019-10-25,1,-30.070823242353,30.059
2019-10-28,1,-30.0289595811987,30.01
2019-10-29,1,-29.9562536551528,29.895
2019-10-30,0,-0,0
2019-10-31,1,-29.931154987645,29.892
2019-11-01,1,-29.8857912325567,29.851
2019-11-04,1,-29.9001368440833,29.871
2019-11-05,1,-29.8632660200916,29.795
2019-11-06,1,-29.8727315806908,29.795
2019-11-07,-1,29.7996569610478,-29.921
2019-11-08,0,-0,0
2019-11-11,1,-29.9013589974505,29.86
2019-11-12,0,-0,0
2019-11-13,-1,30.00140915819,-30.095
2019-11-14,-1,29.9992084735918,-30.07
2019-11-15,0,-0,0
2019-11-18,0,-0,0
2019-11-19,0,-0,0
2019-11-20,0,-0,0
2019-11-21,0,-0,0
2019-11-22,-1,30.0780732049653,-30.142
2019-11-25,-1,30.0335735640773,-30.115
2019-11-26,-1,30.022319050827,-30.111
2019-11-27,-1,30.0448651177945,-30.146
2019-11-28,-1,30.0293458785968,-30.115
2019-11-29,-1,30.0584447145017,-30.117
2019-12-02,-1,30.0358171175359,-30.1
2019-12-03,-1,30.0619344009589,-30.13
2019-12-04,-1,30.0385199325977,-30.095
2019-12-05,0,-0,0
2019-12-06,-1,30.0050754288365,-30.065
2019-12-09,0,-0,0
2019-12-10,0,-0,0
2019-12-11,0,-0,0
2019-12-12,0,-0,0
2019-12-13,1,-29.7173644797589,29.704
2019-12-16,0,-0,0
2019-12-17,0,-0,0
2019-12-18,0,-0,0
2019-12-19,-1,29.6435638789371,-29.745
2019-12-20,-1,29.6206404442854,-29.693
2019-12-23,0,-0,0
2019-12-24,-1,29.6395496608958,-29.709
2019-12-25,0,-0,0
2019-12-26,-1,29.5458123453965,-29.618
2019-12-27,0,-0,0
2019-12-30,0,-0,0
2019-12-31,0,-0,0
2020-01-01,0,-0,0
2020-01-02,0,-0,0
2020-01-03,0,-0,0
2020-01-06,0,-0,0
2020-01-07,0,-0,0
2020-01-08,0,-0,0
2020-01-09,1,-29.4918124734649,29.463
2020-01-10,0,-0,0
2020-01-13,0,-0,0
2020-01-14,0,-0,0
2020-01-15,0,-0,0
2020-01-16,0,-0,0
2020-01-17,0,-0,0
2020-01-20,0,-0,0
2020-01-21,1,-29.5750081424188,29.49
2020-01-22,0,-0,0
2020-01-23,0,-0,0
2020-01-24,0,-0,0
2020-01-27,0,-0,0
2020-01-28,0,-0,0
2020-01-29,0,-0,0
2020-01-30,-1,29.825898442608,-29.915
2020-01-31,-1,29.953791762869,-30.022
2020-02-03,0,-0,0
2020-02-04,0,-0,0
2020-02-05,1,-29.5870460545735,29.55
2020-02-06,0,-0,0
2020-02-07,0,-0,0
2020-02-10,0,-0,0
2020-02-11,0,-0,0
2020-02-12,0,-0,0
2020-02-13,0,-0,0
2020-02-14,0,-0,0
2020-02-17,0,-0,0
2020-02-18,0,-0,0
2020-02-19,0,-0,0
2020-02-20,-1,29.9928416689879,-30.06
2020-02-21,-1,29.9988953340933,-30.073
2020-02-24,-1,30.0544989541838,-30.13
2020-02-25,0,-0,0
2020-02-26,0,-0,0
2020-02-27,0,-0,0
2020-02-28,-1,29.7286677580267,-29.795
2020-03-02,-1,29.4275263880192,-29.506
2020-03-03,0,-0,0
2020-03-04,0,-0,0
2020-03-05,-1,29.5218550256996,-29.615
2020-03-06,-1,29.4753320837245,-29.58
2020-03-09,-1,29.4766721934815,-29.535
2020-03-10,0,-0,0
2020-03-11,1,-29.5297279396227,29.505
2020-03-12,1,-29.6183259020049,29.589
2020-03-13,1,-29.5198276853744,29.478
2020-03-16,1,-29.6528297736429,29.554
2020-03-17,1,-29.6717271367329,29.648
2020-03-18,0,-0,0
2020-03-19,1,-29.9084217257872,29.898
2020-03-20,1,-29.670452639814,29.577
2020-03-23,1,-29.6001014859907,29.453
2020-03-24,1,-29.489682137031,29.385
2020-03-25,1,-29.5750633140641,29.466
2020-03-26,1,-29.5251667580699,29.444
2020-03-27,1,-29.5347449729888,29.457
2020-03-30,1,-29.5822705665525,29.52
2020-03-31,1,-29.6598157392121,29.652
2020-04-01,0,-0,0
2020-04-02,0,-0,0
2020-04-03,0,-0,0
2020-04-06,0,-0,0
2020-04-07,1,-29.4853576761587,29.456
2020-04-08,1,-29.4952301897117,29.48
2020-04-09,1,-29.4188180291078,29.377
2020-04-10,1,-29.3389991648411,29.282
2020-04-13,1,-29.4031100853699,29.369
2020-04-14,0,-0,0
2020-04-15,1,-29.4184350019121,29.375
2020-04-16,1,-29.4436836090197,29.425
2020-04-17,1,-29.3515485179278,29.319
2020-04-20,1,-29.3397369632942,29.284
2020-04-21,0,-0,0
2020-04-22,1,-29.3628803013037,29.343
2020-04-23,1,-29.3412749465522,29.286
2020-04-24,1,-29.3876851536417,29.335
2020-04-27,1,-29.3279993214422,29.265
2020-04-28,1,-29.2689601043002,29.222
2020-04-29,1,-29.0878462925243,29.016
2020-04-30,1,-29.0251019349115,28.908
2020-05-01,1,-29.1515784706969,29.085
2020-05-04,1,-29.0227852766398,29.003
2020-05-05,1,-29.0375850664346,28.972
2020-05-06,1,-29.2076665015741,29.118
2020-05-07,0,-0,0
2020-05-08,0,-0,0
2020-05-11,0,-0,0
2020-05-12,-1,29.1917730110129,-29.249
2020-05-13,0,-0,0
2020-05-14,0,-0,0
2020-05-15,0,-0,0
2020-05-18,-1,29.2574060791639,-29.386
2020-05-19,-1,29.2708514038789,-29.381
2020-05-20,-1,29.3087935311385,-29.468
2020-05-21,-1,29.3045361835271,-29.434
2020-05-22,-1,29.4906421147682,-29.687
2020-05-25,-1,29.4922781729416,-29.709
2020-05-26,-1,29.3866991405338,-29.535
2020-05-27,-1,29.5018399646456,-29.655
2020-05-28,-1,29.4629908663674,-29.66
2020-05-29,-1,29.4478482707215,-29.587
2020-06-01,-1,29.3736700101054,-29.454
2020-06-02,-1,29.4093025226705,-29.485
2020-06-03,-1,29.4048049648584,-29.463
2020-06-04,-1,29.4161443869424,-29.515
2020-06-05,0,-0,0
2020-06-08,0,-0,0
2020-06-09,0,-0,0
2020-06-10,0,-0,0
2020-06-11,0,-0,0
2020-06-12,0,-0,0
2020-06-15,1,-29.0403857072693,29.03
2020-06-16,1,-29.0709746361819,29.055
2020-06-17,0,-0,0
2020-06-18,0,-0,0
2020-06-19,1,-29.0880120843245,28.995
2020-06-22,0,-0,0
2020-06-23,0,-0,0
2020-06-24,0,-0,0
2020-06-25,-1,28.9325556249419,-28.995
2020-06-26,0,-0,0
2020-06-29,0,-0,0
2020-06-30,0,-0,0
2020-07-01,0,-0,0
2020-07-02,1,-28.8523369911713,28.832
2020-07-03,0,-0,0
2020-07-06,0,-0,0
2020-07-07,1,-28.9235179213238,28.912
2020-07-08,0,-0,0
2020-07-09,0,-0,0
2020-07-10,0,-0,0
2020-07-13,0,-0,0
2020-07-14,0,-0,0
2020-07-15,0,-0,0
2020-07-16,1,-28.9030981558427,28.888
2020-07-17,0,-0,0
2020-07-20,0,-0,0
2020-07-21,1,-28.8159017580263,28.79
2020-07-22,1,-28.8324246311632,28.773
2020-07-23,1,-28.8312880859753,28.813
2020-07-24,0,-0,0
2020-07-27,-1,28.7065808231641,-28.79
2020-07-28,1,-28.7044552831817,28.655
2020-07-29,0,-0,0
2020-07-30,1,-28.6816946899765,28.653
2020-07-31,0,-0,0
2020-08-03,0,-0,0
2020-08-04,0,-0,0
2020-08-05,1,-28.7110027518543,28.689
2020-08-06,0,-0,0
2020-08-07,1,-28.8186831903345,28.757
2020-08-10,0,-0,0
2020-08-11,0,-0,0
2020-08-12,-1,28.7979132817715,-28.886
2020-08-13,0,-0,0
2020-08-14,0,-0,0
2020-08-17,0,-0,0
2020-08-18,0,-0,0
2020-08-19,0,-0,0
2020-08-20,0,-0,0
2020-08-21,0,-0,0
2020-08-24,0,-0,0
2020-08-25,-1,28.7911906682676,-28.846
2020-08-26,0,-0,0
2020-08-27,0,-0,0
2020-08-28,-1,28.772908952436,-28.827
2020-08-31,0,-0,0
2020-09-01,0,-0,0
2020-09-02,0,-0,0
2020-09-03,0,-0,0
2020-09-04,0,-0,0
2020-09-07,0,-0,0
2020-09-08,1,-28.6612303873213,28.65
2020-09-09,0,-0,0
2020-09-10,0,-0,0
2020-09-11,0,-0,0
2020-09-14,0,-0,0
2020-09-15,0,-0,0
2020-09-16,1,-28.4999112869952,28.435
2020-09-17,1,-28.476982368056,28.425
