date,signal,usdtwd,usdkrw
2011-01-03,-1,0,-1124.65
2011-01-04,-1,1111.14176867436,-1125.5
2011-01-05,-1,1122.05258095812,-1123.5
2011-01-06,1,-1121.9271201111,1123.2
2011-01-07,1,-1120.94644747077,1122.2
2011-01-10,-1,1126.09437788139,-1127.5
2011-01-11,-1,1124.64422295131,-1126
2011-01-12,1,-1110.38239111128,1111.5
2011-01-13,-1,1111.06555609791,-1112.5
2011-01-14,1,-1113.81061375429,1115.05
2011-01-17,-1,1114.10571175133,-1115.5
2011-01-18,-1,1111.67314946888,-1113
2011-01-19,1,-1111.32262384061,1112.6
2011-01-20,-1,1123.14278570701,-1124.5
2011-01-21,0,-0,0
2011-01-24,-1,1117.16246356569,-1118.5
2011-01-25,-1,1119.63332591356,-1121
2011-01-26,1,-1115.2496113027,1116.5
2011-01-27,1,-1113.1516696451,1114.45
2011-01-28,0,-0,0
2011-01-31,-1,1118.49526644421,-1119.88
2011-02-01,1,-1112.6975612831,1113.95
2011-02-02,0,-0,0
2011-02-03,0,-0,0
2011-02-04,0,-0,0
2011-02-07,1,-1102.31833050606,1103.5
2011-02-08,-1,1099.68521271804,-1101
2011-02-09,-1,1109.16226483335,-1110.65
2011-02-10,-1,1117.62999425794,-1119
2011-02-11,1,-1125.40055108774,1126.65
2011-02-14,1,-1122.734551721,1124
2011-02-15,1,-1122.51849570424,1123.8
2011-02-16,1,-1116.55986754664,1117.8
2011-02-17,1,-1113.57552047799,1114.85
2011-02-18,1,-1111.11723697097,1112.4
2011-02-21,-1,1117.93663265919,-1119.35
2011-02-22,-1,1128.44283359586,-1129.8
2011-02-23,1,-1128.89940583744,1130.2
2011-02-24,1,-1130.02643250831,1131.25
2011-02-25,1,-1125.71742275927,1127
2011-02-28,1,-1124.06555337788,1125.35
2011-03-01,-1,1125.32808945164,-1126.75
2011-03-02,1,-1122.26421296269,1123.5
2011-03-03,1,-1114.62260968261,1115.9
2011-03-04,-1,1116.46438108733,-1117.85
2011-03-07,-1,1117.99556936811,-1119.35
2011-03-08,1,-1114.70477211576,1115.95
2011-03-09,-1,1113.36992597194,-1114.7
2011-03-10,-1,1126.03947706962,-1127.45
2011-03-11,1,-1125.08234771997,1126.35
2011-03-14,-1,1123.6592611119,-1125
2011-03-15,-1,1133.63484743998,-1135.05
2011-03-16,-1,1136.58272484005,-1137.95
2011-03-17,1,-1134.15889637199,1135.45
2011-03-18,1,-1124.25992443652,1125.45
2011-03-21,1,-1120.15219850804,1121.45
2011-03-22,1,-1119.70080971181,1121
2011-03-23,-1,1121.58026432267,-1122.9
2011-03-24,1,-1117.65731895324,1118.95
2011-03-25,1,-1109.79784025427,1111.05
2011-03-28,-1,1112.77657194341,-1114.1
2011-03-29,1,-1110.22527299765,1111.5
2011-03-30,1,-1102.25061987241,1103.45
2011-03-31,1,-1095.25682922437,1096.5
2011-04-01,1,-1085.80923335779,1087.05
2011-04-04,-1,1087.14828626677,-1088.45
2011-04-05,1,-1086.25997423556,1087.5
2011-04-06,-1,1084.44843853197,-1085.85
2011-04-07,-1,1086.23890905886,-1087.6
2011-04-08,1,-1081.24546071808,1082.5
2011-04-11,-1,1086.87401078674,-1088.25
2011-04-12,1,-1090.7218886381,1092
2011-04-13,1,-1085.29222355738,1086.55
2011-04-14,1,-1085.0249957763,1086.3
2011-04-15,-1,1086.63317786551,-1088
2011-04-18,1,-1087.23106585998,1088.5
2011-04-19,1,-1084.18932538935,1085.45
2011-04-20,1,-1077.42453155312,1078.7
2011-04-21,-1,1079.58230319263,-1080.95
2011-04-22,1,-1079.75714312967,1081.05
2011-04-25,-1,1080.96361705404,-1082.28
2011-04-26,1,-1081.75494152904,1083
2011-04-27,-1,1076.22233783471,-1077.55
2011-04-28,-1,1072.05970682341,-1073.4
2011-04-29,1,-1067.25629587175,1068.5
2011-05-02,1,-1064.680434287,1065.95
2011-05-03,-1,1072.05890719696,-1073.5
2011-05-04,-1,1075.37164213502,-1076.75
2011-05-05,-1,1080.39008690831,-1081.75
2011-05-06,-1,1084.16572963447,-1085.55
2011-05-09,1,-1080.22386953488,1081.5
2011-05-10,0,-0,0
2011-05-11,1,-1075.18966907692,1076.5
2011-05-12,-1,1087.06321450063,-1088.5
2011-05-13,1,-1085.6586587149,1086.95
2011-05-16,1,-1090.53965201709,1091.85
2011-05-17,1,-1087.23509230981,1088.5
2011-05-18,1,-1087.1825856709,1088.5
2011-05-19,1,-1085.18401351002,1086.5
2011-05-20,1,-1081.52374230483,1082.8
2011-05-23,-1,1096.49315923413,-1097.95
2011-05-24,1,-1092.13338542405,1093.4
2011-05-25,-1,1100.0888935613,-1101.5
2011-05-26,1,-1088.29797041322,1089.5
2011-05-27,1,-1081.17276698964,1082.4
2011-05-30,1,-1078.84822095675,1080.15
2011-05-31,-1,1077.12367868113,-1078.5
2011-06-01,-1,1077.00244183038,-1078.35
2011-06-02,1,-1079.94723591252,1081.25
2011-06-03,1,-1076.21724571429,1077.5
2011-06-06,-1,1078.63750254442,-1080
2011-06-07,1,-1076.13026335485,1077.4
2011-06-08,-1,1082.62193727393,-1084
2011-06-09,1,-1079.67080739245,1080.95
2011-06-10,-1,1083.16725189924,-1084.5
2011-06-13,-1,1085.62800852707,-1086.95
2011-06-14,1,-1080.00803484361,1081.25
2011-06-15,-1,1086.26306011014,-1087.65
2011-06-16,-1,1090.50912049196,-1091.85
2011-06-17,1,-1084.73725321559,1085.95
2011-06-20,1,-1082.10154099814,1083.4
2011-06-21,1,-1074.15098134107,1075.4
2011-06-22,1,-1073.00762929262,1074.3
2011-06-23,-1,1079.12693199428,-1080.5
2011-06-24,1,-1077.57133227015,1078.85
2011-06-27,-1,1082.25569257812,-1083.6
2011-06-28,1,-1079.46555282762,1080.75
2011-06-29,1,-1071.78254082354,1073
2011-06-30,1,-1065.70712752444,1067
2011-07-01,1,-1063.98543297046,1065.25
2011-07-04,0,-0,0
2011-07-05,0,-0,0
2011-07-06,1,-1064.69093848757,1065.95
2011-07-07,1,-1062.72016828126,1064
2011-07-08,1,-1055.72902605957,1056.95
2011-07-11,1,-1056.73690849038,1058
2011-07-12,-1,1063.66902441892,-1065
2011-07-13,1,-1055.58543140641,1056.8
2011-07-14,-1,1056.69988227203,-1058
2011-07-15,1,-1057.29898707749,1058.55
2011-07-18,-1,1059.26476134882,-1060.55
2011-07-19,1,-1055.60434069752,1056.85
2011-07-20,1,-1053.14610384779,1054.4
2011-07-21,1,-1049.91583819091,1051.15
2011-07-22,-1,1049.5995730048,-1050.88
2011-07-25,-1,1053.57589808962,-1054.9
2011-07-26,1,-1048.18708104723,1049.4
2011-07-27,-1,1052.62584717854,-1053.95
2011-07-28,1,-1052.25014795997,1053.5
2011-07-29,1,-1053.03692951454,1054.3
2011-08-01,1,-1048.74281932989,1050
2011-08-02,-1,1051.82173208684,-1053.1
2011-08-03,-1,1056.72522622214,-1058.05
2011-08-04,-1,1060.41467642352,-1061.7
2011-08-05,-1,1066.08522401497,-1067.4
2011-08-08,-1,1084.3234349141,-1085.85
2011-08-09,0,-0,0
2011-08-10,0,-0,0
2011-08-11,1,-1077.25926431199,1078.45
2011-08-12,-1,1077.71324134921,-1079.05
2011-08-15,1,-1067.34622523657,1068.55
2011-08-16,-1,1069.92394958897,-1071.25
2011-08-17,1,-1067.5422834175,1068.8
2011-08-18,-1,1081.85770891104,-1083.3
2011-08-19,-1,1086.01395119669,-1087.35
2011-08-22,1,-1082.29774904359,1083.55
2011-08-23,1,-1076.75552461849,1078
2011-08-24,-1,1082.14058597559,-1083.5
2011-08-25,-1,1088.1666926726,-1089.5
2011-08-26,1,-1078.81222579495,1080
2011-08-29,1,-1072.98223559254,1074.2
2011-08-30,1,-1069.62484916567,1070.85
2011-08-31,1,-1064.16138495691,1065.4
2011-09-01,1,-1063.1336557475,1064.4
2011-09-02,-1,1064.31514028764,-1065.6
2011-09-05,-1,1068.30460064266,-1069.6
2011-09-06,-1,1073.34038891395,-1074.65
2011-09-07,1,-1068.43424026026,1069.65
2011-09-08,-1,1074.63982359463,-1076
2011-09-09,1,-1076.25901543418,1077.5
2011-09-12,1,-1076.00748569402,1077.25
2011-09-13,1,-1076.05208809331,1077.25
2011-09-14,-1,1105.61585968265,-1107.15
2011-09-15,-1,1112.59454681023,-1114
2011-09-16,1,-1111.21508057624,1112.5
2011-09-19,-1,1138.43773190659,-1139.95
2011-09-20,-1,1143.20755022991,-1144.5
2011-09-21,-1,1148.54217207524,-1149.85
2011-09-22,-1,1178.46871818397,-1179.85
2011-09-23,1,-1164.38004982099,1165.5
2011-09-26,-1,1180.64448433419,-1182
2011-09-27,1,-1168.6355879076,1169.8
2011-09-28,-1,1173.75799432083,-1175.1
2011-09-29,1,-1173.36302173474,1174.55
2011-09-30,-1,1179.77347935217,-1181.1
2011-10-03,1,-1179.29743842655,1180.5
2011-10-04,-1,1197.46517480186,-1198.9
2011-10-05,1,-1185.87597764951,1187
2011-10-06,0,-0,0
2011-10-07,1,-1169.85973194301,1171
2011-10-10,1,-1166.74857934735,1167.95
2011-10-11,-1,1170.17998155603,-1171.5
2011-10-12,1,-1163.79027164426,1165
2011-10-13,1,-1157.58836493798,1158.75
2011-10-14,1,-1154.882054752,1156.1
2011-10-17,-1,1147.25940799024,-1148.5
2011-10-18,1,-1148.55789084088,1149.75
2011-10-19,1,-1132.90230194129,1134
2011-10-20,-1,1146.21386875856,-1147.5
2011-10-21,1,-1146.16168607242,1147.35
2011-10-24,1,-1131.46738089212,1132.55
2011-10-25,0,-0,0
2011-10-26,-1,1132.28922135406,-1133.5
2011-10-27,1,-1105.69567951753,1106.6
2011-10-28,-1,1101.83513256337,-1103
2011-10-31,-1,1111.12615582428,-1112.35
2011-11-01,-1,1121.11725215886,-1122.3
2011-11-02,-1,1120.98807438969,-1122.15
2011-11-03,-1,1126.45989879974,-1127.65
2011-11-04,1,-1109.74945025524,1110.75
2011-11-07,-1,1115.10900046204,-1116.25
2011-11-08,-1,1113.41217458286,-1114.55
2011-11-09,-1,1117.90691848328,-1119.1
2011-11-10,-1,1131.14629812396,-1132.35
2011-11-11,1,-1125.50795906402,1126.6
2011-11-14,1,-1126.18476266954,1127.3
2011-11-15,-1,1127.86098219696,-1129
2011-11-16,-1,1135.41549116338,-1136.65
2011-11-17,1,-1132.53523846386,1133.65
2011-11-18,-1,1138.07008582799,-1139.25
2011-11-21,-1,1142.59485897106,-1143.75
2011-11-22,-1,1143.48700547565,-1144.65
2011-11-23,-1,1159.41564543515,-1160.7
2011-11-24,1,-1154.57300493344,1155.65
2011-11-25,-1,1161.28225096135,-1162.5
2011-11-28,1,-1151.93704144626,1153
2011-11-29,1,-1139.01557799719,1140
2011-11-30,-1,1139.39265243239,-1140.55
2011-12-01,1,-1125.99612900583,1127.05
2011-12-02,0,-0,0
2011-12-05,1,-1123.92488980099,1125
2011-12-06,-1,1127.87869731904,-1129
2011-12-07,-1,1128.47214577503,-1129.62
2011-12-08,-1,1132.88457849475,-1134.05
2011-12-09,-1,1145.55647594287,-1146.8
2011-12-12,-1,1148.53305438563,-1149.7
2011-12-13,-1,1156.79159110045,-1158
2011-12-14,1,-1157.88953403088,1159
2011-12-15,1,-1156.14929890761,1157.25
2011-12-16,-1,1157.49924473343,-1158.65
2011-12-19,-1,1174.93558579156,-1176.25
2011-12-20,1,-1157.046228636,1158
2011-12-21,1,-1150.23831159465,1151.3
2011-12-22,-1,1153.34808588803,-1154.5
2011-12-23,1,-1148.44596363095,1149.5
2011-12-26,-1,1153.83103033475,-1155
2011-12-27,0,-0,0
2011-12-28,1,-1156.39024697655,1157.5
2011-12-29,-1,1155.83748012959,-1157
2011-12-30,-1,1158.1091363064,-1159.25
2012-01-02,1,-1154.0585626895,1155.15
2012-01-03,1,-1144.7043640932,1145.7
2012-01-04,-1,1147.20504036589,-1148.35
2012-01-05,-1,1154.82460585071,-1156.05
2012-01-06,-1,1159.30779067465,-1160.5
2012-01-09,-1,1156.90853763858,-1158.05
2012-01-10,-1,1153.39664964561,-1154.55
2012-01-11,-1,1158.32153849497,-1159.55
2012-01-12,1,-1151.37925058795,1152.45
2012-01-13,1,-1150.22771127048,1151.35
2012-01-16,1,-1150.88178671997,1152
2012-01-17,1,-1142.68861012472,1143.75
2012-01-18,1,-1138.00915742925,1139.1
2012-01-19,1,-1133.32076990216,1134.4
2012-01-20,1,-1132.40998662272,1133.5
2012-01-23,1,-1127.08754850621,1128.15
2012-01-24,-1,1128.87097429554,-1130.05
2012-01-25,1,-1126.49080833116,1127.55
2012-01-26,1,-1121.43965116032,1122.5
2012-01-27,-1,1119.50968338429,-1120.75
2012-01-30,-1,1127.06601958669,-1128.25
2012-01-31,-1,1124.98707501744,-1126.2
2012-02-01,0,-0,0
2012-02-02,1,-1116.04490828742,1117.15
2012-02-03,-1,1115.82914513882,-1117
2012-02-06,1,-1119.34906482239,1120.5
2012-02-07,1,-1116.36058994064,1117.5
2012-02-08,-1,1116.46622901985,-1117.65
2012-02-09,-1,1117.87285502347,-1119.05
2012-02-10,-1,1122.33476136971,-1123.5
2012-02-13,1,-1119.05097038221,1120.2
2012-02-14,-1,1125.10301757918,-1126.3
2012-02-15,0,-0,0
2012-02-16,-1,1124.77664038703,-1125.95
2012-02-17,-1,1125.71121184351,-1126.88
2012-02-20,1,-1120.77796067827,1121.9
2012-02-21,-1,1124.38915226205,-1125.55
2012-02-22,-1,1127.50574694459,-1128.7
2012-02-23,1,-1126.49702829262,1127.65
2012-02-24,1,-1123.3662818517,1124.5
2012-02-27,0,-0,0
2012-02-28,0,-0,0
2012-02-29,-1,1118.1381730565,-1119.3
2012-03-01,1,-1113.79379443995,1114.9
2012-03-02,1,-1114.36426437762,1115.5
2012-03-05,-1,1117.38622870412,-1118.55
2012-03-06,-1,1123.31210999087,-1124.5
2012-03-07,-1,1121.79199692508,-1122.95
2012-03-08,1,-1114.37717718923,1115.45
2012-03-09,-1,1115.80661406294,-1117
2012-03-12,-1,1122.65238614412,-1123.85
2012-03-13,1,-1122.05984467273,1123.2
2012-03-14,-1,1131.72794834075,-1132.95
2012-03-15,1,-1123.31809299959,1124.4
2012-03-16,-1,1124.74068180005,-1125.9
2012-03-19,1,-1118.97851054442,1120.05
2012-03-20,-1,1126.64599651362,-1127.85
2012-03-21,-1,1129.2188560361,-1130.4
2012-03-22,0,-0,0
2012-03-23,-1,1134.30097396514,-1135.5
2012-03-26,1,-1132.12613230327,1133.25
2012-03-27,-1,1135.36379026691,-1136.55
2012-03-28,-1,1136.13469647544,-1137.3
2012-03-29,-1,1137.97792374514,-1139.15
2012-03-30,1,-1130.81402990898,1131.9
2012-04-02,1,-1124.8685706942,1125.95
2012-04-03,0,-0,0
2012-04-04,-1,1129.96488625492,-1131.15
2012-04-05,0,-0,0
2012-04-06,-1,1131.59639163341,-1132.75
2012-04-09,-1,1136.30269230608,-1137.5
2012-04-10,-1,1138.47375574111,-1139.65
2012-04-11,-1,1142.49223874372,-1143.7
2012-04-12,1,-1133.97040538589,1135.05
2012-04-13,1,-1133.39342329704,1134.5
2012-04-16,-1,1134.91836994239,-1136.1
2012-04-17,1,-1133.43430675548,1134.55
2012-04-18,-1,1139.42943492527,-1140.65
2012-04-19,-1,1139.49182920668,-1140.65
2012-04-20,1,-1138.21061508564,1139.35
2012-04-23,-1,1140.61811878663,-1141.8
2012-04-24,1,-1138.31505335171,1139.45
2012-04-25,1,-1136.91518726273,1138.05
2012-04-26,-1,1131.79181246364,-1133
2012-04-27,0,-0,0
2012-04-30,-1,1128.9733462275,-1130.15
2012-05-01,1,-1126.48729816638,1127.65
2012-05-02,1,-1129.04805022664,1130.2
2012-05-03,1,-1130.0935464183,1131.25
2012-05-04,-1,1134.61727932381,-1135.85
2012-05-07,0,-0,0
2012-05-08,1,-1137.09562097135,1138.25
2012-05-09,-1,1143.26083960425,-1144.5
2012-05-10,1,-1141.73232367737,1142.9
2012-05-11,-1,1147.96994798132,-1149.2
2012-05-14,1,-1152.6489365163,1153.8
2012-05-15,-1,1154.69227477063,-1155.9
2012-05-16,-1,1165.03943661731,-1166.32
2012-05-17,-1,1164.73367017071,-1165.94
2012-05-18,-1,1167.49398939082,-1168.74
2012-05-21,-1,1166.06030354801,-1167.28
2012-05-22,1,-1165.6701915605,1166.83
2012-05-23,-1,1179.74517097803,-1181.11
2012-05-24,1,-1176.07487124994,1177.22
2012-05-25,-1,1184.18529180179,-1185.5
2012-05-28,1,-1175.46005102143,1176.57
2012-05-29,1,-1174.94316429782,1176.15
2012-05-30,1,-1179.72170317402,1180.91
2012-05-31,1,-1179.28780172999,1180.47
2012-06-01,1,-1181.30659538273,1182.5
2012-06-04,1,-1178.43469619532,1179.59
2012-06-05,-1,1177.18949742239,-1178.43
2012-06-06,-1,1173.26587144913,-1174.5
2012-06-07,1,-1163.74791063558,1164.85
2012-06-08,-1,1172.84468633149,-1174.09
2012-06-11,1,-1170.31818788438,1171.5
2012-06-12,1,-1168.06613173216,1169.25
2012-06-13,1,-1165.37346856848,1166.54
2012-06-14,1,-1163.19280717384,1164.37
2012-06-15,-1,1163.63295006181,-1164.86
2012-06-18,1,-1156.39881162067,1157.5
2012-06-19,1,-1152.17304397566,1153.35
2012-06-20,1,-1151.52855063078,1152.71
2012-06-21,-1,1153.24387811771,-1154.45
2012-06-22,-1,1157.72840443709,-1158.94
2012-06-25,-1,1160.83356221876,-1162.05
2012-06-26,1,-1157.3434404841,1158.5
2012-06-27,0,-0,0
2012-06-28,-1,1156.82159847785,-1158.02
2012-06-29,1,-1140.28651869834,1141.32
2012-07-02,1,-1142.75062749262,1143.89
2012-07-03,1,-1132.42211464454,1133.48
2012-07-04,-1,1136.29761793995,-1137.49
2012-07-05,1,-1132.71853955204,1133.8
2012-07-06,-1,1139.35928425898,-1140.55
2012-07-09,-1,1142.01045095164,-1143.17
2012-07-10,1,-1139.02856436867,1140.15
2012-07-11,0,-0,0
2012-07-12,-1,1153.37054572044,-1154.63
2012-07-13,1,-1146.95721521503,1148.06
2012-07-16,1,-1145.0819177861,1146.18
2012-07-17,0,-0,0
2012-07-18,1,-1141.40743438326,1142.5
2012-07-19,1,-1137.22358480953,1138.3
2012-07-20,-1,1141.5672620926,-1142.75
2012-07-23,-1,1149.22738906716,-1150.38
2012-07-24,1,-1148.07303663691,1149.18
2012-07-25,0,-0,0
2012-07-26,1,-1145.46810531806,1146.57
2012-07-27,1,-1137.54888167183,1138.61
2012-07-30,1,-1136.51104587933,1137.62
2012-07-31,1,-1129.61622204942,1130.67
2012-08-01,1,-1126.21256711275,1127.26
2012-08-02,-1,1130.89606320418,-1132.07
2012-08-03,-1,1133.85626994631,-1135
2012-08-06,1,-1127.28533423864,1128.33
2012-08-07,-1,1127.78121046522,-1128.9
2012-08-08,0,-0,0
2012-08-09,1,-1126.20956522001,1127.29
2012-08-10,-1,1130.01087450042,-1131.15
2012-08-13,1,-1128.05957337017,1129.13
2012-08-14,-1,1129.46220617068,-1130.59
2012-08-15,1,-1129.71070095971,1130.81
2012-08-16,-1,1132.45213870748,-1133.59
2012-08-17,-1,1134.29207740011,-1135.42
2012-08-20,-1,1134.62817094292,-1135.75
2012-08-21,1,-1130.11726668774,1131.19
2012-08-22,-1,1134.79424027032,-1135.96
2012-08-23,1,-1131.02649508608,1132.08
2012-08-24,-1,1133.59943545236,-1134.75
2012-08-27,0,-0,0
2012-08-28,-1,1133.92297739594,-1135.05
2012-08-29,0,-0,0
2012-08-30,1,-1133.77215963562,1134.88
2012-08-31,-1,1132.66072105765,-1133.79
2012-09-03,1,-1130.87920074183,1131.98
2012-09-04,-1,1132.47494956591,-1133.63
2012-09-05,-1,1135.5110306344,-1136.66
2012-09-06,-1,1133.01753890041,-1134.15
2012-09-07,1,-1129.18864583209,1130.3
2012-09-10,-1,1127.87250679804,-1129
2012-09-11,-1,1127.19693992074,-1128.34
2012-09-12,1,-1125.94798957084,1127.06
2012-09-13,-1,1127.66085100592,-1128.82
2012-09-14,1,-1115.98246317462,1117.05
2012-09-17,-1,1115.36815468744,-1116.5
2012-09-18,0,-0,0
2012-09-19,1,-1115.04848327966,1116.14
2012-09-20,-1,1117.50782012234,-1118.65
2012-09-21,-1,1118.35114037671,-1119.5
2012-09-24,1,-1119.62139637985,1120.72
2012-09-25,1,-1117.61104106245,1118.72
2012-09-26,1,-1118.30940495838,1119.41
2012-09-27,0,-0,0
2012-09-28,1,-1112.58241389019,1113.67
2012-10-01,1,-1111.49226316465,1112.59
2012-10-02,-1,1112.34515516689,-1113.48
2012-10-03,1,-1112.35158114135,1113.46
2012-10-04,0,-0,0
2012-10-05,0,-0,0
2012-10-08,-1,1110.61930482438,-1111.74
2012-10-09,1,-1110.52025572298,1111.62
2012-10-10,-1,1113.27385500744,-1114.42
2012-10-11,0,-0,0
2012-10-12,1,-1109.88881233335,1111
2012-10-15,0,-0,0
2012-10-16,1,-1105.49807358172,1106.59
2012-10-17,1,-1103.79671945654,1104.89
2012-10-18,1,-1103.97087020464,1105.05
2012-10-19,0,-0,0
2012-10-22,1,-1103.51916279575,1104.6
2012-10-23,1,-1102.37454612578,1103.45
2012-10-24,-1,1102.86619447767,-1104
2012-10-25,1,-1097.14218828386,1098.2
2012-10-26,1,-1096.479390358,1097.58
2012-10-29,1,-1096.90959700871,1098.01
2012-10-30,1,-1090.31665728269,1091.35
2012-10-31,1,-1089.2309835339,1090.32
2012-11-01,0,-0,0
2012-11-02,-1,1090.54179600561,-1091.65
2012-11-05,1,-1089.92415457887,1091
2012-11-06,1,-1089.1354074904,1090.22
2012-11-07,-1,1085.89630247237,-1087
2012-11-08,-1,1088.23052326941,-1089.37
2012-11-09,-1,1086.87034288545,-1088
2012-11-12,-1,1088.85261022668,-1090
2012-11-13,0,-0,0
2012-11-14,1,-1085.43226077665,1086.5
2012-11-15,0,-0,0
2012-11-16,0,-0,0
2012-11-19,1,-1085.47065763247,1086.5
2012-11-20,1,-1081.99979598567,1083.08
2012-11-21,0,-0,0
2012-11-22,-1,1084.49382693133,-1085.61
2012-11-23,-1,1084.44370179549,-1085.55
2012-11-26,-1,1084.88199467,-1086.02
2012-11-27,1,-1085.46756196975,1086.57
2012-11-28,1,-1084.42199271544,1085.5
2012-11-29,-1,1082.1893091078,-1083.3
2012-11-30,1,-1081.40380910191,1082.5
2012-12-03,0,-0,0
2012-12-04,-1,1082.8909074993,-1084.01
2012-12-05,1,-1081.60423297943,1082.69
2012-12-06,-1,1082.38530965499,-1083.5
2012-12-07,1,-1080.96013886204,1082.06
2012-12-10,1,-1076.6477564376,1077.68
2012-12-11,1,-1074.15233258758,1075.25
2012-12-12,1,-1072.51129293412,1073.6
2012-12-13,1,-1073.26152601509,1074.35
2012-12-14,-1,1074.06031977344,-1075.19
2012-12-17,1,-1071.41879164344,1072.5
2012-12-18,-1,1071.88479440862,-1073
2012-12-19,1,-1071.41231874838,1072.5
2012-12-20,-1,1073.48069089623,-1074.6
2012-12-21,-1,1074.77952479183,-1075.9
2012-12-24,1,-1072.42207794701,1073.5
2012-12-25,-1,1072.39060757752,-1073.5
2012-12-26,0,-0,0
2012-12-27,1,-1071.4162409959,1072.51
2012-12-28,1,-1066.60066682149,1067.64
2012-12-31,1,-1062.6005933769,1063.64
2013-01-01,0,-0,0
2013-01-02,-1,1062.38135443624,-1063.5
2013-01-03,-1,1062.09705002146,-1063.2
2013-01-04,1,-1061.31824175481,1062.39
2013-01-07,-1,1062.09964144864,-1063.21
2013-01-08,1,-1063.06208666879,1064.15
2013-01-09,1,-1059.56892022265,1060.65
2013-01-10,0,-0,0
2013-01-11,1,-1055.42677138194,1056.49
2013-01-14,-1,1055.38955687891,-1056.5
2013-01-15,1,-1056.47828107119,1057.57
2013-01-16,0,-0,0
2013-01-17,0,-0,0
2013-01-18,0,-0,0
2013-01-21,-1,1063.17506768549,-1064.35
2013-01-22,1,-1062.57576889088,1063.66
2013-01-23,-1,1066.0464287702,-1067.19
2013-01-24,1,-1068.06667719762,1069.15
2013-01-25,1,-1074.47887416235,1075.58
2013-01-28,-1,1090.72392197523,-1091.92
2013-01-29,1,-1083.10883523421,1084.12
2013-01-30,1,-1085.24282008237,1086.3
2013-01-31,-1,1087.16864714344,-1088.26
2013-02-01,-1,1094.06933367678,-1095.19
2013-02-04,1,-1088.78237974603,1089.8
2013-02-05,0,-0,0
2013-02-06,1,-1088.43993547802,1089.5
2013-02-07,-1,1089.32868134019,-1090.4
2013-02-08,-1,1094.9158241106,-1096
2013-02-11,1,-1094.9401604319,1096
2013-02-12,1,-1092.33587225107,1093.38
2013-02-13,1,-1085.67922834035,1086.67
2013-02-14,-1,1084.4695579566,-1085.54
2013-02-15,1,-1078.02409908585,1079
2013-02-18,-1,1082.63676099162,-1083.71
2013-02-19,-1,1079.3954708956,-1080.5
2013-02-20,1,-1079.64767205053,1080.68
2013-02-21,-1,1086.15848579683,-1087.25
2013-02-22,-1,1084.64419353687,-1085.73
2013-02-25,1,-1085.440281228,1086.5
2013-02-26,-1,1089.15782907974,-1090.27
2013-02-27,1,-1083.86772782189,1084.88
2013-02-28,1,-1083.29370854647,1084.35
2013-03-01,-1,1083.5793559038,-1084.65
2013-03-04,-1,1089.88523964527,-1091.01
2013-03-05,1,-1085.61040768543,1086.63
2013-03-06,1,-1083.7131359233,1084.76
2013-03-07,-1,1086.62553498862,-1087.74
2013-03-08,1,-1088.53558926975,1089.6
2013-03-11,-1,1093.33201302487,-1094.45
2013-03-12,-1,1094.41652985125,-1095.53
2013-03-13,-1,1097.57978400177,-1098.67
2013-03-14,-1,1106.61115638087,-1107.78
2013-03-15,-1,1109.51194632423,-1110.64
2013-03-18,-1,1113.44865500386,-1114.56
2013-03-19,1,-1112.26056310504,1113.33
2013-03-20,-1,1114.90673250524,-1116.03
2013-03-21,1,-1115.12578873008,1116.2
2013-03-22,-1,1118.25029864651,-1119.35
2013-03-25,1,-1110.50434817028,1111.5
2013-03-26,1,-1106.77423291047,1107.82
2013-03-27,-1,1110.79327004053,-1111.9
2013-03-28,-1,1112.34359269656,-1113.44
2013-03-29,1,-1110.2758890135,1111.35
2013-04-01,-1,1113.61903971205,-1114.72
2013-04-02,-1,1117.05908284497,-1118.17
2013-04-03,0,-0,0
2013-04-04,-1,1123.80555786927,-1124.93
2013-04-05,-1,1136.44666075576,-1137.68
2013-04-08,-1,1141.66214794419,-1142.76
2013-04-09,0,-0,0
2013-04-10,1,-1134.50075236851,1135.55
2013-04-11,1,-1128.8368425442,1129.87
2013-04-12,1,-1128.42773176809,1129.5
2013-04-15,1,-1118.97432823642,1119.94
2013-04-16,1,-1112.92049939119,1113.95
2013-04-17,-1,1119.90385883663,-1121.03
2013-04-18,1,-1118.74171053888,1119.78
2013-04-19,-1,1118.37090574985,-1119.48
2013-04-22,1,-1118.79918972066,1119.86
2013-04-23,0,-0,0
2013-04-24,1,-1116.08428034829,1117.14
2013-04-25,1,-1110.74037162961,1111.8
2013-04-26,-1,1110.1235780658,-1111.23
2013-04-29,1,-1103.21661723359,1104.24
2013-04-30,1,-1100.58824946143,1101.61
2013-05-01,1,-1100.2005365033,1101.25
2013-05-02,1,-1101.47798901738,1102.53
2013-05-03,1,-1096.48826957796,1097.5
2013-05-06,1,-1093.97571644947,1094.98
2013-05-07,1,-1089.28080933556,1090.3
2013-05-08,-1,1085.40143002534,-1086.5
2013-05-09,0,-0,0
2013-05-10,-1,1105.05973415679,-1106.15
2013-05-13,-1,1112.19984150752,-1113.27
2013-05-14,1,-1109.07882807356,1110.07
2013-05-15,-1,1113.75766756672,-1114.82
2013-05-16,-1,1116.68032119396,-1117.74
2013-05-17,1,-1117.2369617995,1118.27
2013-05-20,-1,1116.81906751283,-1117.91
2013-05-21,1,-1110.50990401314,1111.5
2013-05-22,1,-1113.02168101239,1114.05
2013-05-23,-1,1127.55772411326,-1128.8
2013-05-24,1,-1127.15840670395,1128.22
2013-05-27,1,-1121.59751117511,1122.6
2013-05-28,-1,1127.19289339588,-1128.27
2013-05-29,-1,1131.3144890093,-1132.45
2013-05-30,1,-1127.99491846779,1129.03
2013-05-31,-1,1130.15587184349,-1131.26
2013-06-03,1,-1119.14506906863,1120.09
2013-06-04,-1,1122.26421460244,-1123.36
2013-06-05,1,-1117.95812249183,1119
2013-06-06,-1,1117.96915175451,-1119.1
2013-06-07,1,-1116.58150821631,1117.62
2013-06-10,-1,1127.04014757015,-1128.14
2013-06-11,-1,1131.81871709339,-1133.01
2013-06-12,1,-1127.23447757979,1128.26
2013-06-13,-1,1129.10958925398,-1130.25
2013-06-14,1,-1126.6303543162,1127.7
2013-06-17,1,-1126.88561187245,1127.97
2013-06-18,-1,1133.5001592517,-1134.69
2013-06-19,1,-1129.87934134344,1130.95
2013-06-20,-1,1144.98150413144,-1146.1
2013-06-21,-1,1155.34478621942,-1156.62
2013-06-24,-1,1160.85608196797,-1162.01
2013-06-25,1,-1152.55006031033,1153.63
2013-06-26,1,-1154.90154243883,1156
2013-06-27,1,-1147.07923431365,1148.14
2013-06-28,1,-1141.34201410479,1142.4
2013-07-01,1,-1134.61214955296,1135.62
2013-07-02,1,-1133.95688415406,1135
2013-07-03,-1,1140.2290956507,-1141.4
2013-07-04,1,-1138.74602835816,1139.84
2013-07-05,1,-1141.26961244735,1142.35
2013-07-08,-1,1147.17457445255,-1148.39
2013-07-09,1,-1141.05859375394,1142.11
2013-07-10,1,-1134.28991478805,1135.38
2013-07-11,1,-1123.51286799789,1124.53
2013-07-12,1,-1123.34886132155,1124.4
2013-07-15,0,-0,0
2013-07-16,1,-1113.8907120663,1114.91
2013-07-17,-1,1116.2128007353,-1117.31
2013-07-18,-1,1123.7709573958,-1124.85
2013-07-19,1,-1119.83101155987,1120.88
2013-07-22,1,-1117.84989786496,1118.91
2013-07-23,1,-1116.3384571157,1117.38
2013-07-24,1,-1114.95559695601,1116
2013-07-25,1,-1115.440937318,1116.5
2013-07-26,1,-1112.168664634,1113.21
2013-07-29,1,-1111.61409039722,1112.66
2013-07-30,-1,1115.42153736351,-1116.51
2013-07-31,-1,1122.5734856474,-1123.7
2013-08-01,1,-1122.45814176739,1123.5
2013-08-02,-1,1123.20717817832,-1124.3
2013-08-05,1,-1113.16137286005,1114.12
2013-08-06,1,-1113.12064984616,1114.16
2013-08-07,-1,1114.30358663866,-1115.37
2013-08-08,0,-0,0
2013-08-09,1,-1110.47882011294,1111.5
2013-08-12,-1,1113.16039803399,-1114.22
2013-08-13,-1,1117.73080662653,-1118.82
2013-08-14,0,-0,0
2013-08-15,-1,1117.44284106864,-1118.5
2013-08-16,1,-1112.47850583638,1113.49
2013-08-19,-1,1117.55834007184,-1118.63
2013-08-20,-1,1119.69770826816,-1120.8
2013-08-21,1,-1117.88779383359,1118.91
2013-08-22,-1,1120.30939499415,-1121.37
2013-08-23,1,-1112.93942134388,1113.93
2013-08-26,1,-1111.99216075706,1113
2013-08-27,-1,1116.46024349259,-1117.53
2013-08-28,1,-1113.81948315059,1114.85
2013-08-29,1,-1111.77694851194,1112.79
2013-08-30,1,-1109.00627800423,1110.02
2013-09-02,1,-1097.81253952607,1098.77
2013-09-03,1,-1097.71794986357,1098.7
2013-09-04,1,-1093.37400731508,1094.37
2013-09-05,1,-1096.69727579615,1097.69
2013-09-06,1,-1091.52143100022,1092.5
2013-09-09,1,-1086.03161609963,1087
2013-09-10,1,-1085.40284004269,1086.37
2013-09-11,0,-0,0
2013-09-12,1,-1082.26020313075,1083.22
2013-09-13,-1,1085.32566505256,-1086.33
2013-09-16,1,-1080.81673534404,1081.79
2013-09-17,-1,1081.60751276169,-1082.6
2013-09-18,1,-1080.87347103204,1081.85
2013-09-19,1,-1070.59053078169,1071.48
2013-09-20,-1,1075.47055028388,-1076.47
2013-09-23,1,-1073.41733472827,1074.35
2013-09-24,0,-0,0
2013-09-25,-1,1075.8849545358,-1076.87
2013-09-26,1,-1074.70685918466,1075.65
2013-09-27,0,-0,0
2013-09-30,1,-1073.58382653197,1074.53
2013-10-01,0,-0,0
2013-10-02,-1,1073.45796098178,-1074.47
2013-10-03,-1,1070.998791189,-1072
2013-10-04,1,-1070.53924648319,1071.5
2013-10-07,0,-0,0
2013-10-08,-1,1074.08562901282,-1075.1
2013-10-09,-1,1074.94329192974,-1075.93
2013-10-10,1,-1070.72391515305,1071.64
2013-10-11,-1,1070.37585943902,-1071.4
2013-10-14,1,-1070.71998642465,1071.7
2013-10-15,1,-1063.86876786135,1064.78
2013-10-16,-1,1066.23560389853,-1067.22
2013-10-17,1,-1061.89169859885,1062.83
2013-10-18,1,-1059.55965180708,1060.5
2013-10-21,0,-0,0
2013-10-22,1,-1056.95276543205,1057.9
2013-10-23,1,-1057.44869224981,1058.4
2013-10-24,-1,1061.79270780634,-1062.83
2013-10-25,1,-1061.53339325491,1062.5
2013-10-28,1,-1060.73081833054,1061.7
2013-10-29,1,-1061.66462858335,1062.63
2013-10-30,1,-1058.46879198858,1059.42
2013-10-31,-1,1060.30419838939,-1061.28
2013-11-01,-1,1060.37324084797,-1061.36
2013-11-04,-1,1061.63081402233,-1062.63
2013-11-05,1,-1060.52274561938,1061.48
2013-11-06,1,-1059.2708776707,1060.22
2013-11-07,-1,1062.42187484368,-1063.42
2013-11-08,1,-1061.6165916052,1062.57
2013-11-11,-1,1071.4303655721,-1072.5
2013-11-12,1,-1072.28387573983,1073.25
2013-11-13,1,-1070.0698807123,1071.01
2013-11-14,1,-1067.71406613293,1068.66
2013-11-15,1,-1061.89528077609,1062.8
2013-11-18,1,-1054.39981594354,1055.29
2013-11-19,-1,1054.33446288018,-1055.31
2013-11-20,1,-1055.8940688678,1056.83
2013-11-21,-1,1061.12171922496,-1062.12
2013-11-22,1,-1060.50718128604,1061.44
2013-11-25,1,-1059.18450967138,1060.12
2013-11-26,0,-0,0
2013-11-27,1,-1060.10791258901,1061.05
2013-11-28,-1,1060.43831468822,-1061.4
2013-11-29,1,-1057.28122589308,1058.21
2013-12-02,1,-1057.55449990156,1058.5
2013-12-03,-1,1060.20262941828,-1061.22
2013-12-04,1,-1060.79055000788,1061.75
2013-12-05,1,-1057.80090614513,1058.72
2013-12-06,1,-1056.06447729689,1057
2013-12-09,1,-1052.03223747336,1052.95
2013-12-10,0,-0,0
2013-12-11,0,-0,0
2013-12-12,1,-1050.56604482939,1051.5
2013-12-13,-1,1052.38590322638,-1053.35
2013-12-16,1,-1052.0594167822,1053
2013-12-17,1,-1049.96110050384,1050.9
2013-12-18,1,-1051.30412295,1052.25
2013-12-19,-1,1058.77028953677,-1059.73
2013-12-20,-1,1060.84982004715,-1061.8
2013-12-23,1,-1059.59409521324,1060.5
2013-12-24,1,-1059.27791452415,1060.2
2013-12-25,0,-0,0
2013-12-26,-1,1058.29223773294,-1059.25
2013-12-27,1,-1053.76856574616,1054.67
2013-12-30,-1,1054.72903178457,-1055.72
2013-12-31,1,-1049.57060805737,1050.5
2014-01-01,0,-0,0
2014-01-02,1,-1049.62738922872,1050.55
2014-01-03,-1,1054.51611680827,-1055.5
2014-01-06,-1,1064.43388075337,-1065.46
2014-01-07,-1,1068.53303222969,-1069.5
2014-01-08,1,-1064.80432568947,1065.7
2014-01-09,1,-1062.07494813929,1063
2014-01-10,-1,1060.81789796634,-1061.77
2014-01-13,1,-1056.12284984466,1057
2014-01-14,-1,1058.449555871,-1059.4
2014-01-15,-1,1062.63280258193,-1063.6
2014-01-16,-1,1062.55626668116,-1063.5
2014-01-17,1,-1060.89516083158,1061.8
2014-01-20,-1,1062.80558208292,-1063.77
2014-01-21,1,-1064.38150714587,1065.3
2014-01-22,-1,1066.57659663483,-1067.55
2014-01-23,-1,1072.51649427973,-1073.55
2014-01-24,-1,1079.32056510413,-1080.35
2014-01-27,1,-1082.83860983626,1083.8
2014-01-28,1,-1078.66435329093,1079.59
2014-01-29,1,-1069.20500321467,1070.05
2014-01-30,-1,1079.44045541074,-1080.5
2014-01-31,-1,1080.33282625244,-1081.31
2014-02-03,-1,1083.74433982116,-1084.75
2014-02-04,0,-0,0
2014-02-05,1,-1077.10972824461,1078
2014-02-06,-1,1078.06999928073,-1079.05
2014-02-07,1,-1074.08184559251,1075
2014-02-10,1,-1071.876651318,1072.8
2014-02-11,1,-1069.95858291836,1070.9
2014-02-12,1,-1061.72394351405,1062.59
2014-02-13,-1,1065.28397381741,-1066.25
2014-02-14,1,-1062.5633756106,1063.5
2014-02-17,1,-1059.5420387209,1060.45
2014-02-18,-1,1064.52717059705,-1065.5
2014-02-19,0,-0,0
2014-02-20,-1,1071.22676049024,-1072.2
2014-02-21,-1,1072.06303470602,-1073
2014-02-24,-1,1073.52620324282,-1074.5
2014-02-25,1,-1073.07466220931,1074
2014-02-26,1,-1065.11173699276,1065.97
2014-02-27,-1,1068.84652386142,-1069.8
2014-02-28,1,-1065.56981382784,1066.46
2014-03-03,-1,1069.21608269793,-1070.18
2014-03-04,-1,1070.50091168742,-1071.45
2014-03-05,0,-0,0
2014-03-06,1,-1063.7001880527,1064.55
2014-03-07,-1,1064.21301789121,-1065.15
2014-03-10,0,-0,0
2014-03-11,1,-1064.68331850816,1065.58
2014-03-12,-1,1069.67447178683,-1070.65
2014-03-13,1,-1069.07968589851,1070
2014-03-14,-1,1070.29387654108,-1071.23
2014-03-17,1,-1066.85720196121,1067.75
2014-03-18,1,-1068.60352323483,1069.5
2014-03-19,1,-1069.75347428563,1070.68
2014-03-20,-1,1076.29015593688,-1077.23
2014-03-21,-1,1079.00012113296,-1080
2014-03-24,1,-1076.88223577387,1077.8
2014-03-25,-1,1078.50157860745,-1079.5
2014-03-26,1,-1074.2049158971,1075.1
2014-03-27,1,-1070.97583326561,1071.9
2014-03-28,1,-1069.06952898355,1070
2014-03-31,1,-1063.99586260873,1064.9
2014-04-01,1,-1057.57882435541,1058.5
2014-04-02,1,-1056.72659634224,1057.65
2014-04-03,-1,1057.06160276748,-1058
2014-04-04,1,-1053.38439425066,1054.3
2014-04-07,0,-0,0
2014-04-08,-1,1051.40066499101,-1052.35
2014-04-09,1,-1040.67060409991,1041.5
2014-04-10,1,-1039.26401089924,1040.15
2014-04-11,1,-1034.81106906533,1035.65
2014-04-14,1,-1038.79680254696,1039.69
2014-04-15,-1,1040.36569080225,-1041.3
2014-04-16,1,-1037.70641174938,1038.6
2014-04-17,1,-1037.59619438156,1038.5
2014-04-18,1,-1037.10916045377,1038
2014-04-21,1,-1038.11487933913,1039.01
2014-04-22,1,-1037.02487589443,1037.9
2014-04-23,-1,1038.67025681402,-1039.6
2014-04-24,-1,1038.82352454197,-1039.75
2014-04-25,-1,1040.27021355892,-1041.2
2014-04-28,1,-1034.28595141198,1035.15
2014-04-29,1,-1029.40062103448,1030.28
2014-04-30,-1,1032.58075936465,-1033.5
2014-05-01,0,-0,0
2014-05-02,1,-1029.25933898272,1030.12
2014-05-05,-1,1029.19952032424,-1030.12
2014-05-06,-1,1029.20976446158,-1030.12
2014-05-07,1,-1021.74443811423,1022.55
2014-05-08,-1,1021.76640689324,-1022.7
2014-05-09,1,-1023.29622061334,1024.2
2014-05-12,1,-1023.69576803678,1024.58
2014-05-13,1,-1021.60480846929,1022.5
2014-05-14,-1,1026.9194571684,-1027.9
2014-05-15,1,-1024.16026033105,1025.05
2014-05-16,0,-0,0
2014-05-19,1,-1021.5869917818,1022.5
2014-05-20,-1,1024.56348706234,-1025.5
2014-05-21,-1,1026.15951547059,-1027.1
2014-05-22,1,-1023.84571635528,1024.75
2014-05-23,-1,1023.92745912047,-1024.85
2014-05-26,-1,1023.37450652665,-1024.3
2014-05-27,1,-1023.10300596634,1024
2014-05-28,0,-0,0
2014-05-29,-1,1019.94100945571,-1020.9
2014-05-30,1,-1019.87798512861,1020.8
2014-06-02,-1,1023.56334322742,-1024.5
2014-06-03,0,-0,0
2014-06-04,0,-0,0
2014-06-05,1,-1019.58473444621,1020.5
2014-06-06,1,-1019.0375779217,1019.95
2014-06-09,1,-1015.85389340932,1016.75
2014-06-10,-1,1016.26941330978,-1017.2
2014-06-11,1,-1014.89216228495,1015.8
2014-06-12,-1,1016.75463378069,-1017.7
2014-06-13,-1,1017.12141886505,-1018.05
2014-06-16,-1,1019.55885368669,-1020.5
2014-06-17,1,-1021.08035658807,1022
2014-06-18,-1,1022.11520288041,-1023.12
2014-06-19,1,-1018.0267637597,1018.92
2014-06-20,-1,1020.23701250065,-1021.21
2014-06-23,1,-1018.07559856111,1019
2014-06-24,-1,1018.03606118609,-1019
2014-06-25,-1,1018.99014838736,-1019.95
2014-06-26,1,-1015.76696364009,1016.7
2014-06-27,1,-1013.20393311799,1014.12
2014-06-30,1,-1011.06669696211,1012
2014-07-01,1,-1009.95413409271,1010.88
2014-07-02,1,-1008.6761863424,1009.6
2014-07-03,-1,1008.29995289602,-1009.25
2014-07-04,1,-1008.5173917481,1009.45
2014-07-07,-1,1010.54270975009,-1011.5
2014-07-08,0,-0,0
2014-07-09,-1,1011.2835428566,-1012.25
2014-07-10,1,-1012.56152084115,1013.5
2014-07-11,-1,1018.04929046134,-1019.05
2014-07-14,-1,1018.39444746916,-1019.35
2014-07-15,-1,1026.00337445378,-1027
2014-07-16,-1,1031.11837538328,-1032.15
2014-07-17,1,-1028.28651635379,1029.2
2014-07-18,-1,1028.51448369226,-1029.5
2014-07-21,1,-1026.11386431362,1027.05
2014-07-22,1,-1023.66577610347,1024.6
2014-07-23,-1,1023.23573808706,-1024.2
2014-07-24,-1,1028.42482367733,-1029.45
2014-07-25,1,-1025.13064857185,1026.05
2014-07-28,-1,1025.27776522146,-1026.25
2014-07-29,1,-1024.09444375517,1025.05
2014-07-30,1,-1023.80515168864,1024.75
2014-07-31,-1,1027.01848918628,-1028
2014-08-01,-1,1036.63823550616,-1037.75
2014-08-04,1,-1032.40355548103,1033.35
2014-08-05,1,-1027.27885659673,1028.2
2014-08-06,-1,1032.94219829309,-1034
2014-08-07,-1,1035.98889585684,-1037
2014-08-08,-1,1035.55065876215,-1036.55
2014-08-11,1,-1029.48404376657,1030.4
2014-08-12,1,-1026.20033452524,1027.15
2014-08-13,-1,1029.22479127356,-1030.25
2014-08-14,1,-1020.31418584086,1021.2
2014-08-15,-1,1020.2255222958,-1021.2
2014-08-18,1,-1016.68160316565,1017.6
2014-08-19,-1,1016.97252729254,-1017.95
2014-08-20,-1,1021.81503050012,-1022.85
2014-08-21,-1,1022.66204115631,-1023.65
2014-08-22,1,-1017.08293286596,1018
2014-08-25,-1,1019.05749630077,-1020.05
2014-08-26,1,-1015.71286846086,1016.65
2014-08-27,-1,1013.37176555103,-1014.35
2014-08-28,0,-0,0
2014-08-29,0,-0,0
2014-09-01,1,-1012.0886096218,1013.05
2014-09-02,-1,1017.60871913731,-1018.6
2014-09-03,-1,1018.94382826714,-1019.95
2014-09-04,1,-1018.14435300516,1019.1
2014-09-05,-1,1023.6075546593,-1024.65
2014-09-08,1,-1023.29326576127,1024.25
2014-09-09,-1,1033.60291644193,-1034.72
2014-09-10,1,-1033.41248346356,1034.4
2014-09-11,0,-0,0
2014-09-12,-1,1034.29652215967,-1035.3
2014-09-15,1,-1037.51169980227,1038.5
2014-09-16,1,-1035.21533700575,1036.2
2014-09-17,1,-1033.9375765753,1034.9
2014-09-18,-1,1042.85558955035,-1043.95
2014-09-19,-1,1043.15790442975,-1044.2
2014-09-22,1,-1040.03397549201,1041
2014-09-23,0,-0,0
2014-09-24,0,-0,0
2014-09-25,-1,1042.62178865698,-1043.65
2014-09-26,0,-0,0
2014-09-29,-1,1052.3352846769,-1053.4
2014-09-30,-1,1053.91163840626,-1054.95
2014-10-01,-1,1061.83772373991,-1062.95
2014-10-02,1,-1060.34375273596,1061.35
2014-10-03,1,-1060.35604817272,1061.35
2014-10-06,-1,1067.69947401795,-1068.9
2014-10-07,-1,1068.54298668923,-1069.65
2014-10-08,-1,1074.22857568845,-1075.4
2014-10-09,1,-1062.63688504969,1063.6
2014-10-10,-1,1072.91397653622,-1074.1
2014-10-13,1,-1066.09104066122,1067.1
2014-10-14,1,-1064.72277477009,1065.78
2014-10-15,1,-1059.92076429771,1060.97
2014-10-16,1,-1060.00414290942,1061.07
2014-10-17,-1,1062.2671148841,-1063.37
2014-10-20,1,-1055.20619202437,1056.2
2014-10-21,1,-1054.24762088953,1055.3
2014-10-22,1,-1052.69719713248,1053.74
2014-10-23,-1,1059.36636772519,-1060.5
2014-10-24,1,-1056.46137239631,1057.5
2014-10-27,1,-1050.03790657987,1051.03
2014-10-28,1,-1047.00977256127,1048.03
2014-10-29,-1,1053.05702848215,-1054.19
2014-10-30,1,-1053.6147387289,1054.67
2014-10-31,-1,1072.35519443079,-1073.6
2014-11-03,-1,1081.99288781401,-1083.15
2014-11-04,1,-1077.09339708378,1078.09
2014-11-05,-1,1089.40767703291,-1090.54
2014-11-06,-1,1089.9265417698,-1091
2014-11-07,1,-1085.84517793085,1086.84
2014-11-10,-1,1089.20931743403,-1090.29
2014-11-11,-1,1093.59967872592,-1094.72
2014-11-12,0,-0,0
2014-11-13,-1,1095.61135960764,-1096.68
2014-11-14,1,-1099.78056379287,1100.84
2014-11-17,-1,1099.84627313868,-1100.93
2014-11-18,1,-1099.7987392277,1100.85
2014-11-19,-1,1112.69666217462,-1113.8
2014-11-20,1,-1110.88532693024,1111.91
2014-11-21,1,-1110.22715089601,1111.25
2014-11-24,1,-1112.99142385314,1114.02
2014-11-25,1,-1109.19452665951,1110.22
2014-11-26,1,-1102.78354337308,1103.74
2014-11-27,1,-1099.32285112143,1100.32
2014-11-28,-1,1112.08803994705,-1113.17
2014-12-01,1,-1109.13140701405,1110.09
2014-12-02,-1,1114.30902741051,-1115.32
2014-12-03,-1,1115.10635928253,-1116.11
2014-12-04,1,-1111.41717288758,1112.36
2014-12-05,-1,1120.5730056706,-1121.6
2014-12-08,1,-1111.15686064882,1112.06
2014-12-09,1,-1104.06044506345,1104.93
2014-12-10,1,-1100.72216429408,1101.62
2014-12-11,-1,1101.88572610786,-1102.85
2014-12-12,1,-1103.41939856108,1104.35
2014-12-15,1,-1096.85759174023,1097.77
2014-12-16,1,-1080.24495009637,1081.01
2014-12-17,-1,1096.14446565189,-1097.16
2014-12-18,0,-0,0
2014-12-19,1,-1099.2477377498,1100.11
2014-12-22,1,-1099.23015996215,1100.12
2014-12-23,1,-1105.67105391386,1106.57
2014-12-24,1,-1103.4756996319,1104.35
2014-12-25,1,-1100.95875486074,1101.85
2014-12-26,1,-1098.92322353048,1099.8
2014-12-29,0,-0,0
2014-12-30,1,-1096.03013096807,1096.92
2014-12-31,1,-1093.02149733771,1093.9
2015-01-01,1,-1091.57867444724,1092.45
2015-01-02,-1,1105.97780435607,-1106.92
2015-01-05,1,-1109.09076429152,1109.93
2015-01-06,1,-1098.23973706241,1099
2015-01-07,0,-0,0
2015-01-08,1,-1094.6730229777,1095.51
2015-01-09,1,-1085.0503258204,1085.82
2015-01-12,1,-1081.90766106283,1082.72
2015-01-13,1,-1077.97406832752,1078.78
2015-01-14,-1,1081.96766587406,-1082.85
2015-01-15,1,-1074.87921027922,1075.69
2015-01-16,-1,1078.07373230805,-1079.07
2015-01-19,1,-1078.50445616113,1079.4
2015-01-20,-1,1087.10643060367,-1088.02
2015-01-21,1,-1081.41995406108,1082.3
2015-01-22,-1,1084.28346714113,-1085.24
2015-01-23,1,-1076.63358964774,1077.51
2015-01-26,-1,1079.80091267271,-1080.7
2015-01-27,-1,1076.98774466995,-1078.01
2015-01-28,-1,1084.90327469413,-1085.87
2015-01-29,-1,1099.01485475006,-1099.96
2015-01-30,1,-1101.48889690136,1102.4
2015-02-02,-1,1098.4665249977,-1099.45
2015-02-03,1,-1092.12105489779,1093.04
2015-02-04,1,-1087.19732695281,1088.09
2015-02-05,1,-1085.62529214947,1086.54
2015-02-06,-1,1097.04303103691,-1098.01
2015-02-09,-1,1094.31186509296,-1095.23
2015-02-10,-1,1098.34457519859,-1099.3
2015-02-11,-1,1107.26009290758,-1108.25
2015-02-12,-1,1100.55294458568,-1101.56
2015-02-13,1,-1096.96085680362,1097.88
2015-02-16,0,-0,0
2015-02-17,-1,1107.90355414174,-1108.87
2015-02-18,1,-1107.6855842991,1108.62
2015-02-19,1,-1110.8604567275,1111.82
2015-02-20,1,-1109.60072772134,1110.56
2015-02-23,1,-1107.4480661894,1108.4
2015-02-24,0,-0,0
2015-02-25,-1,1099.70149907311,-1100.71
2015-02-26,-1,1101.6592355189,-1102.65
2015-02-27,1,-1100.3045336012,1101.28
2015-03-02,-1,1102.04119334306,-1103.05
2015-03-03,1,-1095.89786288926,1096.83
2015-03-04,-1,1100.52033767079,-1101.52
2015-03-05,1,-1101.39810339602,1102.35
2015-03-06,-1,1109.79692413143,-1110.81
2015-03-09,-1,1113.94434507451,-1115
2015-03-10,-1,1126.38364078311,-1127.41
2015-03-11,-1,1131.07692664853,-1132.08
2015-03-12,1,-1124.71777382078,1125.64
2015-03-13,-1,1137.10577836785,-1138.12
2015-03-16,1,-1131.02943444445,1131.91
2015-03-17,-1,1128.3552466683,-1129.3
2015-03-18,1,-1110.92160832159,1111.66
2015-03-19,-1,1121.16661511556,-1122.03
2015-03-20,1,-1112.74949805162,1113.51
2015-03-23,1,-1105.98491419279,1106.73
2015-03-24,1,-1102.9251523438,1103.69
2015-03-25,1,-1101.13938582872,1101.9
2015-03-26,-1,1104.26673169451,-1105.07
2015-03-27,-1,1102.92718359471,-1103.73
2015-03-30,-1,1106.69565297518,-1107.49
2015-03-31,-1,1108.18535679694,-1108.99
2015-04-01,1,-1097.63012844636,1098.3
2015-04-02,0,-0,0
2015-04-03,0,-0,0
2015-04-06,1,-1085.37791591329,1086.13
2015-04-07,-1,1094.75599564655,-1095.57
2015-04-08,1,-1092.21809840848,1092.93
2015-04-09,1,-1095.98221141458,1096.74
2015-04-10,1,-1093.21831126206,1093.96
2015-04-13,-1,1100.83871676263,-1101.64
2015-04-14,1,-1091.39170716636,1092.06
2015-04-15,-1,1091.59643733925,-1092.34
2015-04-16,1,-1083.77001942511,1084.45
2015-04-17,-1,1083.06358801346,-1083.79
2015-04-20,1,-1082.55627510902,1083.25
2015-04-21,1,-1082.31105606915,1083.02
2015-04-22,-1,1083.33604334629,-1084.07
2015-04-23,0,-0,0
2015-04-24,-1,1075.55083035138,-1076.39
2015-04-27,-1,1068.16486935955,-1069.01
2015-04-28,1,-1063.6222890111,1064.38
2015-04-29,-1,1069.40994244733,-1070.32
2015-04-30,0,-0,0
2015-05-01,1,-1080.51971988322,1081.35
2015-05-04,-1,1080.9742166078,-1081.83
2015-05-05,-1,1080.47039524062,-1081.34
2015-05-06,-1,1079.48962581187,-1080.35
2015-05-07,-1,1093.13328941943,-1094.01
2015-05-08,1,-1087.21166147607,1087.99
2015-05-11,-1,1096.31653168631,-1097.14
2015-05-12,1,-1092.48243944371,1093.24
2015-05-13,-1,1092.15193891343,-1092.97
2015-05-14,-1,1087.80976603812,-1088.61
2015-05-15,1,-1082.95096231087,1083.72
2015-05-18,-1,1089.62486686111,-1090.45
2015-05-19,-1,1094.55027886372,-1095.37
2015-05-20,-1,1095.46134939969,-1096.28
2015-05-21,1,-1092.55061269536,1093.32
2015-05-22,-1,1095.87184815119,-1096.68
2015-05-25,1,-1096.18779668554,1096.96
2015-05-26,-1,1107.11323419565,-1107.92
2015-05-27,-1,1108.65079324878,-1109.43
2015-05-28,1,-1107.92562845481,1108.68
2015-05-29,1,-1112.25989045903,1113.01
2015-06-01,-1,1115.41885446891,-1116.2
2015-06-02,1,-1106.89437692523,1107.58
2015-06-03,-1,1106.75687771761,-1107.51
2015-06-04,-1,1112.8870334846,-1113.65
2015-06-05,-1,1123.77132755714,-1124.54
2015-06-08,1,-1118.22164879123,1118.87
2015-06-09,1,-1120.73962501489,1121.45
2015-06-10,0,-0,0
2015-06-11,-1,1112.72248317788,-1113.44
2015-06-12,1,-1111.46685064658,1112.17
2015-06-15,-1,1115.85305102869,-1116.62
2015-06-16,-1,1117.98173002854,-1118.74
2015-06-17,1,-1114.47583138933,1115.15
2015-06-18,1,-1104.88720516427,1105.58
2015-06-19,1,-1102.51739055515,1103.2
2015-06-22,1,-1100.69812347468,1101.38
2015-06-23,-1,1106.01579649048,-1106.73
2015-06-24,0,-0,0
2015-06-25,-1,1111.23823996347,-1111.98
2015-06-26,-1,1122.15327122787,-1122.95
2015-06-29,-1,1119.42906722365,-1120.16
2015-06-30,1,-1119.32339569934,1120.03
2015-07-01,-1,1124.46944975343,-1125.21
2015-07-02,-1,1122.7820984437,-1123.5
2015-07-03,1,-1121.89456046398,1122.6
2015-07-06,-1,1125.36355706399,-1126.09
2015-07-07,-1,1134.07300822713,-1134.8
2015-07-08,-1,1134.80521945571,-1135.53
2015-07-09,1,-1131.56323454392,1132.22
2015-07-10,0,-0,0
2015-07-13,-1,1135.85248358968,-1136.59
2015-07-14,-1,1142.39595221359,-1143.21
2015-07-15,-1,1146.77588498273,-1147.51
2015-07-16,-1,1146.05949207394,-1146.79
2015-07-17,-1,1149.44186770749,-1150.18
2015-07-20,-1,1155.96090413956,-1156.7
2015-07-21,1,-1148.20078973531,1148.84
2015-07-22,-1,1156.28166421235,-1157.04
2015-07-23,-1,1161.41117803113,-1162.13
2015-07-24,-1,1169.65707920729,-1170.35
2015-07-27,1,-1166.92249070841,1167.56
2015-07-28,0,-0,0
2015-07-29,1,-1161.34702406021,1162.04
2015-07-30,-1,1172.40345978565,-1173.17
2015-07-31,1,-1166.05343714691,1166.67
2015-08-03,-1,1170.30322965566,-1171.04
2015-08-04,1,-1168.67012853426,1169.37
2015-08-05,-1,1173.17139962767,-1173.91
2015-08-06,1,-1163.06546550001,1163.68
2015-08-07,1,-1164.03204507882,1164.7
2015-08-10,1,-1158.56348461066,1159.2
2015-08-11,1,-1178.54972510175,1179.23
2015-08-12,1,-1172.94438845377,1173.58
2015-08-13,-1,1177.76595370724,-1178.51
2015-08-14,0,-0,0
2015-08-17,1,-1182.67210494924,1183.36
2015-08-18,-1,1185.31435776006,-1186.07
2015-08-19,1,-1183.43968652427,1184.16
2015-08-20,1,-1184.21305038296,1184.93
2015-08-21,-1,1195.0584618408,-1195.85
2015-08-24,1,-1190.19052815334,1190.94
2015-08-25,-1,1189.46492323951,-1190.95
2015-08-26,1,-1181.98136345435,1183.2
2015-08-27,1,-1172.87170696433,1174.13
2015-08-28,-1,1178.56936004617,-1179.87
2015-08-31,1,-1181.55806852399,1182.82
2015-09-01,0,-0,0
2015-09-02,-1,1182.77158774722,-1184.08
2015-09-03,-1,1189.7068465854,-1191.04
2015-09-04,-1,1200.03746719053,-1201.33
2015-09-07,1,-1202.14614514996,1203.4
2015-09-08,1,-1193.75464358145,1194.96
2015-09-09,-1,1190.23303952105,-1191.51
2015-09-10,1,-1181.72696261483,1182.93
2015-09-11,1,-1181.47639660377,1182.69
2015-09-14,1,-1181.60615160053,1182.83
2015-09-15,1,-1177.92712307013,1179.13
2015-09-16,1,-1169.06851974945,1170.22
2015-09-17,0,-0,0
2015-09-18,-1,1171.70232733753,-1173.04
2015-09-21,1,-1177.17879945582,1178.45
2015-09-22,1,-1184.22463972658,1185.56
2015-09-23,-1,1193.53849182662,-1194.94
2015-09-24,1,-1189.84528465721,1191.14
2015-09-25,-1,1191.69487894274,-1193.07
2015-09-28,-1,1194.66072073505,-1196.04
2015-09-29,-1,1194.60059173444,-1196.02
2015-09-30,1,-1184.01119706858,1185.29
2015-10-01,0,-0,0
2015-10-02,1,-1171.77523869033,1173.1
2015-10-05,1,-1159.71468396909,1161.01
2015-10-06,1,-1160.28064273132,1161.58
2015-10-07,-1,1157.45355067183,-1158.81
2015-10-08,1,-1151.66604092685,1152.98
2015-10-09,1,-1146.7437225857,1148.05
2015-10-12,1,-1142.88238157696,1144.16
2015-10-13,1,-1148.96447667584,1150.29
2015-10-14,1,-1135.78456630163,1137.01
2015-10-15,1,-1121.781432837,1123.04
2015-10-16,1,-1130.17228412707,1131.44
2015-10-19,1,-1130.78926045675,1132.06
2015-10-20,-1,1130.07708123874,-1131.49
2015-10-21,-1,1138.66598689936,-1140.07
2015-10-22,1,-1129.09586834505,1130.36
2015-10-23,-1,1134.62676171165,-1136.01
2015-10-26,1,-1128.32450411987,1129.63
2015-10-27,-1,1134.78702802971,-1136.14
2015-10-28,-1,1144.25711387554,-1145.6
2015-10-29,1,-1140.89029054527,1142.19
2015-10-30,-1,1139.83476844011,-1141.16
2015-11-02,1,-1137.09712236741,1138.38
2015-11-03,1,-1128.69076093556,1129.91
2015-11-04,-1,1133.88685512074,-1135.25
2015-11-05,-1,1136.58828063574,-1137.91
2015-11-06,-1,1151.46885201719,-1152.78
2015-11-09,-1,1157.48218866971,-1158.79
2015-11-10,-1,1157.66346284102,-1158.93
2015-11-11,1,-1153.9811210336,1155.23
2015-11-12,-1,1158.00160843958,-1159.28
2015-11-13,-1,1169.05088681688,-1170.34
2015-11-16,-1,1168.40143110494,-1169.64
2015-11-17,-1,1168.53181392413,-1169.77
2015-11-18,1,-1165.10061831963,1166.3
2015-11-19,-1,1154.41534830538,-1155.66
2015-11-20,1,-1153.40114027397,1154.62
2015-11-23,1,-1157.62513772027,1158.86
2015-11-24,1,-1145.57097249227,1146.72
2015-11-25,1,-1143.04586524913,1144.21
2015-11-26,-1,1147.64591688888,-1148.88
2015-11-27,-1,1155.62161364522,-1156.83
2015-11-30,-1,1159.38091434144,-1160.61
2015-12-01,1,-1154.5146879617,1155.69
2015-12-02,-1,1161.82015009805,-1163.01
2015-12-03,1,-1152.91143558114,1154.02
2015-12-04,-1,1162.39476138414,-1163.64
2015-12-07,-1,1175.15432922721,-1176.35
2015-12-08,-1,1179.33293930539,-1180.49
2015-12-09,-1,1180.79489722885,-1181.96
2015-12-10,-1,1177.88780683115,-1179.06
2015-12-11,1,-1186.42512956671,1187.58
2015-12-14,-1,1183.09877274028,-1184.32
2015-12-15,1,-1173.56105610895,1174.69
2015-12-16,1,-1170.87667995205,1172.02
2015-12-17,-1,1183.86631732677,-1185.04
2015-12-18,-1,1181.28621770075,-1182.43
2015-12-21,1,-1173.40188330868,1174.46
2015-12-22,1,-1170.60155271305,1171.72
2015-12-23,-1,1172.8522711153,-1174.02
2015-12-24,1,-1168.92801130176,1170.03
2015-12-25,-1,1169.807075282,-1170.95
2015-12-28,1,-1167.72490832342,1168.85
2015-12-29,0,-0,0
2015-12-30,0,-0,0
2015-12-31,-1,1174.75468415832,-1175.95
2016-01-01,1,-1174.29705228799,1175.45
2016-01-04,-1,1189.19459169591,-1190.35
2016-01-05,1,-1189.70889621264,1190.81
2016-01-06,-1,1199.35663499088,-1200.52
2016-01-07,1,-1196.21284422179,1197.29
2016-01-08,-1,1206.79012348325,-1207.94
2016-01-11,1,-1203.69413848744,1204.76
2016-01-12,-1,1209.23255802838,-1210.33
2016-01-13,-1,1209.15801421798,-1210.24
2016-01-14,1,-1206.69866902235,1207.74
2016-01-15,-1,1213.69484366179,-1214.81
2016-01-18,1,-1210.53614494114,1211.57
2016-01-19,1,-1206.42881046143,1207.49
2016-01-20,1,-1208.16436534935,1209.25
2016-01-21,1,-1202.67687282303,1203.76
2016-01-22,1,-1196.48565405473,1197.57
2016-01-25,0,-0,0
2016-01-26,1,-1197.12867037846,1198.2
2016-01-27,-1,1207.63195566402,-1208.79
2016-01-28,0,-0,0
2016-01-29,-1,1206.98310704019,-1208.11
2016-02-01,1,-1201.71464507567,1202.79
2016-02-02,-1,1211.34849658275,-1212.48
2016-02-03,1,-1200.15220142983,1201.14
2016-02-04,0,-0,0
2016-02-05,-1,1205.3063446274,-1206.35
2016-02-08,1,-1203.09149511549,1204.05
2016-02-09,-1,1197.67722747714,-1198.7
2016-02-10,-1,1188.00292828142,-1189.05
2016-02-11,-1,1199.50770071342,-1200.65
2016-02-12,-1,1205.92681384382,-1207
2016-02-15,-1,1213.68065617141,-1214.74
2016-02-16,0,-0,0
2016-02-17,-1,1223.19882398041,-1224.24
2016-02-18,-1,1227.85163131015,-1228.94
2016-02-19,-1,1232.78055517705,-1233.87
2016-02-22,1,-1223.48728886376,1224.44
2016-02-23,-1,1230.97780696094,-1232.04
2016-02-24,0,-0,0
2016-02-25,-1,1234.15076133244,-1235.2
2016-02-26,-1,1242.05108152878,-1243.13
2016-02-29,1,-1237.25921756984,1238.24
2016-03-01,0,-0,0
2016-03-02,1,-1224.14038037209,1225.1
2016-03-03,1,-1211.13326013025,1212.07
2016-03-04,0,-0,0
2016-03-07,1,-1198.93324500382,1199.89
2016-03-08,-1,1209.24045322664,-1210.24
2016-03-09,1,-1208.89610913763,1209.85
2016-03-10,1,-1204.52909916533,1205.44
2016-03-11,1,-1187.09364631293,1187.9
2016-03-14,-1,1188.15116296427,-1189.05
2016-03-15,-1,1194.03986874345,-1194.94
2016-03-16,1,-1178.16005904048,1178.94
2016-03-17,1,-1154.42054834058,1154.94
2016-03-18,-1,1163.54018813899,-1164.3
2016-03-21,1,-1160.65313651662,1161.3
2016-03-22,1,-1156.61689076871,1157.27
2016-03-23,-1,1168.15127296221,-1168.85
2016-03-24,1,-1167.92418791803,1168.55
2016-03-25,-1,1168.35512413536,-1169.05
2016-03-28,1,-1165.36464668092,1165.99
2016-03-29,1,-1155.08093577857,1155.74
2016-03-30,1,-1143.24937870111,1143.85
2016-03-31,1,-1144.34045478829,1144.97
2016-04-01,0,-0,0
2016-04-04,-1,1151.52049763231,-1152.16
2016-04-05,-1,1160.13817867207,-1160.81
2016-04-06,1,-1155.25130076982,1155.84
2016-04-07,-1,1160.15552539893,-1160.8
2016-04-08,1,-1151.12317094126,1151.64
2016-04-11,1,-1142.12913092577,1142.64
2016-04-12,-1,1143.280580836,-1143.89
2016-04-13,0,-0,0
2016-04-14,-1,1153.10340639759,-1153.74
2016-04-15,1,-1146.45164065593,1146.99
2016-04-18,1,-1143.74392498192,1144.28
2016-04-19,1,-1128.59400318447,1128.99
2016-04-20,-1,1133.22942587461,-1133.74
2016-04-21,-1,1140.85971705025,-1141.39
2016-04-22,-1,1149.47292705188,-1149.99
2016-04-25,-1,1150.71810007594,-1151.21
2016-04-26,1,-1147.44634676138,1147.9
2016-04-27,0,-0,0
2016-04-28,1,-1137.24047918895,1137.6
2016-04-29,-1,1144.37446604448,-1144.83
2016-05-02,1,-1136.76041145039,1137.1
2016-05-03,-1,1151.41183215635,-1151.89
2016-05-04,-1,1166.61129547683,-1167.1
2016-05-05,0,-0,0
2016-05-06,-1,1168.92421354957,-1169.3
2016-05-09,0,-0,0
2016-05-10,1,-1170.60941040175,1170.94
2016-05-11,1,-1165.24713296156,1165.55
2016-05-12,-1,1169.99714588843,-1170.35
2016-05-13,-1,1176.4253140339,-1176.8
2016-05-16,-1,1177.84810389289,-1178.2
2016-05-17,-1,1176.87927113935,-1177.24
2016-05-18,-1,1189.19519528617,-1189.55
2016-05-19,1,-1187.17866059901,1187.48
2016-05-20,-1,1185.87973533238,-1186.2
2016-05-23,0,-0,0
2016-05-24,-1,1187.8936202598,-1188.24
2016-05-25,1,-1181.58720373547,1181.85
2016-05-26,-1,1179.74181581453,-1180.05
2016-05-27,-1,1185.92493655332,-1186.25
2016-05-30,-1,1193.05171270412,-1193.39
2016-05-31,1,-1189.47778000446,1189.74
2016-06-01,-1,1192.07139743902,-1192.37
2016-06-02,1,-1186.58346611737,1186.81
2016-06-03,1,-1163.53864533694,1163.55
2016-06-06,0,-0,0
2016-06-07,1,-1156.2256860384,1156.3
2016-06-08,1,-1154.1712418266,1154.25
2016-06-09,-1,1159.23727107503,-1159.35
2016-06-10,-1,1171.34929104311,-1171.53
2016-06-13,1,-1172.37542323282,1172.44
2016-06-14,-1,1176.22569627865,-1176.35
2016-06-15,1,-1169.11117004945,1169.14
2016-06-16,-1,1172.53383434296,-1172.65
2016-06-17,1,-1170.39211549481,1170.46
2016-06-20,1,-1159.91199962618,1159.89
2016-06-21,1,-1153.55295995962,1153.55
2016-06-22,1,-1149.28476473683,1149.28
2016-06-23,0,-0,0
2016-06-24,-1,1172.06017284097,-1171.95
2016-06-27,-1,1180.71967649216,-1180.55
2016-06-28,1,-1167.41522214724,1167.07
2016-06-29,1,-1154.72865647582,1154.32
2016-06-30,1,-1152.68903318007,1152.35
2016-07-01,1,-1150.35979549023,1150
2016-07-04,-1,1152.44069960404,-1152.14
2016-07-05,-1,1159.36984236208,-1159.05
2016-07-06,1,-1159.79101347116,1159.45
2016-07-07,1,-1158.59300545457,1158.25
2016-07-08,1,-1150.21017801626,1149.8
2016-07-11,-1,1151.30111526541,-1150.98
2016-07-12,1,-1144.05454502807,1143.64
2016-07-13,0,-0,0
2016-07-14,1,-1133.04466688333,1132.55
2016-07-15,-1,1138.89407253082,-1138.6
2016-07-18,1,-1135.66386378871,1135.24
2016-07-19,-1,1141.65239659871,-1141.29
2016-07-20,-1,1143.63532958125,-1143.25
2016-07-21,1,-1138.44926164177,1138.01
2016-07-22,1,-1136.75645994514,1136.35
2016-07-25,1,-1142.84323121627,1142.44
2016-07-26,1,-1138.21591394468,1137.8
2016-07-27,1,-1132.07601002227,1131.63
2016-07-28,1,-1125.08677203328,1124.6
2016-07-29,1,-1112.7932610255,1112.24
2016-08-01,-1,1108.78811777663,-1108.44
2016-08-02,0,-0,0
2016-08-03,-1,1117.36883642701,-1117
2016-08-04,1,-1114.37910365769,1113.94
2016-08-05,-1,1115.59391537419,-1115.27
2016-08-08,1,-1107.97526069615,1107.55
2016-08-09,1,-1103.47891768805,1103.05
2016-08-10,-1,1096.74320468217,-1096.44
2016-08-11,1,-1098.18730487896,1097.85
2016-08-12,-1,1103.7404111427,-1103.49
2016-08-15,1,-1098.21087210372,1097.91
2016-08-16,1,-1096.15205045857,1095.86
2016-08-17,-1,1108.30632705252,-1108.07
2016-08-18,0,-0,0
2016-08-19,-1,1115.886303358,-1115.57
2016-08-22,-1,1124.05666999737,-1123.74
2016-08-23,1,-1120.95119860107,1120.58
2016-08-24,-1,1121.68038059789,-1121.39
2016-08-25,1,-1116.17253968499,1115.82
2016-08-26,-1,1122.82001809181,-1122.51
2016-08-29,0,-0,0
2016-08-30,1,-1120.59700640943,1120.24
2016-08-31,1,-1116.67877527819,1116.3
2016-09-01,-1,1118.40140699894,-1118.09
2016-09-02,-1,1116.77313196565,-1116.45
2016-09-05,1,-1104.9621066296,1104.55
2016-09-06,1,-1095.04397964603,1094.64
2016-09-07,1,-1091.14064445899,1090.7
2016-09-08,-1,1098.9591645935,-1098.63
2016-09-09,1,-1109.10697270012,1108.73
2016-09-12,1,-1108.06063377665,1107.68
2016-09-13,-1,1128.49888769329,-1128.16
2016-09-14,-1,1126.97011225757,-1126.57
2016-09-15,0,-0,0
2016-09-16,1,-1126.49540130193,1126.05
2016-09-19,-1,1119.81525077514,-1119.45
2016-09-20,-1,1117.5780555831,-1117.2
2016-09-21,1,-1104.36733402264,1103.84
2016-09-22,1,-1103.81444728088,1103.34
2016-09-23,-1,1104.40793775643,-1104.01
2016-09-26,-1,1109.31109652792,-1108.91
2016-09-27,1,-1097.47336906038,1096.93
2016-09-28,1,-1093.08027395465,1092.6
2016-09-29,-1,1103.04046682517,-1102.67
2016-09-30,-1,1102.32306172555,-1101.91
2016-10-03,-1,1104.55087038037,-1104.13
2016-10-04,-1,1116.98500655466,-1116.58
2016-10-05,1,-1115.50924874421,1115.02
2016-10-06,1,-1115.84568237073,1115.36
2016-10-07,-1,1116.22888798865,-1115.76
2016-10-10,1,-1109.18760800423,1108.63
2016-10-11,-1,1125.4123203767,-1124.99
2016-10-12,1,-1126.06096224465,1125.51
2016-10-13,-1,1130.22666525496,-1129.69
2016-10-14,-1,1136.8641948241,-1136.41
2016-10-17,1,-1137.10531646439,1136.56
2016-10-18,1,-1125.70660100719,1125.13
2016-10-19,1,-1120.94427056899,1120.36
2016-10-20,-1,1131.65899721142,-1131.13
2016-10-21,1,-1136.80459048263,1136.21
2016-10-24,-1,1136.15433214916,-1135.6
2016-10-25,-1,1130.78678237242,-1130.23
2016-10-26,-1,1139.25938155516,-1138.76
2016-10-27,-1,1147.97806535508,-1147.41
2016-10-28,-1,1147.84462525801,-1147.32
2016-10-31,1,-1143.29967760534,1142.73
2016-11-01,-1,1146.40068686209,-1145.85
2016-11-02,-1,1145.60309425541,-1145.06
2016-11-03,1,-1145.03460528223,1144.47
2016-11-04,1,-1142.03752352023,1141.45
2016-11-07,0,-0,0
2016-11-08,1,-1129.61757631741,1128.93
2016-11-09,-1,1158.59663033504,-1157.89
2016-11-10,-1,1167.22249858629,-1166.39
2016-11-11,1,-1166.47613283228,1165.58
2016-11-14,1,-1169.72738246433,1168.91
2016-11-15,-1,1168.34424259377,-1167.63
2016-11-16,-1,1171.40137357496,-1170.69
2016-11-17,-1,1180.75730217628,-1180.02
2016-11-18,1,-1181.86965041656,1181.08
2016-11-21,-1,1180.94435563248,-1180.19
2016-11-22,1,-1170.89647927914,1170.08
2016-11-23,-1,1182.65512927335,-1181.89
2016-11-24,-1,1182.96403218368,-1182.14
2016-11-25,1,-1176.64900513489,1175.77
2016-11-28,1,-1172.76017717452,1171.89
2016-11-29,1,-1168.6577475157,1167.76
2016-11-30,-1,1178.60623907482,-1177.8
2016-12-01,1,-1168.70823426525,1167.73
2016-12-02,-1,1168.20073343117,-1167.32
2016-12-05,1,-1168.05190676856,1167.15
2016-12-06,-1,1172.26753326158,-1171.54
2016-12-07,1,-1159.18752718144,1158.28
2016-12-08,-1,1163.60871982213,-1162.79
2016-12-09,-1,1173.68932410124,-1172.89
2016-12-12,1,-1165.68973673305,1164.73
2016-12-13,-1,1165.16712957763,-1164.3
2016-12-14,-1,1180.5653343836,-1179.72
2016-12-15,-1,1184.28724938668,-1183.39
2016-12-16,1,-1187.51812631157,1186.58
2016-12-19,-1,1189.03025955478,-1188.14
2016-12-20,-1,1193.11694545225,-1192.21
2016-12-21,-1,1195.0888470646,-1194.19
2016-12-22,-1,1206.15728543455,-1205.26
2016-12-23,1,-1201.36437104018,1200.36
2016-12-26,1,-1201.95581449491,1200.99
2016-12-27,-1,1208.59127568957,-1207.67
2016-12-28,1,-1212.89711175723,1211.93
2016-12-29,1,-1207.35802735981,1206.39
2016-12-30,1,-1208.23789063716,1207.26
2017-01-02,0,-0,0
2017-01-03,-1,1207.683927479,-1206.82
2017-01-04,1,-1197.16919377772,1196.15
2017-01-05,-1,1183.08840127606,-1182.19
2017-01-06,-1,1202.90048964576,-1202
2017-01-09,1,-1204.38835995557,1203.36
2017-01-10,-1,1202.73663757383,-1201.8
2017-01-11,1,-1188.98633748704,1187.88
2017-01-12,1,-1177.07177315167,1175.91
2017-01-13,0,-0,0
2017-01-16,-1,1184.4622936334,-1183.38
2017-01-17,1,-1162.24313325823,1160.84
2017-01-18,-1,1179.69394400903,-1178.38
2017-01-19,-1,1176.530284813,-1175.18
2017-01-20,-1,1176.71787500017,-1175.39
2017-01-23,1,-1164.68212244434,1163.23
2017-01-24,-1,1171.6037149384,-1170.23
2017-01-25,1,-1164.17493355272,1162.7
2017-01-26,-1,1173.82623033383,-1172.39
2017-01-27,-1,1180.24654030389,-1178.82
2017-01-30,1,-1172.1921300256,1170.71
2017-01-31,1,-1153.37226087733,1151.65
2017-02-01,1,-1155.32487930399,1153.71
2017-02-02,1,-1145.75077000806,1144.1
2017-02-03,-1,1140.03269964725,-1138.52
2017-02-06,1,-1136.59377871523,1134.99
2017-02-07,-1,1144.93690253269,-1143.39
2017-02-08,0,-0,0
2017-02-09,-1,1152.47679803088,-1151.02
2017-02-10,1,-1148.1595482815,1146.6
2017-02-13,-1,1151.21377260886,-1149.71
2017-02-14,1,-1140.50830762101,1138.89
2017-02-15,1,-1136.89952527867,1135.28
2017-02-16,-1,1143.52277400691,-1141.99
2017-02-17,-1,1152.33919017033,-1150.78
2017-02-20,1,-1147.01944849043,1145.38
2017-02-21,1,-1144.53839866916,1142.89
2017-02-22,1,-1140.15294768378,1138.48
2017-02-23,1,-1134.7868908896,1133.1
2017-02-24,-1,1132.12877422706,-1130.5
2017-02-27,-1,1136.24051087435,-1134.65
2017-02-28,-1,1139.39682300577,-1137.8
2017-03-01,1,-1141.86951563043,1140.23
2017-03-02,-1,1152.31156652506,-1150.71
2017-03-03,-1,1153.9600214617,-1152.32
2017-03-06,-1,1156.79877212126,-1155.15
2017-03-07,1,-1152.34038565262,1150.67
2017-03-08,-1,1156.82309928677,-1155.19
2017-03-09,-1,1161.75627680583,-1160.1
2017-03-10,1,-1150.59030474282,1148.81
2017-03-13,-1,1149.55585374709,-1147.99
2017-03-14,-1,1151.57101868191,-1149.97
2017-03-15,1,-1130.38250837961,1128.62
2017-03-16,0,-0,0
2017-03-17,1,-1130.76725626521,1129.04
2017-03-20,1,-1116.41749705136,1114.52
2017-03-21,-1,1124.81547318284,-1123.03
2017-03-22,1,-1119.16790347659,1117.28
2017-03-23,-1,1124.43838406579,-1122.68
2017-03-24,1,-1119.40060988547,1117.56
2017-03-27,1,-1113.18089501001,1111.32
2017-03-28,-1,1118.20591889148,-1116.41
2017-03-29,1,-1113.34073639084,1111.47
2017-03-30,-1,1120.44420914353,-1118.6
2017-03-31,1,-1119.53308252076,1117.65
2017-04-03,1,-1119.16740665776,1117.28
2017-04-04,-1,1126.93262975721,-1125.1
2017-04-05,-1,1130.05324727155,-1128.28
2017-04-06,1,-1133.1489114168,1131.3
2017-04-07,-1,1139.66843554113,-1137.89
2017-04-10,-1,1145.25699821027,-1143.47
2017-04-11,-1,1147.43674417524,-1145.63
2017-04-12,1,-1136.81036493647,1134.95
2017-04-13,-1,1138.10040052229,-1136.32
2017-04-14,1,-1138.29336752065,1136.45
2017-04-17,1,-1134.86416346979,1133.02
2017-04-18,-1,1144.40068908276,-1142.64
2017-04-19,-1,1145.52358185519,-1143.69
2017-04-20,1,-1140.02307299139,1138.12
2017-04-21,1,-1136.45029389571,1134.57
2017-04-24,-1,1136.17136552602,-1134.38
2017-04-25,1,-1130.08671151648,1128.23
2017-04-26,-1,1134.80255750357,-1133.03
2017-04-27,1,-1133.50708734984,1131.65
2017-04-28,-1,1139.6524102362,-1137.88
2017-05-01,1,-1139.4406509419,1137.6
2017-05-02,1,-1131.08076610942,1129.2
2017-05-03,-1,1135.74820543218,-1133.95
2017-05-04,1,-1137.45840215259,1135.6
2017-05-05,1,-1137.57329290792,1135.71
2017-05-08,1,-1135.53679091861,1133.69
2017-05-09,-1,1140.97312514244,-1139.15
2017-05-10,1,-1133.9809203219,1132.05
2017-05-11,1,-1126.31164554168,1124.41
2017-05-12,1,-1125.31274871862,1123.41
2017-05-15,0,-0,0
2017-05-16,1,-1117.95877492328,1116.06
2017-05-17,-1,1124.85229431816,-1123.06
2017-05-18,-1,1131.02360798618,-1129.19
2017-05-19,1,-1119.57750999726,1117.62
2017-05-22,1,-1117.9660882747,1116.04
2017-05-23,-1,1127.37363226905,-1125.46
2017-05-24,1,-1121.24947953747,1119.23
2017-05-25,-1,1122.22341921879,-1120.36
2017-05-26,1,-1120.7807491612,1118.84
2017-05-29,0,-0,0
2017-05-30,-1,1126.36007450724,-1124.49
2017-05-31,1,-1121.58252964067,1119.65
2017-06-01,-1,1124.02096184649,-1122.13
2017-06-02,1,-1120.34882043841,1118.39
2017-06-05,-1,1120.20606515625,-1118.31
2017-06-06,1,-1119.99860524742,1118.08
2017-06-07,-1,1126.17004376491,-1124.28
2017-06-08,-1,1123.8679175048,-1121.95
2017-06-09,-1,1127.18134726049,-1125.3
2017-06-12,-1,1132.86381457336,-1130.97
2017-06-13,1,-1129.7015619249,1127.73
2017-06-14,1,-1121.93695418033,1119.93
2017-06-15,-1,1132.73917721821,-1130.84
2017-06-16,1,-1135.0628173612,1133.08
2017-06-19,-1,1138.70431503269,-1136.78
2017-06-20,-1,1143.88791014888,-1141.93
2017-06-21,-1,1145.27465737227,-1143.32
2017-06-22,1,-1141.31264933726,1139.3
2017-06-23,1,-1136.9017146299,1134.89
2017-06-26,-1,1135.49614289378,-1133.52
2017-06-27,-1,1142.50403526397,-1140.56
2017-06-28,1,-1140.95433876893,1138.93
2017-06-29,-1,1149.15770358483,-1147.3
2017-06-30,1,-1147.42064381669,1145.43
2017-07-03,-1,1152.23094027484,-1150.28
2017-07-04,-1,1152.67998794194,-1150.73
2017-07-05,-1,1155.25315257485,-1153.34
2017-07-06,-1,1159.20844443685,-1157.26
2017-07-07,1,-1155.71767336302,1153.74
2017-07-10,1,-1151.58254968011,1149.58
2017-07-11,1,-1151.14998043471,1149.17
2017-07-12,1,-1140.35864263625,1138.32
2017-07-13,1,-1139.87273358061,1137.85
2017-07-14,1,-1131.19162370756,1129.1
2017-07-17,1,-1130.45051987891,1128.39
2017-07-18,1,-1127.30535247395,1125.29
2017-07-19,1,-1126.61846424125,1124.6
2017-07-20,1,-1123.28593810415,1121.24
2017-07-21,1,-1120.85170582035,1118.84
2017-07-24,0,-0,0
2017-07-25,-1,1121.95459379237,-1120.02
2017-07-26,1,-1114.63944972843,1112.6
2017-07-27,-1,1119.31102343553,-1117.35
2017-07-28,-1,1126.64555002972,-1124.69
2017-07-31,1,-1121.45347256089,1119.4
2017-08-01,-1,1123.56180951043,-1121.54
2017-08-02,-1,1124.97852869164,-1122.97
2017-08-03,-1,1130.88680238725,-1128.95
2017-08-04,0,-0,0
2017-08-07,1,-1129.18413616085,1127.15
2017-08-08,-1,1131.1431305885,-1129.18
2017-08-09,-1,1141.30492705103,-1139.4
2017-08-10,0,-0,0
2017-08-11,1,-1144.88298398998,1142.86
2017-08-14,1,-1141.44040231534,1139.41
2017-08-15,1,-1137.98496544467,1135.93
2017-08-16,1,-1137.62956336606,1135.6
2017-08-17,-1,1144.42127621034,-1142.5
2017-08-18,1,-1141.81543257923,1139.78
2017-08-21,1,-1140.72427388848,1138.71
2017-08-22,1,-1134.45308761303,1132.38
2017-08-23,1,-1129.65462296441,1127.58
2017-08-24,-1,1130.23214648387,-1128.23
2017-08-25,1,-1123.64133299305,1121.6
2017-08-28,1,-1120.5429152856,1118.47
2017-08-29,-1,1126.52147627357,-1124.52
2017-08-30,-1,1126.19826191586,-1124.18
2017-08-31,1,-1126.90254503552,1124.86
2017-09-01,1,-1123.728640917,1121.69
2017-09-04,-1,1135.24922398457,-1133.39
2017-09-05,0,-0,0
2017-09-06,1,-1134.85380193925,1132.85
2017-09-07,0,-0,0
2017-09-08,-1,1133.94401964052,-1131.97
2017-09-11,1,-1132.3626636096,1130.34
2017-09-12,1,-1130.70825843288,1128.69
2017-09-13,-1,1134.05757244549,-1132.08
2017-09-14,0,-0,0
2017-09-15,0,-0,0
2017-09-18,1,-1131.90715390993,1129.86
2017-09-19,-1,1133.15295133165,-1131.18
2017-09-20,1,-1133.79036436182,1131.79
2017-09-21,1,-1134.76386787979,1132.76
2017-09-22,-1,1135.10563853862,-1133.13
2017-09-25,-1,1136.7699672222,-1134.8
2017-09-26,0,-0,0
2017-09-27,-1,1147.69587248674,-1145.76
2017-09-28,1,-1148.59376198499,1146.58
2017-09-29,-1,1147.27556604388,-1145.3
2017-10-02,1,-1148.61846318118,1146.62
2017-10-03,1,-1145.26428032981,1143.24
2017-10-04,0,-0,0
2017-10-05,-1,1144.35638865801,-1142.41
2017-10-06,-1,1147.26845286591,-1145.32
2017-10-09,1,-1145.80566305045,1143.82
2017-10-10,1,-1137.38089761391,1135.31
2017-10-11,-1,1134.84286325406,-1132.91
2017-10-12,-1,1134.83932635213,-1132.89
2017-10-13,1,-1128.68052051311,1126.67
2017-10-16,0,-0,0
2017-10-17,-1,1133.17411601254,-1131.21
2017-10-18,-1,1134.84426445454,-1132.88
2017-10-19,1,-1131.03765271809,1129.01
2017-10-20,-1,1134.25807637682,-1132.31
2017-10-23,1,-1132.86044952032,1130.86
2017-10-24,1,-1132.91130627216,1130.93
2017-10-25,1,-1129.82254444115,1127.81
2017-10-26,-1,1130.70132900204,-1128.75
2017-10-27,0,-0,0
2017-10-30,1,-1126.78026489086,1124.78
2017-10-31,1,-1120.46114579851,1118.42
2017-11-01,1,-1113.58572132994,1111.52
2017-11-02,1,-1114.35517773272,1112.35
2017-11-03,-1,1118.23675254528,-1116.29
2017-11-06,1,-1114.87704089946,1112.84
2017-11-07,-1,1115.89267972891,-1113.93
2017-11-08,0,-0,0
2017-11-09,-1,1120.30791746934,-1118.36
2017-11-10,-1,1122.89322098387,-1120.96
2017-11-13,1,-1121.88196140609,1119.89
2017-11-14,1,-1117.51886149743,1115.52
2017-11-15,1,-1107.79348587772,1105.69
2017-11-16,1,-1099.29458448088,1097.18
2017-11-17,1,-1096.38644416867,1094.32
2017-11-20,-1,1099.04965122291,-1097.04
2017-11-21,1,-1093.2039524092,1091.13
2017-11-22,1,-1088.16030480031,1086.06
2017-11-23,1,-1086.08574794607,1083.99
2017-11-24,-1,1087.63408507207,-1085.62
2017-11-27,-1,1093.68439211031,-1091.69
2017-11-28,1,-1086.09076260991,1083.95
2017-11-29,1,-1084.18071642144,1082.1
2017-11-30,-1,1090.12504238022,-1088.13
2017-12-01,1,-1085.58237249077,1083.47
2017-12-04,-1,1088.3472824204,-1086.3
2017-12-05,-1,1089.64329665391,-1087.62
2017-12-06,-1,1095.98409494858,-1093.99
2017-12-07,1,-1095.66520715196,1093.6
2017-12-08,1,-1094.91513191948,1092.85
2017-12-11,1,-1090.94231297338,1088.84
2017-12-12,-1,1094.90156123463,-1092.89
2017-12-13,1,-1086.71474807541,1084.56
2017-12-14,-1,1091.21372829045,-1089.22
2017-12-15,-1,1090.98102707547,-1088.95
2017-12-18,1,-1088.13614417603,1086.05
2017-12-19,-1,1087.7021152774,-1085.67
2017-12-20,1,-1082.6593758282,1080.56
2017-12-21,-1,1082.57066793056,-1080.54
2017-12-22,0,-0,0
2017-12-25,1,-1078.61797924751,1076.56
2017-12-26,1,-1078.17459008671,1076.12
2017-12-27,1,-1077.26000989157,1075.22
2017-12-28,1,-1072.31369106728,1070.26
2017-12-29,-1,1069.35956723334,-1067.38
2018-01-01,1,-1068.62861934182,1066.6
2018-01-02,1,-1065.23408586459,1063.21
2018-01-03,-1,1066.77636905768,-1064.8
2018-01-04,1,-1064.3143284499,1062.28
2018-01-05,-1,1064.00674811689,-1062.09
2018-01-08,-1,1070.78869531133,-1068.86
2018-01-09,-1,1073.92566717856,-1071.97
2018-01-10,1,-1072.15347836602,1070.14
2018-01-11,1,-1067.60944383218,1065.58
2018-01-12,1,-1062.03443386154,1059.99
2018-01-15,-1,1065.30354956535,-1063.43
2018-01-16,-1,1066.58209575177,-1064.65
2018-01-17,-1,1069.2711024376,-1067.36
2018-01-18,-1,1072.5891019707,-1070.69
2018-01-19,-1,1069.49448033228,-1067.66
2018-01-22,-1,1071.09728690756,-1069.4
2018-01-23,-1,1075.62559948482,-1073.89
2018-01-24,1,-1066.86098281266,1064.98
2018-01-25,-1,1067.87603671847,-1066.06
2018-01-26,1,-1066.50050962853,1064.67
2018-01-29,-1,1072.76644145858,-1070.95
2018-01-30,-1,1075.06238932753,-1073.23
2018-01-31,1,-1071.93683879364,1070.08
2018-02-01,-1,1072.77335740329,-1070.94
2018-02-02,-1,1091.79816925529,-1089.95
2018-02-05,-1,1096.80701761352,-1094.84
2018-02-06,1,-1082.25276437106,1080.06
2018-02-07,-1,1092.34146506726,-1090.24
2018-02-08,-1,1099.70422168229,-1097.58
2018-02-09,1,-1088.00278420799,1085.67
2018-02-12,1,-1084.84524025621,1082.6
2018-02-13,-1,1087.24328420636,-1085.05
2018-02-14,1,-1073.30257723583,1070.91
2018-02-15,1,-1066.53075951216,1064.14
2018-02-16,1,-1069.54976457982,1067.19
2018-02-19,-1,1069.73150685759,-1067.41
2018-02-20,-1,1077.24923287003,-1074.91
2018-02-21,0,-0,0
2018-02-22,-1,1083.05792291734,-1080.72
2018-02-23,1,-1079.39556303168,1077
2018-02-26,1,-1073.11971212746,1070.67
2018-02-27,-1,1083.78833881372,-1081.45
2018-02-28,-1,1087.61616287538,-1085.21
2018-03-01,1,-1085.28840938267,1082.84
2018-03-02,1,-1082.15921406828,1079.69
2018-03-05,1,-1080.13470601428,1077.67
2018-03-06,1,-1066.60074353319,1063.96
2018-03-07,-1,1069.92958946953,-1067.43
2018-03-08,-1,1076.594879653,-1074.11
2018-03-09,1,-1068.01380203345,1065.38
2018-03-12,1,-1067.60262962584,1065.02
2018-03-13,-1,1069.42267427539,-1066.88
2018-03-14,0,-0,0
2018-03-15,-1,1072.21804557844,-1069.78
2018-03-16,-1,1073.03538204607,-1070.53
2018-03-19,-1,1075.998574511,-1073.49
2018-03-20,1,-1074.44796714045,1071.91
2018-03-21,1,-1067.36784637281,1064.76
2018-03-22,-1,1083.70388660174,-1081.21
2018-03-23,-1,1086.47201372068,-1083.87
2018-03-26,1,-1078.41322718432,1075.69
2018-03-27,1,-1077.82444509115,1075.13
2018-03-28,1,-1067.34535903451,1064.56
2018-03-29,1,-1065.76813508081,1063.08
2018-03-30,1,-1063.95660110306,1061.26
2018-04-02,1,-1059.89995107841,1057.16
2018-04-03,1,-1057.63998587238,1054.94
2018-04-04,-1,1060.93792642972,-1058.28
2018-04-05,-1,1065.2936701666,-1062.63
2018-04-06,-1,1073.39987075201,-1070.76
2018-04-09,-1,1072.39481382922,-1069.71
2018-04-10,1,-1067.56250251093,1064.82
2018-04-11,-1,1069.51643640215,-1066.82
2018-04-12,-1,1073.74932304797,-1071.04
2018-04-13,1,-1074.40114637679,1071.68
2018-04-16,1,-1073.42035831457,1070.68
2018-04-17,1,-1069.88014791604,1067.12
2018-04-18,-1,1067.83146260573,-1065.12
2018-04-19,1,-1069.93322790339,1067.21
2018-04-20,-1,1073.79537919193,-1071.1
2018-04-23,-1,1083.90143562762,-1081.2
2018-04-24,1,-1080.08515474766,1077.28
2018-04-25,-1,1084.94655944305,-1082.21
2018-04-26,1,-1080.50161480093,1077.69
2018-04-27,1,-1070.75771118717,1067.86
2018-04-30,0,-0,0
2018-05-01,-1,1076.29141282394,-1073.48
2018-05-02,-1,1082.66751721982,-1079.85
2018-05-03,1,-1078.40949425064,1075.56
2018-05-04,1,-1076.97221819898,1074.11
2018-05-07,-1,1082.87707356325,-1080.03
2018-05-08,1,-1081.42533278765,1078.56
2018-05-09,1,-1082.24829448062,1079.38
2018-05-10,1,-1068.79104126147,1065.8
2018-05-11,-1,1070.89799123104,-1067.98
2018-05-14,-1,1073.85832817863,-1070.94
2018-05-15,-1,1083.71529135768,-1080.82
2018-05-16,1,-1080.71403433467,1077.74
2018-05-17,-1,1085.54903229829,-1082.59
2018-05-18,1,-1084.35987528377,1081.37
2018-05-21,1,-1080.69418806457,1077.69
2018-05-22,1,-1079.53550867364,1076.54
2018-05-23,1,-1080.25114605142,1077.25
2018-05-24,-1,1084.59614999313,-1081.69
2018-05-25,1,-1081.38370328264,1078.38
2018-05-28,1,-1078.24099191939,1075.24
2018-05-29,-1,1087.3167202564,-1084.37
2018-05-30,1,-1080.15006919669,1077.1
2018-05-31,-1,1083.60278142713,-1080.59
2018-06-01,1,-1074.97061240752,1071.88
2018-06-04,-1,1073.52261776802,-1070.48
2018-06-05,1,-1075.01263904276,1071.95
2018-06-06,1,-1069.94676956698,1066.88
2018-06-07,-1,1075.22911534481,-1072.19
2018-06-08,0,-0,0
2018-06-11,-1,1079.90607525963,-1076.88
2018-06-12,-1,1084.8743395893,-1081.84
2018-06-13,-1,1089.02987573217,-1086.03
2018-06-14,0,-0,0
2018-06-15,-1,1106.49056116025,-1103.42
2018-06-18,1,-1106.65698502819,1103.51
2018-06-19,-1,1114.96006312963,-1111.89
2018-06-20,1,-1113.15345415505,1109.98
2018-06-21,1,-1113.71329693472,1110.55
2018-06-22,-1,1115.09790822507,-1112
2018-06-25,-1,1118.57735103536,-1115.47
2018-06-26,-1,1121.62888797035,-1118.52
2018-06-27,-1,1126.68841063124,-1123.57
2018-06-28,1,-1124.51295483135,1121.35
2018-06-29,1,-1118.21485795374,1115.04
2018-07-02,-1,1122.01323822645,-1118.88
2018-07-03,1,-1118.18347558194,1114.99
2018-07-04,-1,1119.51209147674,-1116.4
2018-07-05,-1,1122.44611897775,-1119.33
2018-07-06,1,-1118.67300058088,1115.52
2018-07-09,-1,1116.4210169045,-1113.32
2018-07-10,1,-1117.34919808367,1114.22
2018-07-11,-1,1131.37883751227,-1128.23
2018-07-12,-1,1127.7186556368,-1124.58
2018-07-13,-1,1133.27611839872,-1130.14
2018-07-16,0,-0,0
2018-07-17,1,-1130.18793038408,1127
2018-07-18,-1,1134.31411385815,-1131.16
2018-07-19,-1,1138.71659638773,-1135.55
2018-07-20,1,-1131.15951111538,1127.9
2018-07-23,-1,1137.35496785932,-1134.19
2018-07-24,1,-1130.70441907212,1127.41
2018-07-25,1,-1121.10796175727,1117.79
2018-07-26,-1,1127.64956904349,-1124.38
2018-07-27,1,-1119.27521524508,1115.89
2018-07-30,-1,1121.10853905896,-1117.81
2018-07-31,1,-1116.61259158431,1113.25
2018-08-01,-1,1122.76705282359,-1119.49
2018-08-02,-1,1131.50769984307,-1128.21
2018-08-03,0,-0,0
2018-08-06,-1,1130.04437424006,-1126.7
2018-08-07,1,-1121.3919026157,1117.94
2018-08-08,1,-1120.67383816688,1117.26
2018-08-09,-1,1127.06822655585,-1123.7
2018-08-10,-1,1133.55854338904,-1130.17
2018-08-13,-1,1140.41345325721,-1137
2018-08-14,1,-1131.75197791227,1128.21
2018-08-15,-1,1137.41076863702,-1133.97
2018-08-16,1,-1130.76543135004,1127.25
2018-08-17,1,-1123.27099175172,1119.69
2018-08-20,1,-1121.70368581511,1118.17
2018-08-21,-1,1120.11453653589,-1116.61
2018-08-22,-1,1121.26633002777,-1117.76
2018-08-23,-1,1128.13283421983,-1124.62
2018-08-24,1,-1118.1287230981,1114.51
2018-08-27,1,-1112.68616164926,1109.05
2018-08-28,1,-1111.89104302096,1108.3
2018-08-29,-1,1114.18013741942,-1110.64
2018-08-30,-1,1118.34346143483,-1114.79
2018-08-31,-1,1119.15054385925,-1115.63
2018-09-03,1,-1115.69939362622,1112.1
2018-09-04,-1,1121.86694434249,-1118.36
2018-09-05,-1,1123.3839792885,-1119.84
2018-09-06,-1,1125.59081556987,-1122.06
2018-09-07,-1,1132.0766544011,-1128.57
2018-09-10,-1,1133.4482455697,-1129.9
2018-09-11,1,-1127.61419032613,1123.99
2018-09-12,1,-1123.83561701784,1120.25
2018-09-13,1,-1123.59478580122,1120.01
2018-09-14,0,-0,0
2018-09-17,-1,1129.88004114508,-1126.33
2018-09-18,1,-1126.43904753942,1122.82
2018-09-19,1,-1122.56932025617,1118.95
2018-09-20,1,-1120.74399470013,1117.13
2018-09-21,-1,1118.53710266215,-1114.95
2018-09-24,-1,1123.69887230197,-1120.12
2018-09-25,1,-1121.49447030722,1117.88
2018-09-26,1,-1119.18677726756,1115.55
2018-09-27,-1,1117.6816024833,-1114.15
2018-09-28,1,-1113.73851692482,1110.15
2018-10-01,0,-0,0
2018-10-02,-1,1122.08630280601,-1118.51
2018-10-03,-1,1129.05494626284,-1125.5
2018-10-04,-1,1137.11508171565,-1133.53
2018-10-05,1,-1135.78048387028,1132.13
2018-10-08,-1,1138.23320509053,-1134.63
2018-10-09,1,-1135.75970840582,1132.12
2018-10-10,-1,1146.89368042216,-1143.3
2018-10-11,1,-1139.26920750158,1135.55
2018-10-12,1,-1135.02160926098,1131.3
2018-10-15,-1,1135.55447863562,-1131.87
2018-10-16,1,-1127.02801050299,1123.24
2018-10-17,-1,1132.25368516026,-1128.53
2018-10-18,-1,1142.32600619413,-1138.6
2018-10-19,1,-1135.98026408016,1132.15
2018-10-22,1,-1137.05717162623,1133.25
2018-10-23,-1,1139.5637986969,-1135.78
2018-10-24,-1,1143.64158446297,-1139.86
2018-10-25,1,-1141.20613198294,1137.38
2018-10-26,-1,1144.06646808734,-1140.28
2018-10-29,-1,1147.53046516889,-1143.74
2018-10-30,1,-1143.53512998579,1139.69
2018-10-31,-1,1145.81004773474,-1142.02
2018-11-01,1,-1128.38303155518,1124.31
2018-11-02,1,-1122.0913771488,1118.1
2018-11-05,1,-1124.54616840906,1120.56
2018-11-06,1,-1125.90680778589,1121.93
2018-11-07,-1,1120.35865116985,-1116.43
2018-11-08,-1,1125.62177779016,-1121.68
2018-11-09,-1,1134.6110147307,-1130.69
2018-11-12,-1,1143.32572669132,-1139.35
2018-11-13,1,-1135.58294433243,1131.49
2018-11-14,-1,1136.73283784825,-1132.7
2018-11-15,1,-1132.00227805424,1127.93
2018-11-16,1,-1125.52617349411,1121.4
2018-11-19,0,-0,0
2018-11-20,-1,1134.29614737094,-1130.25
2018-11-21,-1,1132.16537807025,-1128.12
2018-11-22,-1,1136.12081762861,-1132.1
2018-11-23,1,-1137.56461519629,1133.5
2018-11-26,1,-1133.8659064083,1129.79
2018-11-27,1,-1134.57811615267,1130.51
2018-11-28,1,-1127.61003640914,1123.48
2018-11-29,1,-1121.69128580795,1117.55
2018-11-30,1,-1124.55219876209,1120.44
2018-12-03,1,-1113.74378414458,1109.54
2018-12-04,1,-1115.67814041663,1111.51
2018-12-05,-1,1118.29380038017,-1114.16
2018-12-06,-1,1122.82470736412,-1118.7
2018-12-07,-1,1128.99280665006,-1124.85
2018-12-10,-1,1132.49171047575,-1128.37
2018-12-11,-1,1133.63016067915,-1129.53
2018-12-12,1,-1128.99308970195,1124.82
2018-12-13,1,-1129.71288240471,1125.55
2018-12-14,-1,1136.79146287272,-1132.7
2018-12-17,1,-1133.73135478748,1129.55
2018-12-18,1,-1131.70489249797,1127.53
2018-12-19,0,-0,0
2018-12-20,1,-1126.98734728966,1122.78
2018-12-21,-1,1133.19828271309,-1129.04
2018-12-24,1,-1129.11480455716,1124.87
2018-12-25,-1,1129.59565559582,-1125.4
2018-12-26,1,-1127.87264617259,1123.66
2018-12-27,1,-1124.31969147324,1120.08
2018-12-28,-1,1121.14366655825,-1117.05
2018-12-31,1,-1118.47407633735,1114.3
2019-01-01,0,-0,0
2019-01-02,1,-1124.25381713043,1120.12
2019-01-03,-1,1130.0069087843,-1125.89
2019-01-04,1,-1121.06781740153,1116.85
2019-01-07,0,-0,0
2019-01-08,-1,1126.96208181512,-1122.83
2019-01-09,1,-1122.38779140273,1118.18
2019-01-10,1,-1121.98274321933,1117.79
2019-01-11,-1,1122.41144130465,-1118.23
2019-01-14,-1,1125.97256148775,-1121.8
2019-01-15,-1,1127.02282693083,-1122.85
2019-01-16,1,-1124.98047916603,1120.78
2019-01-17,-1,1126.88145189301,-1122.7
2019-01-18,-1,1130.24829643114,-1126.08
2019-01-21,-1,1138.52957474899,-1134.4
2019-01-22,1,-1135.99933545682,1131.77
2019-01-23,1,-1130.7208567539,1126.46
2019-01-24,-1,1132.95540868018,-1128.75
2019-01-25,1,-1123.09574193901,1118.78
2019-01-28,1,-1123.15789002448,1118.87
2019-01-29,1,-1122.27789693551,1118.01
2019-01-30,1,-1115.3741970219,1111.04
2019-01-31,-1,1116.66408205959,-1112.4
2019-02-01,-1,1123.65841161534,-1119.4
2019-02-04,0,-0,0
2019-02-05,1,-1121.58567813102,1117.27
2019-02-06,-1,1126.08690997143,-1121.8
2019-02-07,-1,1129.10051591285,-1124.81
2019-02-08,1,-1128.82456241359,1124.5
2019-02-11,0,-0,0
2019-02-12,1,-1125.63732316291,1121.29
2019-02-13,-1,1129.88924164435,-1125.59
2019-02-14,-1,1130.71816630184,-1126.4
2019-02-15,-1,1130.76461284651,-1126.44
2019-02-18,0,-0,0
2019-02-19,1,-1127.27607796288,1122.92
2019-02-20,0,-0,0
2019-02-21,-1,1129.94741940049,-1125.63
2019-02-22,1,-1127.33541612975,1122.99
2019-02-25,1,-1120.47893135663,1116.06
2019-02-26,1,-1119.97532438597,1115.61
2019-02-27,-1,1122.55324698471,-1118.22
2019-02-28,-1,1130.19440719141,-1125.9
2019-03-01,-1,1132.02129096802,-1127.67
2019-03-04,1,-1130.83112035537,1126.46
2019-03-05,1,-1130.18317770183,1125.81
2019-03-06,-1,1132.7126096352,-1128.38
2019-03-07,-1,1139.2082882198,-1134.87
2019-03-08,1,-1138.28070644056,1133.9
2019-03-11,1,-1136.17264185169,1131.77
2019-03-12,1,-1132.85368521647,1128.44
2019-03-13,-1,1134.86584736042,-1130.5
2019-03-14,-1,1140.75157552451,-1136.42
2019-03-15,-1,1140.05595334595,-1135.7
2019-03-18,0,-0,0
2019-03-19,1,-1135.3603819917,1130.96
2019-03-20,1,-1130.46433220354,1126.05
2019-03-21,0,-0,0
2019-03-22,-1,1140.46363906659,-1136.11
2019-03-25,1,-1137.29046497616,1132.86
2019-03-26,-1,1140.25749867802,-1135.87
2019-03-27,-1,1143.63043984179,-1139.24
2019-03-28,1,-1140.39875122417,1135.95
2019-03-29,-1,1141.79725532536,-1137.4
2019-04-01,1,-1138.15881777913,1133.72
2019-04-02,-1,1141.83078154978,-1137.42
2019-04-03,1,-1139.11573883245,1134.67
2019-04-04,-1,1140.74643627051,-1136.33
2019-04-05,-1,1142.10508535432,-1137.69
2019-04-08,-1,1146.5086558895,-1142.11
2019-04-09,1,-1145.52556643688,1141.08
2019-04-10,1,-1142.44011594877,1137.97
2019-04-11,-1,1146.37201737185,-1141.96
2019-04-12,1,-1139.24312593356,1134.72
2019-04-15,1,-1139.56390995946,1135.1
2019-04-16,-1,1142.11229627806,-1137.69
2019-04-17,1,-1136.76993846752,1132.28
2019-04-18,-1,1141.55600317543,-1137.11
2019-04-19,0,-0,0
2019-04-22,-1,1145.43506500779,-1140.99
2019-04-23,-1,1147.57515419715,-1143.11
2019-04-24,-1,1160.43710111269,-1156.05
2019-04-25,-1,1164.47268595204,-1160.01
2019-04-26,1,-1163.41042807603,1158.9
2019-04-29,-1,1164.36745835377,-1159.88
2019-04-30,-1,1168.69651466279,-1164.25
2019-05-01,-1,1170.21977372756,-1165.73
2019-05-02,-1,1171.52704881808,-1167.06
2019-05-03,1,-1168.83618521371,1164.33
2019-05-06,-1,1173.619968622,-1169.15
2019-05-07,-1,1176.82634228346,-1172.35
2019-05-08,0,-0,0
2019-05-09,-1,1184.55259096836,-1180.09
2019-05-10,1,-1179.7564778075,1175.2
2019-05-13,-1,1193.3091526392,-1188.78
2019-05-14,1,-1192.44445100054,1187.82
2019-05-15,-1,1191.35386822747,-1186.79
2019-05-16,-1,1196.91330569065,-1192.33
2019-05-17,1,-1199.31675415692,1194.73
2019-05-20,1,-1199.28785778315,1194.73
2019-05-21,1,-1197.35658077888,1192.78
2019-05-22,1,-1195.3389898415,1190.78
2019-05-23,1,-1194.36221136311,1189.8
2019-05-24,1,-1190.32335462485,1185.77
2019-05-27,0,-0,0
2019-05-28,-1,1193.46355218698,-1188.94
2019-05-29,-1,1198.52347770639,-1194.03
2019-05-30,1,-1194.31340959849,1189.73
2019-05-31,-1,1193.33126778389,-1188.8
2019-06-03,1,-1184.25462796292,1179.64
2019-06-04,0,-0,0
2019-06-05,-1,1185.3873512477,-1180.84
2019-06-06,0,-0,0
2019-06-07,-1,1186.63560527044,-1182.07
2019-06-10,-1,1188.575643459,-1184.02
2019-06-11,1,-1183.83857750838,1179.21
2019-06-12,-1,1188.07765682996,-1183.53
2019-06-13,1,-1187.91278775451,1183.32
2019-06-14,-1,1191.43163956582,-1186.88
2019-06-17,0,-0,0
2019-06-18,1,-1179.5517575612,1174.87
2019-06-19,-1,1177.04317917149,-1172.48
2019-06-20,1,-1164.16044565724,1159.42
2019-06-21,0,-0,0
2019-06-24,1,-1159.40112855757,1154.67
2019-06-25,1,-1160.86426253184,1156.17
2019-06-26,-1,1159.3162353861,-1154.67
2019-06-27,-1,1161.74343852081,-1157.12
2019-06-28,-1,1161.00875340267,-1156.38
2019-07-01,-1,1166.37671849125,-1161.77
2019-07-02,-1,1172.0541641344,-1167.47
2019-07-03,-1,1175.36082493041,-1170.72
2019-07-04,1,-1172.99175471382,1168.34
2019-07-05,-1,1179.66542147158,-1175.02
2019-07-08,-1,1185.53561913858,-1180.94
2019-07-09,-1,1187.84174761132,-1183.22
2019-07-10,1,-1181.25648479806,1176.57
2019-07-11,1,-1179.83431154155,1175.16
2019-07-12,-1,1181.97774527114,-1177.32
2019-07-15,-1,1185.0440463308,-1180.41
2019-07-16,1,-1184.31127398629,1179.63
2019-07-17,-1,1185.26836995784,-1180.62
2019-07-18,1,-1177.52516525324,1172.78
2019-07-19,-1,1180.79869870146,-1176.11
2019-07-22,0,-0,0
2019-07-23,-1,1184.56953444854,-1179.89
2019-07-24,1,-1183.12390704585,1178.41
2019-07-25,-1,1188.79406770587,-1184.16
2019-07-26,0,-0,0
2019-07-29,1,-1188.40969080802,1183.71
2019-07-30,1,-1186.09926674266,1181.38
2019-07-31,-1,1192.99437682912,-1188.32
2019-08-01,-1,1201.09662110693,-1196.38
2019-08-02,-1,1209.33527648604,-1204.61
2019-08-05,-1,1223.112858951,-1218.33
2019-08-06,-1,1218.17164604531,-1213.43
2019-08-07,-1,1217.78656030171,-1213.02
2019-08-08,-1,1212.84496818585,-1208.08
2019-08-09,-1,1219.20169369115,-1214.45
2019-08-12,-1,1223.91916791875,-1219.14
2019-08-13,0,-0,0
2019-08-14,0,-0,0
2019-08-15,-1,1218.11644474864,-1213.33
2019-08-16,1,-1213.31872068121,1208.47
2019-08-19,-1,1217.40048323082,-1212.62
2019-08-20,1,-1211.26694319772,1206.4
2019-08-21,1,-1207.29995643108,1202.44
2019-08-22,-1,1215.18248374361,-1210.42
2019-08-23,-1,1218.48049066355,-1213.66
2019-08-26,-1,1217.56179998038,-1212.74
2019-08-27,1,-1217.57808573617,1212.74
2019-08-28,-1,1218.10738167751,-1213.29
2019-08-29,1,-1213.96067540316,1209.12
2019-08-30,-1,1215.32273579027,-1210.5
2019-09-02,-1,1219.42896863528,-1214.61
2019-09-03,1,-1216.4068861943,1211.54
2019-09-04,1,-1209.52655879148,1204.63
2019-09-05,1,-1202.96079636715,1198.02
2019-09-06,1,-1197.68017392657,1192.77
2019-09-09,1,-1197.82199726374,1192.93
2019-09-10,1,-1196.40869905999,1191.51
2019-09-11,-1,1195.54572291199,-1190.68
2019-09-12,0,-0,0
2019-09-13,1,-1184.63202212227,1179.72
2019-09-16,-1,1189.82279912743,-1185.02
2019-09-17,-1,1192.47134767785,-1187.62
2019-09-18,-1,1196.57059883366,-1191.73
2019-09-19,-1,1200.20070916735,-1195.35
2019-09-20,1,-1199.01414874051,1194.13
2019-09-23,-1,1199.89953610447,-1195.04
2019-09-24,1,-1200.41597966886,1195.53
2019-09-25,-1,1204.6245179129,-1199.82
2019-09-26,-1,1205.30781325043,-1200.46
2019-09-27,-1,1207.82216345775,-1202.99
2019-09-30,1,-1203.98779460575,1199.09
2019-10-01,-1,1208.20511985677,-1203.37
2019-10-02,-1,1210.1688248228,-1205.37
2019-10-03,1,-1206.75102651275,1201.89
2019-10-04,1,-1197.2064040635,1192.25
2019-10-07,-1,1202.17623766402,-1197.33
2019-10-08,-1,1204.82779474271,-1200.02
2019-10-09,-1,1203.34266105739,-1198.5
2019-10-10,1,-1195.3880816809,1190.46
2019-10-11,1,-1188.45187128202,1183.48
2019-10-14,-1,1189.576646277,-1184.7
2019-10-15,0,-0,0
2019-10-16,1,-1191.41490521269,1186.51
2019-10-17,1,-1184.04508333867,1179.07
2019-10-18,-1,1183.78393522845,-1178.91
2019-10-21,1,-1177.46731127033,1172.49
2019-10-22,1,-1178.02019913095,1173.09
2019-10-23,1,-1175.60855862143,1170.67
2019-10-24,-1,1180.08669917035,-1175.21
2019-10-25,1,-1176.76725597095,1171.82
2019-10-28,1,-1173.56727259524,1168.61
2019-10-29,-1,1172.4611250678,-1167.55
2019-10-30,-1,1170.28457885834,-1165.41
2019-10-31,-1,1175.13583734464,-1170.24
2019-11-01,1,-1169.76207733547,1164.8
2019-11-04,0,-0,0
2019-11-05,1,-1161.81249765283,1156.82
2019-11-06,-1,1166.44904922306,-1161.58
2019-11-07,1,-1160.29143347486,1155.31
2019-11-08,-1,1163.69066082822,-1158.76
2019-11-11,-1,1170.33832832528,-1165.45
2019-11-12,1,-1171.48845128731,1166.53
2019-11-13,-1,1176.42703791171,-1171.51
2019-11-14,1,-1174.05929516012,1169.08
2019-11-15,1,-1168.66901540711,1163.65
2019-11-18,-1,1172.15864281785,-1167.23
2019-11-19,-1,1173.30941541064,-1168.35
2019-11-20,-1,1175.74714036843,-1170.82
2019-11-21,-1,1181.74733018459,-1176.86
2019-11-22,-1,1185.26846379101,-1180.33
2019-11-25,1,-1178.91998243261,1173.9
2019-11-26,1,-1178.30786687177,1173.32
2019-11-27,-1,1181.90800427504,-1176.97
2019-11-28,-1,1183.76122760994,-1178.82
2019-11-29,-1,1186.65826046905,-1181.7
2019-12-02,-1,1190.68084527321,-1185.78
2019-12-03,-1,1194.97048208541,-1190.06
2019-12-04,-1,1196.23782722816,-1191.32
2019-12-05,1,-1193.89189365206,1188.92
2019-12-06,1,-1191.173206769,1186.21
2019-12-09,-1,1195.47491798832,-1190.55
2019-12-10,-1,1195.44094869301,-1190.49
2019-12-11,-1,1194.55962219301,-1189.61
2019-12-12,1,-1178.09546042655,1172.89
2019-12-13,-1,1181.27466069463,-1176.21
2019-12-16,1,-1173.64945767292,1168.48
2019-12-17,1,-1169.33565580761,1164.15
2019-12-18,-1,1171.75657369853,-1166.66
2019-12-19,1,-1168.42936761354,1163.27
2019-12-20,1,-1164.56206487455,1159.4
2019-12-23,-1,1169.14256327923,-1164.04
2019-12-24,1,-1168.6657966971,1163.52
2019-12-25,-1,1165.89249757034,-1160.76
2019-12-26,-1,1167.43252851672,-1162.3
2019-12-27,1,-1164.847183502,1159.68
2019-12-30,1,-1163.13137550218,1157.97
2019-12-31,-1,1160.09946335248,-1155.07
2020-01-01,0,-0,0
2020-01-02,1,-1163.01708458098,1157.94
2020-01-03,-1,1170.98069682286,-1165.95
2020-01-06,-1,1172.63703724393,-1167.56
2020-01-07,-1,1173.37740467435,-1168.3
2020-01-08,1,-1167.56935305491,1162.41
2020-01-09,1,-1164.83504129781,1159.72
2020-01-10,1,-1164.08672807766,1158.97
2020-01-13,1,-1160.07122920824,1154.95
2020-01-14,-1,1163.29412700792,-1158.2
2020-01-15,0,-0,0
2020-01-16,-1,1165.82540678704,-1160.73
2020-01-17,1,-1166.56039194503,1161.44
2020-01-20,1,-1164.74803041549,1159.61
2020-01-21,-1,1175.09700081397,-1170.01
2020-01-22,1,-1170.94943926808,1165.76
2020-01-23,-1,1174.69670536191,-1169.54
2020-01-24,-1,1175.37068003592,-1170.2
2020-01-27,-1,1182.87522454824,-1177.7
2020-01-28,-1,1181.24587131583,-1176.11
2020-01-29,-1,1184.81859569614,-1179.68
2020-01-30,-1,1193.81463721367,-1188.64
2020-01-31,-1,1201.15431773125,-1195.97
2020-02-03,1,-1196.02465107466,1190.79
2020-02-04,1,-1189.15540867423,1183.9
2020-02-05,-1,1189.58589736839,-1184.4
2020-02-06,0,-0,0
2020-02-07,-1,1197.6002120493,-1192.39
2020-02-10,1,-1193.42242089697,1188.17
2020-02-11,1,-1187.55475687083,1182.25
2020-02-12,1,-1184.79294939263,1179.51
2020-02-13,-1,1189.80411017318,-1184.58
2020-02-14,1,-1188.74887446611,1183.46
2020-02-17,-1,1190.60793555618,-1185.36
2020-02-18,-1,1196.2996737171,-1191.04
2020-02-19,1,-1198.28529473893,1193
2020-02-20,-1,1210.51344918977,-1205.21
2020-02-21,-1,1212.4057435928,-1207.07
2020-02-24,-1,1224.42158320435,-1219.17
2020-02-25,1,-1221.42929113357,1216.04
2020-02-26,-1,1218.14836288782,-1212.81
2020-02-27,0,-0,0
2020-02-28,1,-1205.83325873532,1200.32
2020-03-02,0,-0,0
2020-03-03,1,-1186.52618431186,1181
2020-03-04,-1,1190.60971741506,-1185.23
2020-03-05,-1,1194.21149328132,-1188.82
2020-03-06,-1,1194.19413158509,-1188.8
2020-03-09,-1,1206.31017580202,-1200.94
2020-03-10,1,-1191.4344100987,1185.75
2020-03-11,1,-1198.24395895335,1192.71
2020-03-12,-1,1216.55286223184,-1211.21
2020-03-13,-1,1217.27651415932,-1211.78
2020-03-16,-1,1238.33400125287,-1232.87
2020-03-17,-1,1245.28030015955,-1239.76
2020-03-18,-1,1262.09400136873,-1256.5
2020-03-19,1,-1264.07663257218,1258.36
2020-03-20,-1,1260.48846372366,-1254.95
2020-03-23,-1,1278.34079569511,-1273
2020-03-24,1,-1240.44246335399,1234.21
2020-03-25,1,-1238.86208406685,1233
2020-03-26,1,-1219.48951413649,1213.4
2020-03-27,0,-0,0
2020-03-30,-1,1230.59644587716,-1224.71
2020-03-31,1,-1224.8409854143,1218.8
2020-04-01,-1,1242.51827608026,-1236.7
2020-04-02,1,-1233.9372244751,1227.85
2020-04-03,-1,1242.59888312894,-1236.61
2020-04-06,1,-1230.85449859716,1224.64
2020-04-07,1,-1221.63567987922,1215.43
2020-04-08,0,-0,0
2020-04-09,1,-1217.28653497176,1211.08
2020-04-10,-1,1217.69809977857,-1211.55
2020-04-13,-1,1222.09651441559,-1215.96
2020-04-14,1,-1218.69971284767,1212.5
2020-04-15,-1,1230.82384338401,-1224.72
2020-04-16,-1,1235.15561251618,-1228.98
2020-04-17,1,-1222.63028114788,1216.24
2020-04-20,-1,1226.84783748129,-1220.62
2020-04-21,-1,1239.75221601754,-1233.56
2020-04-22,-1,1240.35569823238,-1234.05
2020-04-23,-1,1239.84555447447,-1233.54
2020-04-24,1,-1236.9674548991,1230.62
2020-04-27,1,-1228.8564929883,1222.45
2020-04-28,-1,1228.11756753927,-1221.81
2020-04-29,1,-1217.554395803,1211.1
2020-04-30,-1,1220.25236833262,-1213.94
2020-05-01,-1,1231.2854039504,-1224.93
2020-05-04,-1,1230.54887843357,-1224.18
2020-05-05,1,-1228.99802389317,1222.57
2020-05-06,-1,1235.93771962415,-1229.55
2020-05-07,1,-1226.61665644337,1220.11
2020-05-08,-1,1226.22968086577,-1219.8
2020-05-11,-1,1229.82760409936,-1223.41
2020-05-12,-1,1233.27673904654,-1226.84
2020-05-13,-1,1233.947109171,-1227.51
2020-05-14,-1,1233.96879588719,-1227.53
2020-05-15,-1,1239.62371703947,-1233.19
2020-05-18,1,-1231.82852332529,1225.27
2020-05-19,1,-1231.66895329506,1225.18
2020-05-20,-1,1233.84763671846,-1227.4
2020-05-21,-1,1239.68452808302,-1233.27
2020-05-22,-1,1247.13690891659,-1240.66
2020-05-25,-1,1247.40842831602,-1240.95
2020-05-26,1,-1237.59946250346,1230.99
2020-05-27,-1,1244.76286496247,-1238.26
2020-05-28,-1,1244.55776300197,-1238.03
2020-05-29,1,-1238.20797332102,1231.59
2020-06-01,1,-1229.72244273764,1223.05
2020-06-02,1,-1226.76553580108,1220.12
2020-06-03,1,-1222.58864703242,1215.95
2020-06-04,-1,1223.13170715174,-1216.54
2020-06-05,1,-1208.87952239782,1202.1
2020-06-08,1,-1202.754076427,1195.96
2020-06-09,0,-0,0
2020-06-10,1,-1197.57552318247,1190.79
2020-06-11,-1,1212.92634192201,-1206.2
2020-06-12,0,-0,0
2020-06-15,-1,1215.44000742686,-1208.65
2020-06-16,-1,1219.10769843284,-1212.29
2020-06-17,-1,1222.29717003587,-1215.53
2020-06-18,1,-1219.44373221536,1212.59
2020-06-19,1,-1218.81247884503,1211.98
2020-06-22,1,-1216.39025404824,1209.53
2020-06-23,-1,1215.27727364346,-1208.46
2020-06-24,1,-1213.04300970653,1206.2
2020-06-25,1,-1209.23408978242,1202.36
2020-06-26,-1,1210.75368933297,-1203.92
2020-06-29,1,-1206.52366002748,1199.66
2020-06-30,-1,1206.27028235455,-1199.44
2020-07-01,-1,1208.49977125697,-1201.67
2020-07-02,1,-1206.12538107487,1199.25
2020-07-03,0,-0,0
2020-07-06,1,-1198.98616352168,1192.05
2020-07-07,-1,1203.71739728158,-1196.84
2020-07-08,1,-1199.77515791689,1192.85
2020-07-09,-1,1203.9143657856,-1197.08
2020-07-10,-1,1207.49715172244,-1200.62
2020-07-13,-1,1210.69556479238,-1203.87
2020-07-14,0,-0,0
2020-07-15,1,-1207.92481725419,1201
2020-07-16,-1,1211.98919294562,-1205.23
2020-07-17,1,-1210.78325193515,1203.94
2020-07-20,1,-1207.8835671381,1201.02
2020-07-21,1,-1200.96163928592,1194.04
2020-07-22,-1,1204.2100941375,-1197.38
2020-07-23,-1,1208.74795030488,-1201.95
2020-07-24,1,-1208.45438696425,1201.59
2020-07-27,-1,1202.90385850437,-1196.07
2020-07-28,-1,1206.36425344171,-1199.55
2020-07-29,1,-1197.01010397946,1190.04
2020-07-30,1,-1196.6398808634,1189.73
2020-07-31,-1,1200.96337655077,-1194.09
2020-08-03,1,-1199.6178231336,1192.7
2020-08-04,1,-1200.22777546635,1193.32
2020-08-05,1,-1193.22864920727,1186.24
2020-08-06,1,-1190.95002395711,1184
2020-08-07,-1,1196.06480365574,-1189.18
2020-08-10,1,-1192.52978949266,1185.58
2020-08-11,0,-0,0
2020-08-12,1,-1190.17631124181,1183.23
2020-08-13,1,-1191.8640481492,1184.92
2020-08-14,-1,1193.8117067364,-1186.94
2020-08-17,1,-1190.1470119505,1183.19
2020-08-18,1,-1189.6220490364,1182.7
2020-08-19,1,-1188.67036094655,1181.74
2020-08-20,-1,1192.12550845423,-1185.24
2020-08-21,-1,1198.5573459425,-1191.72
2020-08-24,1,-1195.59976302973,1188.66
2020-08-25,1,-1194.28220178258,1187.35
2020-08-26,1,-1191.34483287725,1184.39
2020-08-27,-1,1194.34843750773,-1187.44
2020-08-28,1,-1187.49532613168,1180.48
2020-08-31,-1,1194.83243069574,-1187.94
2020-09-01,1,-1192.44007434774,1185.45
2020-09-02,-1,1196.05589279975,-1189.13
2020-09-03,-1,1198.40372674863,-1191.48
2020-09-04,1,-1194.30633465556,1187.3
2020-09-06,1,-1194.39347591059,1187.42
2020-09-07,-1,1194.22035077285,-1187.27
2020-09-08,-1,1196.97791768435,-1190.1
2020-09-09,1,-1191.78845697166,1184.79
2020-09-10,-1,1195.00070064548,-1188.11
2020-09-11,1,-1194.82445235305,1187.89
2020-09-13,0,-0,0
2020-09-14,1,-1188.51328178064,1181.51
2020-09-15,1,-1186.72390845091,1179.76
2020-09-16,1,-1179.9193514035,1172.88
2020-09-17,-1,1176.13904099794,-1169.2
2020-09-18,-1,1171.72058274192,-1164.81
2020-09-20,1,-1171.92050771094,1164.99
2020-09-21,0,-0,0
2020-09-22,1,-1170.55168110036,1163.61
2020-09-23,-1,1177.55759583962,-1170.65
2020-09-24,1,-1176.58190690553,1169.65
