date,signal,usdtwd,usdcnh
2013-07-18,-1,0,-6.1405
2013-07-19,-1,0.50397326856256,-6.1346
2013-07-22,-1,1.32677213643543,-6.1355
2013-07-23,-1,2.24445035828896,-6.1344
2013-07-24,-1,3.0966566213261,-6.1352
2013-07-25,-1,3.81535138245702,-6.1361
2013-07-26,-1,4.37921212567276,-6.1357
2013-07-29,-1,4.82058920024466,-6.1348
2013-07-30,-1,5.15772156700124,-6.135
2013-07-31,-1,5.41058589139069,-6.1323
2013-08-01,-1,5.60175134287896,-6.1338
2013-08-02,-1,5.73026249103465,-6.1295
2013-08-05,-1,5.82184480933612,-6.122
2013-08-06,-1,5.89947003607486,-6.1195
2013-08-07,-1,5.95257078433512,-6.1178
2013-08-08,-1,5.98186463959701,-6.1135
2013-08-09,-1,6.02071158643504,-6.1192
2013-08-12,-1,6.05080779503374,-6.118
2013-08-13,-1,6.07072839598232,-6.119
2013-08-14,-1,6.0789182852668,-6.1162
2013-08-15,0,-0,0
2013-08-16,0,-0,0
2013-08-19,0,-0,0
2013-08-20,0,-0,0
2013-08-21,0,-0,0
2013-08-22,0,-0,0
2013-08-23,0,-0,0
2013-08-26,0,-0,0
2013-08-27,0,-0,0
2013-08-28,0,-0,0
2013-08-29,0,-0,0
2013-08-30,0,-0,0
2013-09-02,-1,6.07564735746676,-6.1142
2013-09-03,0,-0,0
2013-09-04,0,-0,0
2013-09-05,0,-0,0
2013-09-06,0,-0,0
2013-09-09,0,-0,0
2013-09-10,0,-0,0
2013-09-11,0,-0,0
2013-09-12,0,-0,0
2013-09-13,0,-0,0
2013-09-16,0,-0,0
2013-09-17,0,-0,0
2013-09-18,0,-0,0
2013-09-19,0,-0,0
2013-09-20,0,-0,0
2013-09-23,0,-0,0
2013-09-24,0,-0,0
2013-09-25,0,-0,0
2013-09-26,0,-0,0
2013-09-27,0,-0,0
2013-09-30,0,-0,0
2013-10-01,0,-0,0
2013-10-02,0,-0,0
2013-10-03,0,-0,0
2013-10-04,0,-0,0
2013-10-07,0,-0,0
2013-10-08,0,-0,0
2013-10-09,0,-0,0
2013-10-10,0,-0,0
2013-10-11,0,-0,0
2013-10-14,0,-0,0
2013-10-15,0,-0,0
2013-10-16,0,-0,0
2013-10-17,0,-0,0
2013-10-18,0,-0,0
2013-10-21,0,-0,0
2013-10-22,0,-0,0
2013-10-23,0,-0,0
2013-10-24,0,-0,0
2013-10-25,0,-0,0
2013-10-28,0,-0,0
2013-10-29,0,-0,0
2013-10-30,0,-0,0
2013-10-31,0,-0,0
2013-11-01,0,-0,0
2013-11-04,0,-0,0
2013-11-05,0,-0,0
2013-11-06,0,-0,0
2013-11-07,0,-0,0
2013-11-08,0,-0,0
2013-11-11,0,-0,0
2013-11-12,0,-0,0
2013-11-13,0,-0,0
2013-11-14,0,-0,0
2013-11-15,0,-0,0
2013-11-18,0,-0,0
2013-11-19,0,-0,0
2013-11-20,0,-0,0
2013-11-21,0,-0,0
2013-11-22,0,-0,0
2013-11-25,0,-0,0
2013-11-26,0,-0,0
2013-11-27,0,-0,0
2013-11-28,0,-0,0
2013-11-29,0,-0,0
2013-12-02,0,-0,0
2013-12-03,0,-0,0
2013-12-04,0,-0,0
2013-12-05,0,-0,0
2013-12-06,0,-0,0
2013-12-09,0,-0,0
2013-12-10,0,-0,0
2013-12-11,0,-0,0
2013-12-12,0,-0,0
2013-12-13,0,-0,0
2013-12-16,0,-0,0
2013-12-17,0,-0,0
2013-12-18,0,-0,0
2013-12-19,1,-6.09867407981115,6.0743
2013-12-20,1,-6.09626513017429,6.0686
2013-12-23,1,-6.09985103005966,6.0714
2013-12-24,1,-6.10193066849794,6.074
2013-12-25,0,-0,0
2013-12-26,0,-0,0
2013-12-27,0,-0,0
2013-12-30,0,-0,0
2013-12-31,0,-0,0
2014-01-01,0,-0,0
2014-01-02,0,-0,0
2014-01-03,0,-0,0
2014-01-06,1,-6.06579302030154,6.0442
2014-01-07,1,-6.06541082247379,6.0394
2014-01-08,0,-0,0
2014-01-09,0,-0,0
2014-01-10,0,-0,0
2014-01-13,0,-0,0
2014-01-14,0,-0,0
2014-01-15,0,-0,0
2014-01-16,0,-0,0
2014-01-17,0,-0,0
2014-01-20,0,-0,0
2014-01-21,0,-0,0
2014-01-22,0,-0,0
2014-01-23,0,-0,0
2014-01-24,0,-0,0
2014-01-27,0,-0,0
2014-01-28,0,-0,0
2014-01-29,0,-0,0
2014-01-30,0,-0,0
2014-01-31,0,-0,0
2014-02-03,0,-0,0
2014-02-04,0,-0,0
2014-02-05,0,-0,0
2014-02-06,0,-0,0
2014-02-07,0,-0,0
2014-02-10,0,-0,0
2014-02-11,0,-0,0
2014-02-12,0,-0,0
2014-02-13,0,-0,0
2014-02-14,0,-0,0
2014-02-17,0,-0,0
2014-02-18,0,-0,0
2014-02-19,0,-0,0
2014-02-20,0,-0,0
2014-02-21,0,-0,0
2014-02-24,0,-0,0
2014-02-25,-1,6.07887852859392,-6.1165
2014-02-26,-1,6.07943583311299,-6.1185
2014-02-27,0,-0,0
2014-02-28,0,-0,0
2014-03-03,0,-0,0
2014-03-04,0,-0,0
2014-03-05,0,-0,0
2014-03-06,0,-0,0
2014-03-07,0,-0,0
2014-03-10,0,-0,0
2014-03-11,0,-0,0
2014-03-12,0,-0,0
2014-03-13,0,-0,0
2014-03-14,0,-0,0
2014-03-17,0,-0,0
2014-03-18,0,-0,0
2014-03-19,0,-0,0
2014-03-20,0,-0,0
2014-03-21,0,-0,0
2014-03-24,0,-0,0
2014-03-25,0,-0,0
2014-03-26,0,-0,0
2014-03-27,0,-0,0
2014-03-28,0,-0,0
2014-03-31,0,-0,0
2014-04-01,-1,6.16525091172255,-6.2055
2014-04-02,0,-0,0
2014-04-03,0,-0,0
2014-04-04,-1,6.17800297577665,-6.216
2014-04-07,0,-0,0
2014-04-08,0,-0,0
2014-04-09,-1,6.15527071561387,-6.1913
2014-04-10,-1,6.16792430407387,-6.2107
2014-04-11,0,-0,0
2014-04-14,0,-0,0
2014-04-15,0,-0,0
2014-04-16,0,-0,0
2014-04-17,0,-0,0
2014-04-18,0,-0,0
2014-04-21,0,-0,0
2014-04-22,0,-0,0
2014-04-23,0,-0,0
2014-04-24,0,-0,0
2014-04-25,0,-0,0
2014-04-28,0,-0,0
2014-04-29,-1,6.22211063151488,-6.2587
2014-04-30,0,-0,0
2014-05-01,0,-0,0
2014-05-02,0,-0,0
2014-05-05,0,-0,0
2014-05-06,0,-0,0
2014-05-07,0,-0,0
2014-05-08,0,-0,0
2014-05-09,0,-0,0
2014-05-12,0,-0,0
2014-05-13,0,-0,0
2014-05-14,0,-0,0
2014-05-15,0,-0,0
2014-05-16,0,-0,0
2014-05-19,0,-0,0
2014-05-20,0,-0,0
2014-05-21,0,-0,0
2014-05-22,0,-0,0
2014-05-23,0,-0,0
2014-05-26,0,-0,0
2014-05-27,0,-0,0
2014-05-28,0,-0,0
2014-05-29,0,-0,0
2014-05-30,0,-0,0
2014-06-02,0,-0,0
2014-06-03,0,-0,0
2014-06-04,0,-0,0
2014-06-05,0,-0,0
2014-06-06,0,-0,0
2014-06-09,0,-0,0
2014-06-10,0,-0,0
2014-06-11,0,-0,0
2014-06-12,0,-0,0
2014-06-13,0,-0,0
2014-06-16,0,-0,0
2014-06-17,0,-0,0
2014-06-18,0,-0,0
2014-06-19,0,-0,0
2014-06-20,0,-0,0
2014-06-23,0,-0,0
2014-06-24,0,-0,0
2014-06-25,0,-0,0
2014-06-26,0,-0,0
2014-06-27,0,-0,0
2014-06-30,0,-0,0
2014-07-01,0,-0,0
2014-07-02,0,-0,0
2014-07-03,0,-0,0
2014-07-04,0,-0,0
2014-07-07,0,-0,0
2014-07-08,0,-0,0
2014-07-09,0,-0,0
2014-07-10,0,-0,0
2014-07-11,0,-0,0
2014-07-14,0,-0,0
2014-07-15,0,-0,0
2014-07-16,0,-0,0
2014-07-17,0,-0,0
2014-07-18,0,-0,0
2014-07-21,0,-0,0
2014-07-22,0,-0,0
2014-07-23,0,-0,0
2014-07-24,0,-0,0
2014-07-25,0,-0,0
2014-07-28,0,-0,0
2014-07-29,0,-0,0
2014-07-30,0,-0,0
2014-07-31,0,-0,0
2014-08-01,0,-0,0
2014-08-04,0,-0,0
2014-08-05,0,-0,0
2014-08-06,0,-0,0
2014-08-07,0,-0,0
2014-08-08,0,-0,0
2014-08-11,0,-0,0
2014-08-12,0,-0,0
2014-08-13,0,-0,0
2014-08-14,0,-0,0
2014-08-15,0,-0,0
2014-08-18,0,-0,0
2014-08-19,0,-0,0
2014-08-20,0,-0,0
2014-08-21,0,-0,0
2014-08-22,0,-0,0
2014-08-25,0,-0,0
2014-08-26,0,-0,0
2014-08-27,0,-0,0
2014-08-28,0,-0,0
2014-08-29,0,-0,0
2014-09-01,0,-0,0
2014-09-02,0,-0,0
2014-09-03,0,-0,0
2014-09-04,0,-0,0
2014-09-05,0,-0,0
2014-09-08,0,-0,0
2014-09-09,0,-0,0
2014-09-10,0,-0,0
2014-09-11,0,-0,0
2014-09-12,0,-0,0
2014-09-15,0,-0,0
2014-09-16,0,-0,0
2014-09-17,0,-0,0
2014-09-18,1,-6.1669332253689,6.146
2014-09-19,0,-0,0
2014-09-22,0,-0,0
2014-09-23,0,-0,0
2014-09-24,0,-0,0
2014-09-25,0,-0,0
2014-09-26,0,-0,0
2014-09-29,0,-0,0
2014-09-30,0,-0,0
2014-10-01,0,-0,0
2014-10-02,0,-0,0
2014-10-03,0,-0,0
2014-10-06,0,-0,0
2014-10-07,0,-0,0
2014-10-08,0,-0,0
2014-10-09,0,-0,0
2014-10-10,0,-0,0
2014-10-13,0,-0,0
2014-10-14,0,-0,0
2014-10-15,0,-0,0
2014-10-16,0,-0,0
2014-10-17,0,-0,0
2014-10-20,0,-0,0
2014-10-21,0,-0,0
2014-10-22,0,-0,0
2014-10-23,0,-0,0
2014-10-24,0,-0,0
2014-10-27,0,-0,0
2014-10-28,0,-0,0
2014-10-29,0,-0,0
2014-10-30,0,-0,0
2014-10-31,0,-0,0
2014-11-03,0,-0,0
2014-11-04,0,-0,0
2014-11-05,0,-0,0
2014-11-06,0,-0,0
2014-11-07,0,-0,0
2014-11-10,0,-0,0
2014-11-11,0,-0,0
2014-11-12,0,-0,0
2014-11-13,0,-0,0
2014-11-14,0,-0,0
2014-11-17,0,-0,0
2014-11-18,0,-0,0
2014-11-19,1,-6.15504736444455,6.125
2014-11-20,0,-0,0
2014-11-21,0,-0,0
2014-11-24,0,-0,0
2014-11-25,0,-0,0
2014-11-26,0,-0,0
2014-11-27,0,-0,0
2014-11-28,0,-0,0
2014-12-01,0,-0,0
2014-12-02,0,-0,0
2014-12-03,0,-0,0
2014-12-04,0,-0,0
2014-12-05,0,-0,0
2014-12-08,0,-0,0
2014-12-09,0,-0,0
2014-12-10,0,-0,0
2014-12-11,0,-0,0
2014-12-12,0,-0,0
2014-12-15,0,-0,0
2014-12-16,0,-0,0
2014-12-17,0,-0,0
2014-12-18,0,-0,0
2014-12-19,0,-0,0
2014-12-22,0,-0,0
2014-12-23,1,-6.25904022520734,6.2317
2014-12-24,1,-6.25088752329601,6.2248
2014-12-25,1,-6.23067454697281,6.2069
2014-12-26,0,-0,0
2014-12-29,0,-0,0
2014-12-30,0,-0,0
2014-12-31,0,-0,0
2015-01-02,0,-0,0
2015-01-05,1,-6.25927666359768,6.2281
2015-01-06,1,-6.24519025284813,6.2125
2015-01-07,0,-0,0
2015-01-08,0,-0,0
2015-01-09,0,-0,0
2015-01-12,0,-0,0
2015-01-13,0,-0,0
2015-01-14,0,-0,0
2015-01-15,-1,6.17007294103407,-6.2154
2015-01-16,-1,6.16080902504675,-6.2443
2015-01-19,-1,6.17910459086706,-6.2241
2015-01-20,0,-0,0
2015-01-21,0,-0,0
2015-01-22,-1,6.18615139873988,-6.2216
2015-01-23,-1,6.17690061314013,-6.255
2015-01-26,-1,6.20574870766941,-6.2549
2015-01-27,-1,6.17514238873507,-6.2437
2015-01-28,-1,6.22079007625451,-6.2592
2015-01-29,0,-0,0
2015-01-30,0,-0,0
2015-02-02,0,-0,0
2015-02-03,0,-0,0
2015-02-04,0,-0,0
2015-02-05,0,-0,0
2015-02-06,1,-6.27020093902784,6.2478
2015-02-09,0,-0,0
2015-02-10,0,-0,0
2015-02-11,0,-0,0
2015-02-12,-1,6.20316585231477,-6.241
2015-02-13,0,-0,0
2015-02-16,0,-0,0
2015-02-17,0,-0,0
2015-02-18,0,-0,0
2015-02-19,1,-6.29468790405793,6.2725
2015-02-20,0,-0,0
2015-02-23,0,-0,0
2015-02-24,0,-0,0
2015-02-25,-1,6.22830599089877,-6.2712
2015-02-26,-1,6.24503459013063,-6.2799
2015-02-27,-1,6.25128752033129,-6.2868
2015-03-02,0,-0,0
2015-03-03,0,-0,0
2015-03-04,0,-0,0
2015-03-05,0,-0,0
2015-03-06,0,-0,0
2015-03-09,0,-0,0
2015-03-10,0,-0,0
2015-03-11,0,-0,0
2015-03-12,0,-0,0
2015-03-13,0,-0,0
2015-03-16,0,-0,0
2015-03-17,0,-0,0
2015-03-18,0,-0,0
2015-03-19,0,-0,0
2015-03-20,0,-0,0
2015-03-23,0,-0,0
2015-03-24,0,-0,0
2015-03-25,0,-0,0
2015-03-26,0,-0,0
2015-03-27,0,-0,0
2015-03-30,0,-0,0
2015-03-31,0,-0,0
2015-04-01,0,-0,0
2015-04-02,0,-0,0
2015-04-03,-1,6.15215848204956,-6.1958
2015-04-06,0,-0,0
2015-04-07,0,-0,0
2015-04-08,0,-0,0
2015-04-09,0,-0,0
2015-04-10,0,-0,0
2015-04-13,0,-0,0
2015-04-14,0,-0,0
2015-04-15,0,-0,0
2015-04-16,0,-0,0
2015-04-17,0,-0,0
2015-04-20,0,-0,0
2015-04-21,0,-0,0
2015-04-22,0,-0,0
2015-04-23,0,-0,0
2015-04-24,-1,6.13556575696629,-6.1968
2015-04-27,-1,6.11214694159868,-6.2168
2015-04-28,-1,6.13768006506787,-6.2046
2015-04-29,-1,6.14655484065656,-6.2016
2015-04-30,0,-0,0
2015-05-01,0,-0,0
2015-05-04,0,-0,0
2015-05-05,0,-0,0
2015-05-06,0,-0,0
2015-05-07,0,-0,0
2015-05-08,0,-0,0
2015-05-11,0,-0,0
2015-05-12,0,-0,0
2015-05-13,0,-0,0
2015-05-14,0,-0,0
2015-05-15,-1,6.16323723040355,-6.2034
2015-05-18,0,-0,0
2015-05-19,0,-0,0
2015-05-20,0,-0,0
2015-05-21,0,-0,0
2015-05-22,0,-0,0
2015-05-25,0,-0,0
2015-05-26,0,-0,0
2015-05-27,0,-0,0
2015-05-28,0,-0,0
2015-05-29,1,-6.2319571425394,6.2035
2015-06-01,1,-6.23116189797773,6.2052
2015-06-02,0,-0,0
2015-06-03,0,-0,0
2015-06-04,0,-0,0
2015-06-05,1,-6.23678316752951,6.212
2015-06-08,1,-6.23098774610185,6.2088
2015-06-09,1,-6.23614546343886,6.2117
2015-06-10,0,-0,0
2015-06-11,0,-0,0
2015-06-12,0,-0,0
2015-06-15,0,-0,0
2015-06-16,0,-0,0
2015-06-17,0,-0,0
2015-06-18,0,-0,0
2015-06-19,0,-0,0
2015-06-22,0,-0,0
2015-06-23,0,-0,0
2015-06-24,0,-0,0
2015-06-25,0,-0,0
2015-06-26,0,-0,0
2015-06-29,0,-0,0
2015-06-30,0,-0,0
2015-07-01,0,-0,0
2015-07-02,0,-0,0
2015-07-03,0,-0,0
2015-07-06,0,-0,0
2015-07-07,0,-0,0
2015-07-08,0,-0,0
2015-07-09,0,-0,0
2015-07-10,0,-0,0
2015-07-13,0,-0,0
2015-07-14,0,-0,0
2015-07-15,0,-0,0
2015-07-16,0,-0,0
2015-07-17,0,-0,0
2015-07-20,0,-0,0
2015-07-21,0,-0,0
2015-07-22,0,-0,0
2015-07-23,0,-0,0
2015-07-24,1,-6.25155954188939,6.2272
2015-07-27,1,-6.2571275677005,6.2199
2015-07-28,0,-0,0
2015-07-29,0,-0,0
2015-07-30,0,-0,0
2015-07-31,1,-6.24249498627967,6.2211
2015-08-03,1,-6.23995923271416,6.2195
2015-08-04,0,-0,0
2015-08-05,0,-0,0
2015-08-06,0,-0,0
2015-08-07,0,-0,0
2015-08-10,0,-0,0
2015-08-11,-1,6.33593211426373,-6.3888
2015-08-12,-1,6.36473756615353,-6.4504
2015-08-13,-1,6.38804773286506,-6.4622
2015-08-14,-1,6.40608575542694,-6.4533
2015-08-17,0,-0,0
2015-08-18,0,-0,0
2015-08-19,0,-0,0
2015-08-20,1,-6.46166414419487,6.4395
2015-08-21,0,-0,0
2015-08-24,1,-6.52441844946519,6.4937
2015-08-25,-1,6.43849496036624,-6.5105
2015-08-26,-1,6.45301895815728,-6.4894
2015-08-27,-1,6.42957566521343,-6.4763
2015-08-28,0,-0,0
2015-08-31,1,-6.46485792087221,6.4422
2015-09-01,1,-6.43925218226022,6.4177
2015-09-02,0,-0,0
2015-09-03,0,-0,0
2015-09-04,0,-0,0
2015-09-07,0,-0,0
2015-09-08,0,-0,0
2015-09-09,0,-0,0
2015-09-10,0,-0,0
2015-09-11,0,-0,0
2015-09-14,0,-0,0
2015-09-15,0,-0,0
2015-09-16,0,-0,0
2015-09-17,0,-0,0
2015-09-18,0,-0,0
2015-09-21,1,-6.430636723253,6.3986
2015-09-22,1,-6.4603191030093,6.4166
2015-09-23,1,-6.46306205748561,6.4386
2015-09-24,1,-6.46289805169184,6.4163
2015-09-25,1,-6.4444297486381,6.397
2015-09-28,1,-6.42254308420776,6.358
2015-09-29,1,-6.38255538670912,6.3441
2015-09-30,0,-0,0
2015-10-01,0,-0,0
2015-10-02,0,-0,0
2015-10-05,-1,6.2981962830692,-6.3491
2015-10-06,0,-0,0
2015-10-07,0,-0,0
2015-10-08,-1,6.30539439745179,-6.3419
2015-10-09,-1,6.30029807140927,-6.3369
2015-10-12,0,-0,0
2015-10-13,0,-0,0
2015-10-14,0,-0,0
2015-10-15,-1,6.26768984664014,-6.3498
2015-10-16,-1,6.32881851489506,-6.3645
2015-10-19,0,-0,0
2015-10-20,0,-0,0
2015-10-21,0,-0,0
2015-10-22,0,-0,0
2015-10-23,0,-0,0
2015-10-26,0,-0,0
2015-10-27,0,-0,0
2015-10-28,0,-0,0
2015-10-29,1,-6.37612314952098,6.3495
2015-10-30,1,-6.3478332495455,6.3215
2015-11-02,0,-0,0
2015-11-03,0,-0,0
2015-11-04,0,-0,0
2015-11-05,0,-0,0
2015-11-06,0,-0,0
2015-11-09,0,-0,0
2015-11-10,0,-0,0
2015-11-11,0,-0,0
2015-11-12,0,-0,0
2015-11-13,0,-0,0
2015-11-16,0,-0,0
2015-11-17,0,-0,0
2015-11-18,0,-0,0
2015-11-19,-1,6.35497870308329,-6.4036
2015-11-20,-1,6.37530524966832,-6.4207
2015-11-23,0,-0,0
2015-11-24,-1,6.38453200652996,-6.4273
2015-11-25,0,-0,0
2015-11-26,0,-0,0
2015-11-27,0,-0,0
2015-11-30,0,-0,0
2015-12-01,0,-0,0
2015-12-02,0,-0,0
2015-12-03,0,-0,0
2015-12-04,0,-0,0
2015-12-07,0,-0,0
2015-12-08,0,-0,0
2015-12-09,0,-0,0
2015-12-10,-1,6.4577125242519,-6.4971
2015-12-11,0,-0,0
2015-12-14,-1,6.50464724975105,-6.5536
2015-12-15,-1,6.4922214260688,-6.54
2015-12-16,0,-0,0
2015-12-17,0,-0,0
2015-12-18,0,-0,0
2015-12-21,0,-0,0
2015-12-22,0,-0,0
2015-12-23,0,-0,0
2015-12-24,0,-0,0
2015-12-25,0,-0,0
2015-12-28,0,-0,0
2015-12-29,0,-0,0
2015-12-30,0,-0,0
2015-12-31,0,-0,0
2016-01-01,0,-0,0
2016-01-04,0,-0,0
2016-01-05,0,-0,0
2016-01-06,-1,6.65804468860217,-6.696
2016-01-07,0,-0,0
2016-01-08,0,-0,0
2016-01-11,1,-6.64324513206187,6.5842
2016-01-12,1,-6.63476531192055,6.5785
2016-01-13,1,-6.61064593737436,6.5671
2016-01-14,0,-0,0
2016-01-15,0,-0,0
2016-01-18,1,-6.62652064475648,6.5844
2016-01-19,1,-6.6145279350005,6.591
2016-01-20,1,-6.62400993270632,6.6032
2016-01-21,0,-0,0
2016-01-22,0,-0,0
2016-01-25,0,-0,0
2016-01-26,0,-0,0
2016-01-27,0,-0,0
2016-01-28,0,-0,0
2016-01-29,0,-0,0
2016-02-01,-1,6.58016345809716,-6.6203
2016-02-02,0,-0,0
2016-02-03,0,-0,0
2016-02-04,0,-0,0
2016-02-05,0,-0,0
2016-02-08,1,-6.59161868350783,6.5723
2016-02-09,0,-0,0
2016-02-10,-1,6.50771459402312,-6.5463
2016-02-11,0,-0,0
2016-02-12,0,-0,0
2016-02-15,1,-6.52631603669468,6.5015
2016-02-16,1,-6.53835867193404,6.5185
2016-02-17,0,-0,0
2016-02-18,0,-0,0
2016-02-19,0,-0,0
2016-02-22,0,-0,0
2016-02-23,0,-0,0
2016-02-24,0,-0,0
2016-02-25,0,-0,0
2016-02-26,0,-0,0
2016-02-29,0,-0,0
2016-03-01,-1,6.50070444161215,-6.55
2016-03-02,0,-0,0
2016-03-03,0,-0,0
2016-03-04,-1,6.4369263191701,-6.5015
2016-03-07,-1,6.47146807911843,-6.5075
2016-03-08,0,-0,0
2016-03-09,0,-0,0
2016-03-10,0,-0,0
2016-03-11,0,-0,0
2016-03-14,0,-0,0
2016-03-15,0,-0,0
2016-03-16,0,-0,0
2016-03-17,0,-0,0
2016-03-18,0,-0,0
2016-03-21,0,-0,0
2016-03-22,-1,6.45647527006894,-6.4936
2016-03-23,0,-0,0
2016-03-24,0,-0,0
2016-03-25,0,-0,0
2016-03-28,0,-0,0
2016-03-29,0,-0,0
2016-03-30,-1,6.43894345168916,-6.4745
2016-03-31,0,-0,0
2016-04-01,0,-0,0
2016-04-04,0,-0,0
2016-04-05,0,-0,0
2016-04-06,0,-0,0
2016-04-07,0,-0,0
2016-04-08,0,-0,0
2016-04-11,0,-0,0
2016-04-12,0,-0,0
2016-04-13,0,-0,0
2016-04-14,0,-0,0
2016-04-15,0,-0,0
2016-04-18,0,-0,0
2016-04-19,0,-0,0
2016-04-20,0,-0,0
2016-04-21,0,-0,0
2016-04-22,0,-0,0
2016-04-25,0,-0,0
2016-04-26,0,-0,0
2016-04-27,0,-0,0
2016-04-28,0,-0,0
2016-04-29,0,-0,0
2016-05-02,0,-0,0
2016-05-03,0,-0,0
2016-05-04,0,-0,0
2016-05-05,0,-0,0
2016-05-06,0,-0,0
2016-05-09,0,-0,0
2016-05-10,0,-0,0
2016-05-11,0,-0,0
2016-05-12,0,-0,0
2016-05-13,0,-0,0
2016-05-16,0,-0,0
2016-05-17,0,-0,0
2016-05-18,0,-0,0
2016-05-19,0,-0,0
2016-05-20,0,-0,0
2016-05-23,0,-0,0
2016-05-24,0,-0,0
2016-05-25,0,-0,0
2016-05-26,0,-0,0
2016-05-27,0,-0,0
2016-05-30,0,-0,0
2016-05-31,0,-0,0
2016-06-01,0,-0,0
2016-06-02,0,-0,0
2016-06-03,0,-0,0
2016-06-06,-1,6.5245824423396,-6.5673
2016-06-07,-1,6.52009076056961,-6.5756
2016-06-08,-1,6.53045037314073,-6.5667
2016-06-09,0,-0,0
2016-06-10,0,-0,0
2016-06-13,0,-0,0
2016-06-14,0,-0,0
2016-06-15,0,-0,0
2016-06-16,0,-0,0
2016-06-17,0,-0,0
2016-06-20,0,-0,0
2016-06-21,0,-0,0
2016-06-22,0,-0,0
2016-06-23,-1,6.53244457324796,-6.5851
2016-06-24,0,-0,0
2016-06-27,0,-0,0
2016-06-28,-1,6.63972714986585,-6.6843
2016-06-29,0,-0,0
2016-06-30,-1,6.62750831779898,-6.6692
2016-07-01,-1,6.64052749603786,-6.6773
2016-07-04,0,-0,0
2016-07-05,0,-0,0
2016-07-06,0,-0,0
2016-07-07,0,-0,0
2016-07-08,0,-0,0
2016-07-11,-1,6.6690075767066,-6.706
2016-07-12,0,-0,0
2016-07-13,0,-0,0
2016-07-14,-1,6.65041515519101,-6.6928
2016-07-15,-1,6.65002352174054,-6.71
2016-07-18,-1,6.66826657490428,-6.7094
2016-07-19,0,-0,0
2016-07-20,0,-0,0
2016-07-21,0,-0,0
2016-07-22,0,-0,0
2016-07-25,0,-0,0
2016-07-26,0,-0,0
2016-07-27,0,-0,0
2016-07-28,0,-0,0
2016-07-29,0,-0,0
2016-08-01,-1,6.58309226497264,-6.646
2016-08-02,0,-0,0
2016-08-03,0,-0,0
2016-08-04,0,-0,0
2016-08-05,-1,6.6161853123718,-6.6659
2016-08-08,-1,6.60648603403526,-6.6684
2016-08-09,-1,6.60882209968194,-6.662
2016-08-10,-1,6.56815897061622,-6.643
2016-08-11,0,-0,0
2016-08-12,0,-0,0
2016-08-15,0,-0,0
2016-08-16,0,-0,0
2016-08-17,0,-0,0
2016-08-18,0,-0,0
2016-08-19,0,-0,0
2016-08-22,1,-6.69343480192375,6.6612
2016-08-23,1,-6.68504769629059,6.6575
2016-08-24,0,-0,0
2016-08-25,0,-0,0
2016-08-26,0,-0,0
2016-08-29,0,-0,0
2016-08-30,0,-0,0
2016-08-31,0,-0,0
2016-09-01,0,-0,0
2016-09-02,0,-0,0
2016-09-05,-1,6.63430249310112,-6.6916
2016-09-06,-1,6.60382642937205,-6.6745
2016-09-07,-1,6.63344927674253,-6.6709
2016-09-08,0,-0,0
2016-09-09,0,-0,0
2016-09-12,1,-6.70523819413998,6.6848
2016-09-13,1,-6.72840033544558,6.691
2016-09-14,1,-6.68542937173969,6.6675
2016-09-15,0,-0,0
2016-09-16,0,-0,0
2016-09-19,-1,6.62342061474016,-6.6664
2016-09-20,-1,6.62172204420106,-6.6813
2016-09-21,-1,6.60415967906654,-6.6685
2016-09-22,0,-0,0
2016-09-23,0,-0,0
2016-09-26,0,-0,0
2016-09-27,0,-0,0
2016-09-28,0,-0,0
2016-09-29,0,-0,0
2016-09-30,0,-0,0
2016-10-03,0,-0,0
2016-10-04,0,-0,0
2016-10-05,0,-0,0
2016-10-06,0,-0,0
2016-10-07,0,-0,0
2016-10-10,0,-0,0
2016-10-11,0,-0,0
2016-10-12,0,-0,0
2016-10-13,0,-0,0
2016-10-14,0,-0,0
2016-10-17,0,-0,0
2016-10-18,-1,6.70504576488523,-6.7431
2016-10-19,-1,6.70044980403539,-6.739
2016-10-20,0,-0,0
2016-10-21,0,-0,0
2016-10-24,0,-0,0
2016-10-25,-1,6.73046909870986,-6.7752
2016-10-26,0,-0,0
2016-10-27,0,-0,0
2016-10-28,0,-0,0
2016-10-31,0,-0,0
2016-11-01,0,-0,0
2016-11-02,0,-0,0
2016-11-03,0,-0,0
2016-11-04,0,-0,0
2016-11-07,0,-0,0
2016-11-08,-1,6.74010873653111,-6.796
2016-11-09,0,-0,0
2016-11-10,0,-0,0
2016-11-11,1,-6.8575666041031,6.8235
2016-11-14,0,-0,0
2016-11-15,0,-0,0
2016-11-16,-1,6.84560634816321,-6.8899
2016-11-17,0,-0,0
2016-11-18,0,-0,0
2016-11-21,0,-0,0
2016-11-22,-1,6.85990759802772,-6.913
2016-11-23,-1,6.90518183457854,-6.9543
2016-11-24,0,-0,0
2016-11-25,-1,6.90773515491759,-6.9456
2016-11-28,0,-0,0
2016-11-29,0,-0,0
2016-11-30,0,-0,0
2016-12-01,1,-6.90457320308382,6.8804
2016-12-02,1,-6.88948885686709,6.8725
2016-12-05,1,-6.90420756661999,6.8571
2016-12-06,0,-0,0
2016-12-07,-1,6.84843968679345,-6.8967
2016-12-08,-1,6.86526188670719,-6.9127
2016-12-09,0,-0,0
2016-12-12,0,-0,0
2016-12-13,0,-0,0
2016-12-14,0,-0,0
2016-12-15,0,-0,0
2016-12-16,0,-0,0
2016-12-19,0,-0,0
2016-12-20,0,-0,0
2016-12-21,0,-0,0
2016-12-22,0,-0,0
2016-12-23,0,-0,0
2016-12-26,0,-0,0
2016-12-27,0,-0,0
2016-12-28,0,-0,0
2016-12-29,0,-0,0
2016-12-30,0,-0,0
2017-01-02,0,-0,0
2017-01-03,0,-0,0
2017-01-04,1,-6.91270354331965,6.8665
2017-01-05,1,-6.81054152710866,6.7883
2017-01-06,0,-0,0
2017-01-09,0,-0,0
2017-01-10,-1,6.85407349888735,-6.9109
2017-01-11,-1,6.82919474207057,-6.8872
2017-01-12,-1,6.81202519056817,-6.8606
2017-01-13,0,-0,0
2017-01-16,0,-0,0
2017-01-17,0,-0,0
2017-01-18,0,-0,0
2017-01-19,0,-0,0
2017-01-20,0,-0,0
2017-01-23,0,-0,0
2017-01-24,0,-0,0
2017-01-25,-1,6.7871128472208,-6.8265
2017-01-26,0,-0,0
2017-01-27,0,-0,0
2017-01-30,-1,6.81868807905514,-6.8581
2017-01-31,-1,6.78738669055919,-6.8274
2017-02-01,0,-0,0
2017-02-02,0,-0,0
2017-02-03,-1,6.73971519628528,-6.801
2017-02-06,-1,6.75996871072152,-6.8003
2017-02-07,0,-0,0
2017-02-08,0,-0,0
2017-02-09,-1,6.82088044216628,-6.8636
2017-02-10,-1,6.81760193739646,-6.8655
2017-02-13,-1,6.82794337417057,-6.8728
2017-02-14,-1,6.80208290660672,-6.8579
2017-02-15,0,-0,0
2017-02-16,0,-0,0
2017-02-17,0,-0,0
2017-02-20,0,-0,0
2017-02-21,0,-0,0
2017-02-22,0,-0,0
2017-02-23,0,-0,0
2017-02-24,0,-0,0
2017-02-27,0,-0,0
2017-02-28,0,-0,0
2017-03-01,0,-0,0
2017-03-02,0,-0,0
2017-03-03,0,-0,0
2017-03-06,0,-0,0
2017-03-07,0,-0,0
2017-03-08,0,-0,0
2017-03-09,0,-0,0
2017-03-10,1,-6.90781331715771,6.8858
2017-03-13,0,-0,0
2017-03-14,0,-0,0
2017-03-15,-1,6.79760539382996,-6.848
2017-03-16,-1,6.81415259682698,-6.8703
2017-03-17,-1,6.83501370671286,-6.8867
2017-03-20,-1,6.82127639282759,-6.889
2017-03-21,0,-0,0
2017-03-22,0,-0,0
2017-03-23,0,-0,0
2017-03-24,0,-0,0
2017-03-27,-1,6.81653229997162,-6.8555
2017-03-28,-1,6.83142691200751,-6.8729
2017-03-29,-1,6.82310867116981,-6.8668
2017-03-30,0,-0,0
2017-03-31,0,-0,0
2017-04-03,0,-0,0
2017-04-04,0,-0,0
2017-04-05,0,-0,0
2017-04-06,0,-0,0
2017-04-07,0,-0,0
2017-04-10,0,-0,0
2017-04-11,0,-0,0
2017-04-12,0,-0,0
2017-04-13,-1,6.84613350445511,-6.8853
2017-04-14,0,-0,0
2017-04-17,0,-0,0
2017-04-18,0,-0,0
2017-04-19,0,-0,0
2017-04-20,0,-0,0
2017-04-21,0,-0,0
2017-04-24,0,-0,0
2017-04-25,-1,6.83689860595334,-6.8885
2017-04-26,-1,6.84678335730762,-6.897
2017-04-27,0,-0,0
2017-04-28,0,-0,0
2017-05-01,0,-0,0
2017-05-02,0,-0,0
2017-05-03,0,-0,0
2017-05-04,0,-0,0
2017-05-05,0,-0,0
2017-05-08,0,-0,0
2017-05-09,0,-0,0
2017-05-10,0,-0,0
2017-05-11,0,-0,0
2017-05-12,0,-0,0
2017-05-15,0,-0,0
2017-05-16,0,-0,0
2017-05-17,0,-0,0
2017-05-18,0,-0,0
2017-05-19,0,-0,0
2017-05-22,0,-0,0
2017-05-23,0,-0,0
2017-05-24,0,-0,0
2017-05-25,0,-0,0
2017-05-26,1,-6.84775879078023,6.8212
2017-05-29,1,-6.85262265166238,6.8217
2017-05-30,0,-0,0
2017-05-31,1,-6.79836649299923,6.7467
2017-06-01,1,-6.78481345510584,6.7503
2017-06-02,0,-0,0
2017-06-05,0,-0,0
2017-06-06,0,-0,0
2017-06-07,0,-0,0
2017-06-08,0,-0,0
2017-06-09,0,-0,0
2017-06-12,0,-0,0
2017-06-13,0,-0,0
2017-06-14,0,-0,0
2017-06-15,0,-0,0
2017-06-16,0,-0,0
2017-06-19,0,-0,0
2017-06-20,0,-0,0
2017-06-21,0,-0,0
2017-06-22,0,-0,0
2017-06-23,0,-0,0
2017-06-26,-1,6.81406296375148,-6.8575
2017-06-27,0,-0,0
2017-06-28,1,-6.82056437094984,6.8037
2017-06-29,0,-0,0
2017-06-30,1,-6.80166512641641,6.7807
2017-07-03,1,-6.81431924841304,6.7973
2017-07-04,0,-0,0
2017-07-05,0,-0,0
2017-07-06,0,-0,0
2017-07-07,0,-0,0
2017-07-10,0,-0,0
2017-07-11,0,-0,0
2017-07-12,0,-0,0
2017-07-13,0,-0,0
2017-07-14,0,-0,0
2017-07-17,0,-0,0
2017-07-18,0,-0,0
2017-07-19,0,-0,0
2017-07-20,0,-0,0
2017-07-21,0,-0,0
2017-07-24,0,-0,0
2017-07-25,0,-0,0
2017-07-26,0,-0,0
2017-07-27,0,-0,0
2017-07-28,0,-0,0
2017-07-31,0,-0,0
2017-08-01,0,-0,0
2017-08-02,0,-0,0
2017-08-03,0,-0,0
2017-08-04,0,-0,0
2017-08-07,0,-0,0
2017-08-08,0,-0,0
2017-08-09,0,-0,0
2017-08-10,1,-6.71261316969964,6.6671
2017-08-11,1,-6.70033933357463,6.6733
2017-08-14,0,-0,0
2017-08-15,0,-0,0
2017-08-16,0,-0,0
2017-08-17,0,-0,0
2017-08-18,0,-0,0
2017-08-21,0,-0,0
2017-08-22,0,-0,0
2017-08-23,0,-0,0
2017-08-24,0,-0,0
2017-08-25,0,-0,0
2017-08-28,0,-0,0
2017-08-29,1,-6.62693535626523,6.608
2017-08-30,0,-0,0
2017-08-31,0,-0,0
2017-09-01,1,-6.58222531639282,6.5615
2017-09-04,1,-6.56088200402673,6.5291
2017-09-05,0,-0,0
2017-09-06,0,-0,0
2017-09-07,1,-6.50697319631503,6.4852
2017-09-08,0,-0,0
2017-09-11,0,-0,0
2017-09-12,0,-0,0
2017-09-13,0,-0,0
2017-09-14,0,-0,0
2017-09-15,0,-0,0
2017-09-18,0,-0,0
2017-09-19,0,-0,0
2017-09-20,0,-0,0
2017-09-21,0,-0,0
2017-09-22,0,-0,0
2017-09-25,0,-0,0
2017-09-26,0,-0,0
2017-09-27,0,-0,0
2017-09-28,0,-0,0
2017-09-29,0,-0,0
2017-10-02,0,-0,0
2017-10-03,0,-0,0
2017-10-04,0,-0,0
2017-10-05,0,-0,0
2017-10-06,0,-0,0
2017-10-09,0,-0,0
2017-10-10,1,-6.60943376229607,6.5667
2017-10-11,0,-0,0
2017-10-12,0,-0,0
2017-10-13,0,-0,0
2017-10-16,0,-0,0
2017-10-17,0,-0,0
2017-10-18,0,-0,0
2017-10-19,0,-0,0
2017-10-20,0,-0,0
2017-10-23,0,-0,0
2017-10-24,0,-0,0
2017-10-25,0,-0,0
2017-10-26,0,-0,0
2017-10-27,0,-0,0
2017-10-30,0,-0,0
2017-10-31,0,-0,0
2017-11-01,0,-0,0
2017-11-02,0,-0,0
2017-11-03,0,-0,0
2017-11-06,0,-0,0
2017-11-07,0,-0,0
2017-11-08,0,-0,0
2017-11-09,0,-0,0
2017-11-10,0,-0,0
2017-11-13,0,-0,0
2017-11-14,0,-0,0
2017-11-15,0,-0,0
2017-11-16,0,-0,0
2017-11-17,0,-0,0
2017-11-20,0,-0,0
2017-11-21,0,-0,0
2017-11-22,0,-0,0
2017-11-23,1,-6.59589032274713,6.5791
2017-11-24,0,-0,0
2017-11-27,0,-0,0
2017-11-28,0,-0,0
2017-11-29,0,-0,0
2017-11-30,0,-0,0
2017-12-01,0,-0,0
2017-12-04,0,-0,0
2017-12-05,0,-0,0
2017-12-06,0,-0,0
2017-12-07,0,-0,0
2017-12-08,0,-0,0
2017-12-11,0,-0,0
2017-12-12,0,-0,0
2017-12-13,0,-0,0
2017-12-14,0,-0,0
2017-12-15,0,-0,0
2017-12-18,0,-0,0
2017-12-19,0,-0,0
2017-12-20,1,-6.58668440237679,6.5648
2017-12-21,0,-0,0
2017-12-22,0,-0,0
2017-12-25,0,-0,0
2017-12-26,0,-0,0
2017-12-27,0,-0,0
2017-12-28,0,-0,0
2017-12-29,0,-0,0
2018-01-01,0,-0,0
2018-01-02,0,-0,0
2018-01-03,0,-0,0
2018-01-04,0,-0,0
2018-01-05,0,-0,0
2018-01-08,0,-0,0
2018-01-09,-1,6.49035488920551,-6.535
2018-01-10,0,-0,0
2018-01-11,0,-0,0
2018-01-12,1,-6.48790149694474,6.4601
2018-01-15,1,-6.45834133780363,6.4305
2018-01-16,0,-0,0
2018-01-17,0,-0,0
2018-01-18,0,-0,0
2018-01-19,0,-0,0
2018-01-22,0,-0,0
2018-01-23,0,-0,0
2018-01-24,0,-0,0
2018-01-25,0,-0,0
2018-01-26,0,-0,0
2018-01-29,0,-0,0
2018-01-30,1,-6.34614091618847,6.3298
2018-01-31,1,-6.32126452489823,6.2992
2018-02-01,1,-6.30985081986791,6.291
2018-02-02,1,-6.33663515266935,6.3129
2018-02-05,1,-6.33730235989506,6.312
2018-02-06,0,-0,0
2018-02-07,0,-0,0
2018-02-08,0,-0,0
2018-02-09,0,-0,0
2018-02-12,0,-0,0
2018-02-13,0,-0,0
2018-02-14,-1,6.27003822728334,-6.3125
2018-02-15,0,-0,0
2018-02-16,0,-0,0
2018-02-19,0,-0,0
2018-02-20,0,-0,0
2018-02-21,0,-0,0
2018-02-22,0,-0,0
2018-02-23,0,-0,0
2018-02-26,0,-0,0
2018-02-27,0,-0,0
2018-02-28,0,-0,0
2018-03-01,0,-0,0
2018-03-02,0,-0,0
2018-03-05,0,-0,0
2018-03-06,0,-0,0
2018-03-07,0,-0,0
2018-03-08,0,-0,0
2018-03-09,0,-0,0
2018-03-12,0,-0,0
2018-03-13,0,-0,0
2018-03-14,0,-0,0
2018-03-15,0,-0,0
2018-03-16,0,-0,0
2018-03-19,0,-0,0
2018-03-20,0,-0,0
2018-03-21,0,-0,0
2018-03-22,0,-0,0
2018-03-23,0,-0,0
2018-03-26,1,-6.28055975489652,6.2542
2018-03-27,1,-6.29060436685873,6.2652
2018-03-28,0,-0,0
2018-03-29,0,-0,0
2018-03-30,0,-0,0
2018-04-02,0,-0,0
2018-04-03,0,-0,0
2018-04-04,0,-0,0
2018-04-05,0,-0,0
2018-04-06,0,-0,0
2018-04-09,0,-0,0
2018-04-10,0,-0,0
2018-04-11,0,-0,0
2018-04-12,0,-0,0
2018-04-13,0,-0,0
2018-04-16,0,-0,0
2018-04-17,0,-0,0
2018-04-18,0,-0,0
2018-04-19,0,-0,0
2018-04-20,0,-0,0
2018-04-23,0,-0,0
2018-04-24,0,-0,0
2018-04-25,0,-0,0
2018-04-26,0,-0,0
2018-04-27,0,-0,0
2018-04-30,0,-0,0
2018-05-01,0,-0,0
2018-05-02,0,-0,0
2018-05-03,0,-0,0
2018-05-04,0,-0,0
2018-05-07,0,-0,0
2018-05-08,0,-0,0
2018-05-09,0,-0,0
2018-05-10,0,-0,0
2018-05-11,0,-0,0
2018-05-14,0,-0,0
2018-05-15,0,-0,0
2018-05-16,0,-0,0
2018-05-17,0,-0,0
2018-05-18,0,-0,0
2018-05-21,0,-0,0
2018-05-22,0,-0,0
2018-05-23,0,-0,0
2018-05-24,0,-0,0
2018-05-25,0,-0,0
2018-05-28,0,-0,0
2018-05-29,0,-0,0
2018-05-30,0,-0,0
2018-05-31,0,-0,0
2018-06-01,-1,6.36569481918936,-6.4113
2018-06-04,-1,6.36158453714993,-6.4052
2018-06-05,0,-0,0
2018-06-06,0,-0,0
2018-06-07,0,-0,0
2018-06-08,0,-0,0
2018-06-11,0,-0,0
2018-06-12,0,-0,0
2018-06-13,0,-0,0
2018-06-14,0,-0,0
2018-06-15,0,-0,0
2018-06-18,0,-0,0
2018-06-19,0,-0,0
2018-06-20,0,-0,0
2018-06-21,0,-0,0
2018-06-22,0,-0,0
2018-06-25,0,-0,0
2018-06-26,-1,6.53275474593751,-6.5822
2018-06-27,-1,6.56907749381455,-6.6177
2018-06-28,-1,6.59057951834556,-6.6349
2018-06-29,-1,6.58468414256256,-6.6353
2018-07-02,-1,6.6185056227699,-6.6853
2018-07-03,0,-0,0
2018-07-04,0,-0,0
2018-07-05,0,-0,0
2018-07-06,-1,6.62400301330786,-6.6639
2018-07-09,0,-0,0
2018-07-10,0,-0,0
2018-07-11,0,-0,0
2018-07-12,0,-0,0
2018-07-13,0,-0,0
2018-07-16,0,-0,0
2018-07-17,0,-0,0
2018-07-18,0,-0,0
2018-07-19,-1,6.7408247446564,-6.7907
2018-07-20,-1,6.73423085731706,-6.7783
2018-07-23,-1,6.75547156149872,-6.806
2018-07-24,-1,6.76555992680585,-6.8108
2018-07-25,0,-0,0
2018-07-26,-1,6.77860698094181,-6.8267
2018-07-27,-1,6.78155564252124,-6.8243
2018-07-30,0,-0,0
2018-07-31,0,-0,0
2018-08-01,0,-0,0
2018-08-02,-1,6.83759068539596,-6.8816
2018-08-03,0,-0,0
2018-08-06,0,-0,0
2018-08-07,0,-0,0
2018-08-08,0,-0,0
2018-08-09,0,-0,0
2018-08-10,0,-0,0
2018-08-13,0,-0,0
2018-08-14,0,-0,0
2018-08-15,-1,6.90304524285282,-6.9459
2018-08-16,0,-0,0
2018-08-17,0,-0,0
2018-08-20,0,-0,0
2018-08-21,0,-0,0
2018-08-22,0,-0,0
2018-08-23,0,-0,0
2018-08-24,1,-6.82491794819887,6.8048
2018-08-27,1,-6.81554243853151,6.795
2018-08-28,0,-0,0
2018-08-29,0,-0,0
2018-08-30,0,-0,0
2018-08-31,0,-0,0
2018-09-03,0,-0,0
2018-09-04,0,-0,0
2018-09-05,0,-0,0
2018-09-06,0,-0,0
2018-09-07,0,-0,0
2018-09-10,0,-0,0
2018-09-11,0,-0,0
2018-09-12,0,-0,0
2018-09-13,0,-0,0
2018-09-14,0,-0,0
2018-09-17,0,-0,0
2018-09-18,0,-0,0
2018-09-19,0,-0,0
2018-09-20,0,-0,0
2018-09-21,0,-0,0
2018-09-24,0,-0,0
2018-09-25,0,-0,0
2018-09-26,0,-0,0
2018-09-27,-1,6.83232127222867,-6.8877
2018-09-28,-1,6.82747514364097,-6.8754
2018-10-01,0,-0,0
2018-10-02,0,-0,0
2018-10-03,0,-0,0
2018-10-04,0,-0,0
2018-10-05,1,-6.91314744756712,6.8946
2018-10-08,0,-0,0
2018-10-09,0,-0,0
2018-10-10,0,-0,0
2018-10-11,1,-6.89543417319471,6.8787
2018-10-12,0,-0,0
2018-10-15,0,-0,0
2018-10-16,0,-0,0
2018-10-17,0,-0,0
2018-10-18,0,-0,0
2018-10-19,0,-0,0
2018-10-22,0,-0,0
2018-10-23,0,-0,0
2018-10-24,0,-0,0
2018-10-25,0,-0,0
2018-10-26,0,-0,0
2018-10-29,0,-0,0
2018-10-30,0,-0,0
2018-10-31,0,-0,0
2018-11-01,0,-0,0
2018-11-02,0,-0,0
2018-11-05,0,-0,0
2018-11-06,0,-0,0
2018-11-07,0,-0,0
2018-11-08,0,-0,0
2018-11-09,0,-0,0
2018-11-12,0,-0,0
2018-11-13,0,-0,0
2018-11-14,0,-0,0
2018-11-15,0,-0,0
2018-11-16,0,-0,0
2018-11-19,0,-0,0
2018-11-20,0,-0,0
2018-11-21,0,-0,0
2018-11-22,0,-0,0
2018-11-23,0,-0,0
2018-11-26,0,-0,0
2018-11-27,0,-0,0
2018-11-28,0,-0,0
2018-11-29,0,-0,0
2018-11-30,0,-0,0
2018-12-03,0,-0,0
2018-12-04,1,-6.88959421300525,6.8494
2018-12-05,1,-6.88298141556654,6.8594
2018-12-06,0,-0,0
2018-12-07,0,-0,0
2018-12-10,0,-0,0
2018-12-11,0,-0,0
2018-12-12,0,-0,0
2018-12-13,0,-0,0
2018-12-14,0,-0,0
2018-12-17,0,-0,0
2018-12-18,0,-0,0
2018-12-19,0,-0,0
2018-12-20,0,-0,0
2018-12-21,0,-0,0
2018-12-24,0,-0,0
2018-12-25,0,-0,0
2018-12-26,0,-0,0
2018-12-27,0,-0,0
2018-12-28,-1,6.8400841737336,-6.8819
2018-12-31,0,-0,0
2019-01-01,0,-0,0
2019-01-02,0,-0,0
2019-01-03,1,-6.90622687747346,6.883
2019-01-04,0,-0,0
2019-01-07,1,-6.86738320898621,6.8464
2019-01-08,0,-0,0
2019-01-09,1,-6.83823125924112,6.8126
2019-01-10,1,-6.82463301476586,6.7935
2019-01-11,1,-6.80493164918473,6.7605
2019-01-14,1,-6.79933374435063,6.763
2019-01-15,0,-0,0
2019-01-16,0,-0,0
2019-01-17,0,-0,0
2019-01-18,0,-0,0
2019-01-21,0,-0,0
2019-01-22,0,-0,0
2019-01-23,0,-0,0
2019-01-24,0,-0,0
2019-01-25,0,-0,0
2019-01-28,0,-0,0
2019-01-29,0,-0,0
2019-01-30,0,-0,0
2019-01-31,0,-0,0
2019-02-01,0,-0,0
2019-02-04,0,-0,0
2019-02-05,0,-0,0
2019-02-06,0,-0,0
2019-02-07,0,-0,0
2019-02-08,0,-0,0
2019-02-11,0,-0,0
2019-02-12,0,-0,0
2019-02-13,0,-0,0
2019-02-14,0,-0,0
2019-02-15,0,-0,0
2019-02-18,0,-0,0
2019-02-19,0,-0,0
2019-02-20,1,-6.74045422881674,6.7186
2019-02-21,0,-0,0
2019-02-22,0,-0,0
2019-02-25,1,-6.70191039523154,6.6834
2019-02-26,0,-0,0
2019-02-27,0,-0,0
2019-02-28,0,-0,0
2019-03-01,0,-0,0
2019-03-04,0,-0,0
2019-03-05,0,-0,0
2019-03-06,0,-0,0
2019-03-07,0,-0,0
2019-03-08,0,-0,0
2019-03-11,0,-0,0
2019-03-12,0,-0,0
2019-03-13,0,-0,0
2019-03-14,0,-0,0
2019-03-15,0,-0,0
2019-03-18,0,-0,0
2019-03-19,0,-0,0
2019-03-20,0,-0,0
2019-03-21,0,-0,0
2019-03-22,0,-0,0
2019-03-25,0,-0,0
2019-03-26,0,-0,0
2019-03-27,0,-0,0
2019-03-28,0,-0,0
2019-03-29,0,-0,0
2019-04-01,0,-0,0
2019-04-02,0,-0,0
2019-04-03,0,-0,0
2019-04-04,0,-0,0
2019-04-05,0,-0,0
2019-04-08,0,-0,0
2019-04-09,0,-0,0
2019-04-10,0,-0,0
2019-04-11,0,-0,0
2019-04-12,0,-0,0
2019-04-15,0,-0,0
2019-04-16,0,-0,0
2019-04-17,0,-0,0
2019-04-18,0,-0,0
2019-04-19,0,-0,0
2019-04-22,0,-0,0
2019-04-23,0,-0,0
2019-04-24,0,-0,0
2019-04-25,0,-0,0
2019-04-26,0,-0,0
2019-04-29,0,-0,0
2019-04-30,0,-0,0
2019-05-01,0,-0,0
2019-05-02,0,-0,0
2019-05-03,0,-0,0
2019-05-06,0,-0,0
2019-05-07,-1,6.75326933414382,-6.795
2019-05-08,-1,6.76732002297168,-6.8081
2019-05-09,-1,6.79099395041844,-6.8377
2019-05-10,-1,6.79339267339663,-6.8438
2019-05-13,-1,6.84813483369687,-6.9122
2019-05-14,0,-0,0
2019-05-15,-1,6.86143198038352,-6.9045
2019-05-16,0,-0,0
2019-05-17,0,-0,0
2019-05-20,0,-0,0
2019-05-21,0,-0,0
2019-05-22,0,-0,0
2019-05-23,1,-6.94374102995507,6.927
2019-05-24,0,-0,0
2019-05-27,0,-0,0
2019-05-28,0,-0,0
2019-05-29,0,-0,0
2019-05-30,0,-0,0
2019-05-31,0,-0,0
2019-06-03,0,-0,0
2019-06-04,0,-0,0
2019-06-05,0,-0,0
2019-06-06,0,-0,0
2019-06-07,0,-0,0
2019-06-10,0,-0,0
2019-06-11,0,-0,0
2019-06-12,0,-0,0
2019-06-13,0,-0,0
2019-06-14,0,-0,0
2019-06-17,0,-0,0
2019-06-18,0,-0,0
2019-06-19,0,-0,0
2019-06-20,0,-0,0
2019-06-21,0,-0,0
2019-06-24,0,-0,0
2019-06-25,0,-0,0
2019-06-26,0,-0,0
2019-06-27,0,-0,0
2019-06-28,0,-0,0
2019-07-01,0,-0,0
2019-07-02,0,-0,0
2019-07-03,0,-0,0
2019-07-04,0,-0,0
2019-07-05,0,-0,0
2019-07-08,0,-0,0
2019-07-09,0,-0,0
2019-07-10,0,-0,0
2019-07-11,0,-0,0
2019-07-12,0,-0,0
2019-07-15,0,-0,0
2019-07-16,0,-0,0
2019-07-17,0,-0,0
2019-07-18,0,-0,0
2019-07-19,0,-0,0
2019-07-22,0,-0,0
2019-07-23,0,-0,0
2019-07-24,0,-0,0
2019-07-25,0,-0,0
2019-07-26,0,-0,0
2019-07-29,0,-0,0
2019-07-30,0,-0,0
2019-07-31,0,-0,0
2019-08-01,0,-0,0
2019-08-02,0,-0,0
2019-08-05,-1,7.03254264245348,-7.0991
2019-08-06,-1,6.99976475725962,-7.0539
2019-08-07,-1,7.01437921739991,-7.0841
2019-08-08,-1,7.00525996747375,-7.0773
2019-08-09,-1,7.03998569968255,-7.0977
2019-08-12,0,-0,0
2019-08-13,0,-0,0
2019-08-14,0,-0,0
2019-08-15,0,-0,0
2019-08-16,0,-0,0
2019-08-19,0,-0,0
2019-08-20,0,-0,0
2019-08-21,0,-0,0
2019-08-22,0,-0,0
2019-08-23,-1,7.08840403423817,-7.1351
2019-08-26,-1,7.09965618273531,-7.168
2019-08-27,-1,7.11875974049821,-7.1666
2019-08-28,-1,7.12767326580079,-7.17
2019-08-29,0,-0,0
2019-08-30,0,-0,0
2019-09-02,-1,7.14998806091312,-7.1925
2019-09-03,0,-0,0
2019-09-04,0,-0,0
2019-09-05,0,-0,0
2019-09-06,0,-0,0
2019-09-09,0,-0,0
2019-09-10,0,-0,0
2019-09-11,0,-0,0
2019-09-12,0,-0,0
2019-09-13,0,-0,0
2019-09-16,0,-0,0
2019-09-17,0,-0,0
2019-09-18,0,-0,0
2019-09-19,0,-0,0
2019-09-20,0,-0,0
2019-09-23,0,-0,0
2019-09-24,0,-0,0
2019-09-25,0,-0,0
2019-09-26,0,-0,0
2019-09-27,0,-0,0
2019-09-30,0,-0,0
2019-10-01,0,-0,0
2019-10-02,0,-0,0
2019-10-03,0,-0,0
2019-10-04,0,-0,0
2019-10-07,0,-0,0
2019-10-08,-1,7.10346522700627,-7.164
2019-10-09,-1,7.0978372403631,-7.1381
2019-10-10,0,-0,0
2019-10-11,0,-0,0
2019-10-14,0,-0,0
2019-10-15,0,-0,0
2019-10-16,0,-0,0
2019-10-17,0,-0,0
2019-10-18,0,-0,0
2019-10-21,0,-0,0
2019-10-22,0,-0,0
2019-10-23,0,-0,0
2019-10-24,0,-0,0
2019-10-25,0,-0,0
2019-10-28,0,-0,0
2019-10-29,0,-0,0
2019-10-30,0,-0,0
2019-10-31,0,-0,0
2019-11-01,0,-0,0
2019-11-04,0,-0,0
2019-11-05,0,-0,0
2019-11-06,0,-0,0
2019-11-07,0,-0,0
2019-11-08,0,-0,0
2019-11-11,0,-0,0
2019-11-12,0,-0,0
2019-11-13,0,-0,0
2019-11-14,0,-0,0
2019-11-15,0,-0,0
2019-11-18,0,-0,0
2019-11-19,0,-0,0
2019-11-20,0,-0,0
2019-11-21,0,-0,0
2019-11-22,0,-0,0
2019-11-25,0,-0,0
2019-11-26,0,-0,0
2019-11-27,0,-0,0
2019-11-28,0,-0,0
2019-11-29,0,-0,0
2019-12-02,0,-0,0
2019-12-03,-1,7.0284521577663,-7.0685
2019-12-04,0,-0,0
2019-12-05,0,-0,0
2019-12-06,0,-0,0
2019-12-09,0,-0,0
2019-12-10,0,-0,0
2019-12-11,0,-0,0
2019-12-12,1,-6.95967681449662,6.9432
2019-12-13,0,-0,0
2019-12-16,-1,6.9508074555572,-6.9915
2019-12-17,0,-0,0
2019-12-18,0,-0,0
2019-12-19,0,-0,0
2019-12-20,0,-0,0
2019-12-23,0,-0,0
2019-12-24,0,-0,0
2019-12-25,0,-0,0
2019-12-26,0,-0,0
2019-12-27,0,-0,0
2019-12-30,0,-0,0
2019-12-31,0,-0,0
2020-01-01,0,-0,0
2020-01-02,0,-0,0
2020-01-03,0,-0,0
2020-01-06,0,-0,0
2020-01-07,0,-0,0
2020-01-08,0,-0,0
2020-01-09,0,-0,0
2020-01-10,0,-0,0
2020-01-13,0,-0,0
2020-01-14,0,-0,0
2020-01-15,0,-0,0
2020-01-16,0,-0,0
2020-01-17,1,-6.88238316490506,6.8665
2020-01-20,0,-0,0
2020-01-21,0,-0,0
2020-01-22,0,-0,0
2020-01-23,0,-0,0
2020-01-24,0,-0,0
2020-01-27,0,-0,0
2020-01-28,0,-0,0
2020-01-29,0,-0,0
2020-01-30,0,-0,0
2020-01-31,0,-0,0
2020-02-03,0,-0,0
2020-02-04,0,-0,0
2020-02-05,0,-0,0
2020-02-06,0,-0,0
2020-02-07,0,-0,0
2020-02-10,0,-0,0
2020-02-11,0,-0,0
2020-02-12,0,-0,0
2020-02-13,0,-0,0
2020-02-14,0,-0,0
2020-02-17,0,-0,0
2020-02-18,0,-0,0
2020-02-19,0,-0,0
2020-02-20,0,-0,0
2020-02-21,0,-0,0
2020-02-24,0,-0,0
2020-02-25,0,-0,0
2020-02-26,0,-0,0
2020-02-27,0,-0,0
2020-02-28,0,-0,0
2020-03-02,-1,6.91752897688394,-6.9627
2020-03-03,0,-0,0
2020-03-04,0,-0,0
2020-03-05,0,-0,0
2020-03-06,0,-0,0
2020-03-09,0,-0,0
2020-03-10,0,-0,0
2020-03-11,0,-0,0
2020-03-12,0,-0,0
2020-03-13,0,-0,0
2020-03-16,0,-0,0
2020-03-17,0,-0,0
2020-03-18,0,-0,0
2020-03-19,-1,7.09422138783195,-7.1575
2020-03-20,-1,7.06554483480782,-7.1281
2020-03-23,-1,7.07403739475218,-7.1212
2020-03-24,0,-0,0
2020-03-25,0,-0,0
2020-03-26,0,-0,0
2020-03-27,0,-0,0
2020-03-30,0,-0,0
2020-03-31,0,-0,0
2020-04-01,0,-0,0
2020-04-02,0,-0,0
2020-04-03,0,-0,0
2020-04-06,0,-0,0
2020-04-07,0,-0,0
2020-04-08,0,-0,0
2020-04-09,0,-0,0
2020-04-10,0,-0,0
2020-04-13,0,-0,0
2020-04-14,0,-0,0
2020-04-15,0,-0,0
2020-04-16,0,-0,0
2020-04-17,0,-0,0
2020-04-20,0,-0,0
2020-04-21,0,-0,0
2020-04-22,0,-0,0
2020-04-23,0,-0,0
2020-04-24,0,-0,0
2020-04-27,0,-0,0
2020-04-28,0,-0,0
2020-04-29,0,-0,0
2020-04-30,-1,7.03617705872964,-7.0808
2020-05-01,-1,7.07949294045002,-7.1372
2020-05-04,-1,7.07435202945465,-7.1304
2020-05-05,0,-0,0
2020-05-06,0,-0,0
2020-05-07,0,-0,0
2020-05-08,0,-0,0
2020-05-11,0,-0,0
2020-05-12,0,-0,0
2020-05-13,0,-0,0
2020-05-14,0,-0,0
2020-05-15,0,-0,0
2020-05-18,0,-0,0
2020-05-19,0,-0,0
2020-05-20,0,-0,0
2020-05-21,0,-0,0
2020-05-22,0,-0,0
2020-05-25,0,-0,0
2020-05-26,0,-0,0
2020-05-27,0,-0,0
2020-05-28,0,-0,0
2020-05-29,0,-0,0
2020-06-01,0,-0,0
2020-06-02,0,-0,0
2020-06-03,0,-0,0
2020-06-04,0,-0,0
2020-06-05,0,-0,0
2020-06-08,0,-0,0
2020-06-09,0,-0,0
2020-06-10,0,-0,0
2020-06-11,0,-0,0
2020-06-12,0,-0,0
2020-06-15,0,-0,0
2020-06-16,0,-0,0
2020-06-17,0,-0,0
2020-06-18,0,-0,0
2020-06-19,0,-0,0
2020-06-22,0,-0,0
2020-06-23,0,-0,0
2020-06-24,0,-0,0
2020-06-25,0,-0,0
2020-06-26,0,-0,0
2020-06-29,0,-0,0
2020-06-30,0,-0,0
2020-07-01,0,-0,0
2020-07-02,0,-0,0
2020-07-03,0,-0,0
2020-07-06,1,-7.02849193216014,7.0127
2020-07-07,1,-7.04027715329517,7.0238
2020-07-08,1,-7.01881277531614,6.9986
2020-07-09,0,-0,0
2020-07-10,0,-0,0
2020-07-13,0,-0,0
2020-07-14,0,-0,0
2020-07-15,1,-7.00414660765744,6.982
2020-07-16,0,-0,0
2020-07-17,0,-0,0
2020-07-20,0,-0,0
2020-07-21,0,-0,0
2020-07-22,0,-0,0
2020-07-23,0,-0,0
2020-07-24,0,-0,0
2020-07-27,0,-0,0
2020-07-28,0,-0,0
2020-07-29,0,-0,0
2020-07-30,0,-0,0
2020-07-31,0,-0,0
2020-08-03,0,-0,0
2020-08-04,0,-0,0
2020-08-05,1,-6.96682814470938,6.9421
2020-08-06,1,-6.96131727496575,6.9425
2020-08-07,0,-0,0
2020-08-10,0,-0,0
2020-08-11,0,-0,0
2020-08-12,0,-0,0
2020-08-13,0,-0,0
2020-08-14,0,-0,0
2020-08-17,0,-0,0
2020-08-18,0,-0,0
2020-08-19,0,-0,0
2020-08-20,0,-0,0
2020-08-21,0,-0,0
2020-08-24,0,-0,0
2020-08-25,0,-0,0
2020-08-26,0,-0,0
2020-08-27,0,-0,0
2020-08-28,0,-0,0
2020-08-31,1,-6.8674393234707,6.8477
2020-09-01,1,-6.85434416547966,6.8366
2020-09-02,0,-0,0
2020-09-03,0,-0,0
2020-09-04,0,-0,0
2020-09-07,0,-0,0
2020-09-08,0,-0,0
2020-09-09,0,-0,0
2020-09-10,0,-0,0
2020-09-11,0,-0,0
